{"type":"FeatureCollection","features":[{"type":"Feature","properties":{"NAME":"Luxembourg"},"geometry":{"type":"MultiPolygon","coordinates":[[[[5.8,49.5],[5.9,49.7],[5.7,49.8],[5.7,49.9],[5.8,50.0],[5.9,50.1],[6.0,50.1],[6.1,50.1],[6.1,50.0],[6.3,49.8],[6.5,49.8],[6.5,49.7],[6.4,49.6],[6.4,49.4],[6.4,49.5],[6.1,49.5],[5.8,49.5]]]]}},{"type":"Feature","properties":{"NAME":"Imperial Japan"},"geometry":{"type":"MultiPolygon","coordinates":[[[[146.8,43.8],[146.7,43.7],[146.6,43.7],[146.6,43.8],[146.8,43.9],[146.9,43.9],[146.9,43.8],[146.8,43.8]]],[[[146.5,44.4],[146.6,44.4],[146.5,44.4],[146.3,44.3],[146.2,44.3],[146.1,44.3],[146.1,44.2],[145.9,44.1],[145.8,44.0],[145.8,43.9],[145.7,43.9],[145.6,43.9],[145.6,43.8],[145.6,43.7],[145.5,43.6],[145.5,43.7],[145.4,43.7],[145.4,43.8],[145.5,43.9],[145.6,43.9],[145.6,44.0],[145.7,44.0],[145.7,44.1],[145.8,44.1],[145.9,44.2],[145.9,44.3],[146.0,44.3],[146.1,44.4],[146.1,44.5],[146.2,44.5],[146.3,44.5],[146.3,44.4],[146.4,44.4],[146.5,44.4]]],[[[148.4,45.2],[148.3,45.2],[148.2,45.2],[148.0,45.1],[148.0,45.0],[147.9,45.0],[147.8,45.0],[147.8,44.9],[147.7,44.9],[147.7,45.0],[147.6,45.0],[147.6,44.9],[147.5,44.8],[147.3,44.7],[147.3,44.6],[147.2,44.6],[147.2,44.5],[147.1,44.5],[147.0,44.5],[147.0,44.4],[146.9,44.4],[146.8,44.4],[146.8,44.5],[146.9,44.6],[147.0,44.6],[147.1,44.6],[147.1,44.7],[147.2,44.7],[147.1,44.7],[147.1,44.8],[147.2,44.8],[147.3,44.9],[147.4,44.9],[147.5,45.0],[147.6,45.1],[147.7,45.1],[147.7,45.2],[147.8,45.2],[147.9,45.2],[147.9,45.3],[147.9,45.4],[148.0,45.4],[148.0,45.3],[148.1,45.2],[148.3,45.3],[148.4,45.3],[148.5,45.4],[148.6,45.5],[148.7,45.5],[148.8,45.5],[148.9,45.5],[148.8,45.4],[148.8,45.3],[148.7,45.3],[148.6,45.3],[148.5,45.3],[148.4,45.2]]],[[[149.4,45.6],[149.5,45.6],[149.5,45.7],[149.6,45.8],[149.7,45.8],[149.7,45.9],[149.9,45.9],[149.9,46.0],[150.0,46.0],[150.0,46.1],[150.1,46.1],[150.3,46.2],[150.4,46.2],[150.5,46.2],[150.4,46.1],[150.3,46.1],[150.3,46.0],[150.2,46.0],[150.2,45.9],[150.1,45.8],[150.0,45.8],[149.9,45.8],[149.8,45.7],[149.7,45.6],[149.5,45.6],[149.4,45.6]]],[[[150.8,46.4],[150.8,46.5],[150.9,46.5],[150.9,46.4],[150.8,46.4]]],[[[150.7,46.7],[150.8,46.7],[150.7,46.7]]],[[[152.5,47.4],[152.5,47.3],[152.4,47.3],[152.4,47.4],[152.5,47.4]]],[[[153.1,47.8],[153.1,47.7],[153.0,47.7],[153.0,47.8],[153.1,47.8]]],[[[153.2,48.1],[153.3,48.1],[153.3,48.0],[153.2,48.1],[153.2,48.0],[153.2,48.1],[153.1,48.1],[153.2,48.1]]],[[[154.2,48.9],[154.2,48.8],[154.1,48.7],[154.0,48.7],[154.0,48.8],[154.1,48.9],[154.2,48.9]]],[[[154.0,48.9],[153.9,48.9],[153.9,49.0],[154.0,49.0],[154.0,48.9]]],[[[154.5,49.1],[154.4,49.2],[154.5,49.2],[154.6,49.2],[154.6,49.1],[154.5,49.1]]],[[[154.8,49.6],[154.9,49.6],[154.9,49.5],[154.8,49.5],[154.8,49.4],[154.8,49.3],[154.7,49.3],[154.6,49.3],[154.6,49.4],[154.7,49.5],[154.8,49.6],[154.7,49.6],[154.8,49.6]]],[[[154.5,49.8],[154.4,49.7],[154.4,49.8],[154.5,49.8]]],[[[152.0,46.9],[151.8,46.8],[151.7,46.8],[151.7,46.9],[151.8,46.9],[151.9,46.9],[152.0,47.0],[152.1,47.0],[152.1,47.1],[152.2,47.1],[152.2,47.2],[152.2,47.1],[152.3,47.2],[152.3,47.1],[152.2,47.1],[152.1,47.0],[152.0,46.9]]],[[[155.4,50.1],[155.3,50.1],[155.2,50.1],[155.2,50.2],[155.2,50.3],[155.4,50.4],[155.5,50.4],[155.6,50.4],[155.7,50.4],[155.8,50.5],[155.9,50.6],[155.9,50.7],[156.0,50.7],[156.0,50.8],[156.1,50.8],[156.1,50.7],[156.2,50.5],[156.1,50.5],[155.9,50.3],[155.8,50.2],[155.7,50.2],[155.6,50.2],[155.5,50.1],[155.4,50.1]]],[[[156.2,50.8],[156.3,50.9],[156.4,50.9],[156.5,50.9],[156.5,50.8],[156.5,50.7],[156.4,50.7],[156.4,50.6],[156.3,50.6],[156.2,50.7],[156.2,50.8]]],[[[155.5,50.9],[155.6,50.9],[155.7,50.9],[155.7,50.8],[155.6,50.8],[155.5,50.8],[155.5,50.9],[155.4,50.9],[155.5,50.9]]],[[[137.3,37.4],[137.3,37.3],[137.1,37.1],[137.0,37.0],[137.0,36.8],[137.0,36.7],[137.2,36.6],[137.3,36.7],[137.5,36.9],[137.6,36.9],[138.3,37.2],[138.5,37.3],[138.7,37.4],[138.9,37.7],[139.2,37.9],[139.4,38.1],[139.4,38.2],[139.5,38.4],[139.7,38.7],[139.9,39.0],[140.0,39.2],[140.0,39.5],[140.0,39.7],[139.9,39.8],[139.8,39.9],[139.9,40.0],[140.0,40.1],[139.9,40.6],[140.2,40.7],[140.2,40.8],[140.4,41.0],[140.5,41.0],[140.6,40.8],[140.7,40.7],[140.8,40.7],[141.2,40.9],[141.1,41.1],[140.9,41.1],[140.8,41.3],[141.1,41.4],[141.3,41.4],[141.4,41.3],[141.4,41.2],[141.4,40.8],[141.5,40.5],[141.6,40.5],[141.7,40.3],[142.0,39.7],[142.0,39.4],[141.9,39.1],[141.6,38.8],[141.5,38.6],[141.5,38.4],[141.4,38.4],[141.1,38.3],[141.0,38.2],[141.0,38.1],[140.9,37.9],[140.9,37.7],[140.9,37.6],[141.0,37.3],[141.0,37.0],[140.7,36.6],[140.5,36.3],[140.6,36.0],[140.6,35.8],[140.8,35.7],[140.6,35.5],[140.5,35.5],[140.4,35.4],[140.3,35.0],[139.8,34.8],[139.8,35.0],[139.9,35.3],[140.0,35.5],[139.9,35.6],[139.7,35.4],[139.4,35.2],[139.2,35.2],[139.1,35.0],[139.0,34.7],[138.9,34.6],[138.8,34.6],[138.7,34.6],[138.8,34.9],[138.7,35.0],[138.6,35.0],[138.5,34.9],[138.3,34.8],[138.1,34.5],[137.8,34.6],[137.5,34.5],[137.2,34.5],[137.0,34.7],[136.7,34.9],[136.6,34.8],[136.6,34.7],[136.5,34.5],[136.7,34.4],[136.9,34.3],[136.8,34.2],[136.4,34.1],[136.2,34.0],[136.0,33.7],[135.8,33.3],[135.4,33.5],[135.2,33.6],[135.1,33.7],[135.1,33.8],[135.0,34.1],[135.0,34.2],[135.2,34.4],[135.3,34.5],[135.3,34.6],[135.2,34.6],[134.9,34.5],[134.8,34.6],[134.4,34.6],[134.2,34.6],[134.0,34.5],[133.8,34.4],[133.7,34.4],[133.6,34.4],[132.8,34.3],[132.5,34.1],[132.4,34.3],[132.2,34.3],[132.0,34.1],[132.0,33.8],[131.7,33.9],[131.4,33.9],[130.9,33.9],[130.8,34.0],[130.8,34.1],[130.9,34.2],[131.1,34.2],[131.3,34.3],[131.7,34.5],[132.7,35.4],[132.8,35.4],[133.0,35.4],[133.0,35.3],[133.2,35.3],[133.8,35.4],[134.2,35.5],[134.8,35.5],[135.2,35.6],[135.2,35.4],[135.4,35.3],[135.4,35.4],[135.7,35.5],[135.9,35.6],[135.9,35.8],[136.0,36.0],[136.2,36.2],[136.5,36.5],[136.7,36.7],[136.6,37.2],[136.7,37.3],[136.8,37.3],[137.3,37.4]]],[[[132.5,32.8],[132.4,32.9],[132.3,33.1],[132.1,33.3],[132.4,33.5],[132.6,33.6],[132.8,33.9],[133.0,33.8],[133.2,33.8],[133.5,33.9],[133.6,34.0],[133.8,34.2],[134.0,34.2],[134.2,34.1],[134.5,34.0],[134.6,33.9],[134.6,33.8],[134.5,33.7],[134.4,33.5],[134.0,33.1],[133.9,33.2],[133.7,33.4],[133.5,33.4],[133.2,33.3],[133.2,33.2],[133.0,33.0],[133.0,32.8],[132.9,32.7],[132.7,32.5],[132.6,32.6],[132.5,32.8]]],[[[130.6,31.0],[130.7,31.2],[130.7,31.5],[130.6,31.5],[130.5,31.4],[130.4,31.2],[130.2,31.0],[130.1,31.1],[130.1,31.2],[130.2,31.4],[130.2,31.6],[130.1,32.0],[130.4,32.3],[130.5,32.3],[130.5,32.6],[130.3,32.9],[130.1,32.9],[130.0,32.8],[129.8,32.6],[129.7,32.6],[129.6,32.9],[129.5,33.0],[129.3,33.2],[129.5,33.3],[129.9,33.3],[130.2,33.3],[130.3,33.5],[130.4,33.7],[130.6,33.7],[130.9,33.7],[131.0,33.5],[131.1,33.4],[131.3,33.4],[131.6,33.5],[131.7,33.3],[131.4,33.1],[131.6,33.0],[131.8,32.8],[131.8,32.7],[131.6,32.4],[131.5,32.2],[131.4,32.1],[131.4,31.8],[131.3,31.5],[131.2,31.4],[131.1,31.3],[131.0,31.3],[131.0,31.2],[130.7,30.9],[130.6,30.9],[130.6,31.0]]],[[[140.0,41.5],[140.1,41.8],[140.1,41.9],[139.9,42.0],[139.8,42.1],[139.7,42.5],[140.0,42.7],[140.2,42.7],[140.5,42.9],[140.5,43.1],[140.4,43.2],[140.5,43.3],[140.6,43.3],[140.9,43.1],[141.1,43.1],[141.3,43.2],[141.3,43.7],[141.5,43.8],[141.7,43.9],[141.7,44.2],[141.7,44.6],[141.6,45.0],[141.5,45.2],[141.6,45.3],[141.9,45.4],[142.1,45.2],[142.5,44.8],[143.0,44.5],[143.5,44.2],[143.8,44.0],[144.0,44.0],[144.5,43.9],[144.6,43.8],[144.8,43.9],[145.1,44.2],[145.3,44.2],[145.2,44.0],[145.1,43.8],[145.1,43.6],[145.4,43.3],[145.4,43.2],[145.2,43.0],[145.0,42.9],[144.8,42.9],[144.6,42.9],[144.4,42.9],[144.2,42.9],[144.0,42.9],[143.8,42.8],[143.5,42.4],[143.3,42.2],[143.2,41.9],[143.0,42.0],[142.8,42.1],[141.9,42.5],[141.7,42.5],[141.4,42.5],[140.9,42.3],[140.9,42.4],[140.7,42.6],[140.5,42.5],[140.4,42.5],[140.2,42.4],[140.2,42.2],[140.8,42.0],[141.0,41.9],[141.2,41.7],[141.0,41.7],[140.8,41.6],[140.7,41.7],[140.6,41.7],[140.4,41.5],[140.3,41.3],[140.1,41.3],[140.0,41.4],[140.0,41.5]]],[[[146.2,43.5],[146.1,43.5],[146.2,43.5]]]]}},{"type":"Feature","properties":{"NAME":"Bhutan"},"geometry":{"type":"MultiPolygon","coordinates":[[[[89.6,28.1],[89.8,28.2],[89.9,28.3],[90,28.3],[90,28.1],[91.2,28.0],[91.3,28.0],[91.5,27.9],[91.6,27.6],[91.6,27.5],[91.7,27.3],[91.9,27.3],[92.0,27.2],[92.0,27.1],[91.9,26.8],[91.6,26.8],[91.2,26.8],[90,26.8],[90,26.7],[89.8,26.7],[89.4,26.8],[89.2,26.8],[88.9,26.9],[88.8,27.1],[88.8,27.2],[89.4,27.9],[89.6,28.1]]]]}},{"type":"Feature","properties":{"NAME":"Spain"},"geometry":{"type":"MultiPolygon","coordinates":[[[[-66.9,17.9],[-67.2,18.0],[-67.2,18.1],[-67.2,18.3],[-67.2,18.4],[-67.2,18.5],[-67.1,18.5],[-66.8,18.5],[-66.6,18.5],[-66.0,18.5],[-65.8,18.4],[-65.7,18.3],[-65.8,18.2],[-65.8,18.1],[-66.0,18.0],[-66.1,18.0],[-66.5,18.0],[-66.7,18.0],[-66.9,17.9]]],[[[-82.2,22.4],[-82.0,22.4],[-81.7,22.5],[-81.7,22.6],[-81.9,22.7],[-82.0,22.7],[-82.3,22.7],[-82.6,22.7],[-82.9,22.6],[-83.4,22.2],[-83.6,22.2],[-83.9,22.2],[-84.0,22.0],[-84.2,21.8],[-84.4,21.8],[-84.7,21.8],[-84.6,21.9],[-84.4,22.1],[-84.4,22.3],[-84.3,22.5],[-83.7,22.8],[-83.0,23.0],[-82.4,23.1],[-82.1,23.1],[-81.7,23.1],[-81.4,23.1],[-81.1,23.1],[-80.7,23.0],[-80.4,22.9],[-80.2,22.9],[-80.0,22.9],[-79.8,22.8],[-79.5,22.5],[-79.3,22.4],[-79.1,22.3],[-78.7,22.3],[-78.2,22.1],[-77.7,21.9],[-77.5,21.8],[-77.3,21.5],[-77.2,21.4],[-77.0,21.4],[-76.2,21.2],[-75.8,21.1],[-75.6,21.0],[-75.8,20.8],[-75.7,20.7],[-75.4,20.7],[-75.1,20.7],[-74.8,20.6],[-74.6,20.4],[-74.3,20.3],[-74.2,20.2],[-74.3,20.2],[-74.7,20.1],[-75.2,19.9],[-75.5,19.9],[-76.0,20.0],[-76.4,20.0],[-76.8,19.9],[-77.2,19.9],[-77.5,19.9],[-77.7,19.9],[-77.5,20.1],[-77.2,20.4],[-77.1,20.5],[-77.2,20.6],[-77.3,20.7],[-77.6,20.8],[-77.9,20.8],[-78.2,20.8],[-78.5,21.0],[-78.5,21.3],[-78.6,21.5],[-78.7,21.6],[-78.9,21.6],[-79.4,21.6],[-79.7,21.7],[-80.0,21.8],[-80.4,22.0],[-80.8,22.1],[-81.1,22.1],[-81.6,22.2],[-81.8,22.2],[-82.2,22.4]]]]}},{"type":"Feature","properties":{"NAME":"Haiti"},"geometry":{"type":"MultiPolygon","coordinates":[[[[-71.8,19.8],[-71.8,19.5],[-71.7,19.0],[-71.7,18.9],[-71.9,18.7],[-71.9,18.6],[-71.7,18.0],[-72.0,18.3],[-72.2,18.3],[-72.5,18.2],[-72.9,18.2],[-73.2,18.3],[-73.5,18.3],[-73.7,18.3],[-73.9,18.1],[-74.4,18.4],[-74.4,18.5],[-74.4,18.6],[-74.3,18.7],[-73.8,18.7],[-73.5,18.6],[-73.0,18.5],[-72.7,18.5],[-72.5,18.6],[-72.3,18.7],[-72.4,18.7],[-72.7,18.9],[-72.8,19.1],[-72.7,19.4],[-72.8,19.5],[-72.9,19.6],[-73.4,19.7],[-73.5,19.8],[-73.4,19.9],[-73.3,19.9],[-72.9,19.9],[-72.6,19.9],[-72.1,19.8],[-71.8,19.7],[-71.8,19.8]]]]}},{"type":"Feature","properties":{"NAME":"Dominican Republic"},"geometry":{"type":"MultiPolygon","coordinates":[[[[-71.7,18.0],[-71.9,18.6],[-71.9,18.7],[-71.7,18.9],[-71.7,19.0],[-71.8,19.5],[-71.8,19.8],[-71.6,19.9],[-71.4,19.8],[-71.2,19.8],[-71.0,19.9],[-70.9,19.9],[-70.8,19.8],[-70.7,19.8],[-70.3,19.7],[-70.0,19.7],[-69.9,19.5],[-69.7,19.4],[-69.5,19.2],[-69.4,19.2],[-69.1,19.1],[-68.7,18.9],[-68.5,18.7],[-68.4,18.6],[-68.5,18.5],[-68.5,18.4],[-68.7,18.2],[-68.8,18.2],[-69.0,18.5],[-69.2,18.5],[-69.5,18.5],[-69.6,18.5],[-69.8,18.5],[-70.0,18.5],[-70.3,18.3],[-70.5,18.3],[-70.6,18.5],[-70.7,18.5],[-70.8,18.5],[-71.1,18.3],[-71.2,18.0],[-71.4,17.7],[-71.5,17.8],[-71.7,18.0]]]]}},{"type":"Feature","properties":{"NAME":"Philippines"},"geometry":{"type":"MultiPolygon","coordinates":[[[[120.4,14.5],[120.3,14.6],[120.0,14.9],[119.8,15.5],[119.8,15.7],[119.8,16.0],[119.7,16.2],[119.8,16.4],[120.2,16.0],[120.3,16.2],[120.3,16.4],[120.3,16.6],[120.2,16.9],[120.3,17.1],[120.3,17.4],[120.4,17.8],[120.4,18.0],[120.6,18.4],[120.6,18.5],[120.8,18.6],[121.0,18.5],[121.6,18.3],[121.8,18.3],[121.9,18.4],[122.0,18.4],[122.1,18.4],[122.1,18.2],[122.0,18.0],[122.0,17.8],[122.1,17.4],[122.3,17.3],[122.4,17.1],[122.2,16.5],[122.1,16.3],[121.7,16.1],[121.4,15.9],[121.4,15.8],[121.4,15.5],[121.2,15.3],[121.3,15.2],[121.5,14.9],[121.6,14.4],[121.7,14.1],[121.8,14.1],[122.0,13.9],[122.1,13.9],[122.2,14.1],[122.4,14.3],[122.5,14.3],[122.7,14.3],[122.8,14.2],[122.9,13.9],[123.0,13.7],[123.1,13.7],[123.4,14.0],[123.6,13.8],[123.7,13.8],[123.7,13.7],[123.5,13.6],[123.4,13.5],[123.8,13.0],[123.7,12.9],[123.4,13.0],[123.2,13.0],[123.2,13.2],[123.1,13.4],[122.8,13.6],[122.5,13.9],[122.4,13.9],[122.3,13.8],[122.5,13.4],[122.4,13.3],[122.1,13.7],[121.6,13.9],[121.5,13.9],[121.3,13.8],[121.2,13.7],[121.0,13.7],[120.9,13.8],[120.6,13.9],[120.5,14.1],[120.8,14.4],[120.9,14.3],[121.1,14.3],[121.3,14.3],[121.2,14.4],[120.9,14.6],[120.7,14.7],[120.5,14.8],[120.4,14.5]]],[[[121.1,12.2],[120.9,12.4],[120.7,12.5],[120.7,12.7],[120.5,13.2],[120.3,13.4],[120.6,13.4],[121.0,13.4],[121.2,13.3],[121.3,13.1],[121.3,12.7],[121.3,12.5],[121.2,12.4],[121.1,12.2]]],[[[125.3,11.1],[125.1,11.2],[125.0,11.4],[124.9,11.4],[124.9,11.5],[124.9,11.6],[124.9,11.8],[124.6,12.0],[124.3,12.2],[124.3,12.4],[124.5,12.5],[125.0,12.5],[125.1,12.5],[125.2,12.3],[125.3,11.9],[125.3,11.6],[125.4,11.2],[125.4,11.1],[125.3,11.1]]],[[[121.9,10.5],[121.9,10.6],[122.0,11.2],[122.0,11.8],[122.2,11.6],[122.5,11.5],[122.6,11.4],[122.9,11.5],[122.9,11.3],[122.9,11.2],[122.8,11.0],[122.7,10.9],[122.3,10.6],[121.9,10.5]]],[[[118.9,10.0],[118.7,10.0],[118.8,10.2],[119.0,10.4],[119.1,10.6],[119.1,10.9],[119.2,11.1],[119.4,11.2],[119.4,11.1],[119.3,11.0],[119.5,10.8],[119.6,10.5],[119.5,10.5],[119.2,10.3],[119.0,10.1],[118.9,10.0]]],[[[122.9,9.0],[122.8,9.2],[122.4,9.5],[122.3,9.6],[122.3,9.8],[122.6,9.9],[122.7,10.0],[122.9,10.9],[123.1,10.9],[123.2,10.9],[123.3,10.9],[123.3,10.7],[123.1,10.3],[123.1,10.2],[123.0,9.6],[123.0,9.5],[123.1,9.3],[123.0,9.1],[122.9,9.0]]],[[[117.3,8.5],[117.1,8.5],[117.2,8.7],[117.4,8.9],[117.5,9.0],[117.8,9.2],[118.1,9.4],[118.5,9.9],[118.6,9.7],[118.5,9.5],[118.4,9.3],[118.3,9.3],[118.0,9.2],[118.0,9.1],[117.9,8.8],[117.7,8.7],[117.4,8.6],[117.3,8.5]]],[[[126.0,6.6],[126.0,6.7],[125.9,6.8],[125.7,7.2],[125.6,7.2],[125.4,7.0],[125.3,6.6],[125.4,6.4],[125.5,6.2],[125.5,5.9],[125.5,5.7],[125.3,5.5],[125.2,5.6],[125.1,5.7],[125.2,5.9],[125.1,6.1],[125.0,6.1],[124.8,5.8],[124.7,5.8],[124.2,6.1],[124.0,6.3],[123.9,6.6],[123.9,6.9],[124.1,7.3],[124.0,7.5],[123.8,7.7],[123.5,7.8],[123.3,7.8],[123.3,7.7],[123.2,7.6],[123.0,7.5],[122.7,7.5],[122.7,7.7],[122.6,7.8],[122.5,7.7],[122.2,7.3],[122.0,6.9],[121.9,6.9],[121.8,7.0],[121.8,7.1],[121.8,7.2],[122.0,7.5],[122.1,7.8],[122.2,7.9],[122.4,8.0],[122.6,8.0],[122.7,8.1],[122.8,8.3],[122.9,8.3],[123.1,8.5],[123.5,8.5],[123.6,8.3],[123.7,8.0],[123.8,8.1],[124.0,8.1],[124.1,8.2],[124.2,8.4],[124.4,8.6],[124.6,8.5],[124.7,8.4],[124.7,8.9],[124.9,8.9],[125.0,8.7],[125.1,8.9],[125.2,9.0],[125.4,9.0],[125.5,9.1],[125.4,9.4],[125.4,9.6],[125.4,9.8],[125.6,9.5],[125.9,9.2],[126.0,9.0],[126.1,8.8],[125.9,8.5],[126.0,8.4],[126.3,8.4],[126.3,8.2],[126.3,8.0],[126.3,7.7],[126.4,7.5],[126.4,7.3],[126.3,7.1],[126.2,6.9],[126.0,6.6]]]]}},{"type":"Feature","properties":{"NAME":"United Kingdom of Great Britain and Ireland"},"geometry":{"type":"MultiPolygon","coordinates":[[[[-61.4,12.6],[-61.5,12.6],[-61.4,12.6]]],[[[-61.2,13.0],[-61.3,13.0],[-61.2,13.0]]],[[[-61.2,13.2],[-61.3,13.2],[-61.3,13.3],[-61.2,13.4],[-61.1,13.4],[-61.1,13.3],[-61.1,13.2],[-61.2,13.1],[-61.2,13.2]]],[[[-61.0,13.7],[-61.0,13.8],[-61.1,13.8],[-61.1,13.9],[-61.0,14.0],[-60.9,14.1],[-60.9,14.0],[-60.9,13.9],[-60.9,13.8],[-60.9,13.7],[-61.0,13.7]]],[[[-61.8,12],[-61.7,12.2],[-61.6,12.2],[-61.6,12.1],[-61.6,12.0],[-61.7,12.0],[-61.8,12.0]]],[[[-61.5,12.4],[-61.5,12.5],[-61.4,12.5],[-61.5,12.4]]],[[[-73.1,21.0],[-73.2,21.0],[-73.3,20.9],[-73.5,20.9],[-73.6,20.9],[-73.7,20.9],[-73.7,21.0],[-73.7,21.1],[-73.6,21.1],[-73.5,21.2],[-73.4,21.2],[-73.3,21.2],[-73.3,21.1],[-73.2,21.2],[-73.1,21.2],[-73.1,21.3],[-73.0,21.3],[-73.0,21.2],[-73.0,21.1],[-73.1,21.0]]],[[[-72.9,21.5],[-73.0,21.5],[-73.0,21.4],[-73.1,21.5],[-73.0,21.5],[-72.9,21.5]]],[[[-72.7,22.3],[-72.8,22.3],[-72.9,22.3],[-72.9,22.4],[-73.0,22.4],[-73.0,22.3],[-73.1,22.3],[-73.2,22.4],[-73.1,22.4],[-73.0,22.4],[-72.8,22.4],[-72.7,22.3]]],[[[-73.5,22.6],[-73.6,22.6],[-73.5,22.6]]],[[[-74.4,22.5],[-74.4,22.6],[-74.3,22.7],[-74.3,22.6],[-74.4,22.5]]],[[[-73.9,22.5],[-74.0,22.3],[-74.1,22.3],[-74.2,22.3],[-74.2,22.2],[-74.3,22.2],[-74.2,22.3],[-74.0,22.4],[-73.9,22.5],[-73.9,22.6],[-74.0,22.6],[-74.0,22.7],[-73.9,22.7],[-73.8,22.7],[-73.8,22.6],[-73.9,22.5]]],[[[-74.2,22.7],[-74.3,22.7],[-74.3,22.8],[-74.2,22.8],[-74.0,22.7],[-74.1,22.7],[-74.2,22.7]]],[[[-73.8,23.1],[-73.7,23.1],[-73.8,23.1]]],[[[-75.5,23.4],[-75.6,23.4],[-75.7,23.5],[-75.6,23.5],[-75.6,23.4],[-75.5,23.4]]],[[[-75.0,23.1],[-74.9,23.1],[-74.9,23.0],[-74.8,23],[-74.8,22.9],[-74.9,22.9],[-74.9,23.0],[-75.0,23.1],[-75.1,23.1],[-75.2,23.1],[-75.2,23.2],[-75.1,23.2],[-75.1,23.1],[-75.1,23.2],[-75.1,23.3],[-75.1,23.4],[-75.2,23.4],[-75.3,23.5],[-75.3,23.6],[-75.3,23.7],[-75.3,23.6],[-75.1,23.3],[-75.1,23.2],[-75.1,23.1],[-75.0,23.1]]],[[[-75.8,23.5],[-75.9,23.6],[-76.0,23.6],[-76.0,23.7],[-75.9,23.6],[-75.8,23.5]]],[[[-74.8,23.6],[-74.8,23.7],[-74.9,23.7],[-74.8,23.7],[-74.8,23.6]]],[[[-76.3,24.0],[-76.4,24.1],[-76.3,24.0]]],[[[-74.5,24.0],[-74.5,24.1],[-74.4,24.1],[-74.4,24.0],[-74.5,24.0]]],[[[-78.0,24.1],[-78.0,24.2],[-77.9,24.3],[-77.8,24.3],[-77.8,24.2],[-77.9,24.2],[-77.9,24.1],[-78.0,24.1]]],[[[-78.0,24.2],[-78.0,24.3],[-77.9,24.3],[-77.9,24.2],[-78.0,24.2]]],[[[-76.5,24.2],[-76.5,24.3],[-76.5,24.2]]],[[[-77.7,24.0],[-77.7,24.1],[-77.6,24.2],[-77.6,24.1],[-77.5,24.1],[-77.5,23.9],[-77.5,23.8],[-77.6,23.8],[-77.6,23.7],[-77.8,23.7],[-77.7,23.8],[-77.6,23.8],[-77.7,23.8],[-77.8,23.9],[-77.9,24.1],[-77.9,24.2],[-77.7,24.3],[-77.6,24.3],[-77.6,24.2],[-77.7,24.2],[-77.8,24.1],[-77.7,24.0]]],[[[-77.8,24.3],[-77.8,24.4],[-77.7,24.4],[-77.7,24.3],[-77.8,24.3]]],[[[-75.3,24.1],[-75.3,24.2],[-75.4,24.2],[-75.4,24.1],[-75.5,24.1],[-75.5,24.2],[-75.5,24.3],[-75.5,24.4],[-75.6,24.5],[-75.6,24.6],[-75.7,24.6],[-75.8,24.7],[-75.7,24.7],[-75.6,24.7],[-75.6,24.6],[-75.6,24.5],[-75.5,24.4],[-75.4,24.3],[-75.3,24.2],[-75.3,24.1]]],[[[-77.5,25.0],[-77.6,25.0],[-77.5,25.1],[-77.4,25.1],[-77.3,25.1],[-77.3,25.0],[-77.4,25.0],[-77.5,25.0]]],[[[-78.0,25.2],[-78.0,25.1],[-77.9,25.0],[-77.9,24.9],[-77.9,24.8],[-77.8,24.8],[-77.8,24.7],[-77.7,24.6],[-77.7,24.5],[-77.8,24.4],[-77.9,24.4],[-78.0,24.3],[-78.1,24.3],[-78.1,24.4],[-78.2,24.5],[-78.3,24.5],[-78.4,24.5],[-78.4,24.6],[-78.3,24.7],[-78.3,24.6],[-78.2,24.6],[-78.3,24.7],[-78.3,24.8],[-78.2,24.8],[-78.2,24.9],[-78.2,25.0],[-78.2,25.1],[-78.2,25.2],[-78.0,25.2]]],[[[-76.3,25.3],[-76.1,25.1],[-76.1,24.8],[-76.2,24.7],[-76.3,24.8],[-76.2,24.9],[-76.1,25.0],[-76.1,25.1],[-76.2,25.1],[-76.2,25.2],[-76.3,25.2],[-76.3,25.3],[-76.4,25.3],[-76.5,25.4],[-76.6,25.4],[-76.7,25.4],[-76.7,25.6],[-76.7,25.5],[-76.5,25.4],[-76.4,25.3],[-76.3,25.3]]],[[[-77.8,25.7],[-77.9,25.8],[-77.8,25.7]]],[[[-77.6,26.3],[-77.5,26.3],[-77.6,26.3]]],[[[-77.9,26.6],[-78.0,26.7],[-78.2,26.6],[-78.3,26.6],[-78.4,26.6],[-78.5,26.6],[-78.6,26.5],[-78.7,26.5],[-78.8,26.5],[-79.0,26.7],[-78.9,26.6],[-78.8,26.6],[-78.7,26.6],[-78.6,26.7],[-78.5,26.7],[-78.4,26.7],[-78.3,26.7],[-78.2,26.7],[-78.1,26.7],[-78.0,26.7],[-77.9,26.8],[-77.9,26.7],[-77.9,26.6]]],[[[-77.7,26.9],[-77.6,26.9],[-77.5,26.9],[-77.5,26.8],[-77.4,26.8],[-77.3,26.7],[-77.3,26.6],[-77.2,26.6],[-77.1,26.5],[-77.0,26.5],[-77.0,26.4],[-77.1,26.3],[-77.2,26.3],[-77.2,26.2],[-77.2,26.1],[-77.2,26.0],[-77.2,25.9],[-77.3,25.9],[-77.3,26.0],[-77.4,26.0],[-77.3,26.1],[-77.2,26.1],[-77.2,26.2],[-77.2,26.4],[-77.2,26.5],[-77.1,26.5],[-77.2,26.6],[-77.3,26.6],[-77.5,26.8],[-77.5,26.9],[-77.6,26.9],[-77.7,26.9],[-77.8,26.9],[-77.9,26.9],[-78.0,26.9],[-77.9,26.9],[-77.8,26.9],[-77.7,26.9]]],[[[-71.2,21.4],[-71.2,21.5],[-71.1,21.5],[-71.1,21.4],[-71.2,21.4]]],[[[-72.5,21.6],[-72.5,21.7],[-72.4,21.7],[-72.4,21.6],[-72.5,21.6]]],[[[-71.6,21.8],[-71.6,21.7],[-71.7,21.7],[-71.7,21.8],[-71.8,21.8],[-71.9,21.8],[-71.8,21.9],[-71.7,21.8],[-71.6,21.8]]],[[[-72.3,21.7],[-72.3,21.8],[-72.3,21.9],[-72.3,21.8],[-72.2,21.8],[-72.3,21.8],[-72.3,21.7]]],[[[-71.9,21.8],[-72.0,21.9],[-72.0,22.0],[-71.9,22.0],[-71.9,21.9],[-71.9,21.8]]],[[[-77.7,17.9],[-77.8,18.1],[-78.1,18.2],[-78.3,18.3],[-78.3,18.4],[-78.1,18.5],[-77.8,18.5],[-77.2,18.4],[-76.7,18.2],[-76.4,18.1],[-76.3,18.0],[-76.3,17.9],[-76.5,17.9],[-76.8,18.0],[-77.1,18.0],[-77.2,17.9],[-77.3,17.8],[-77.4,17.8],[-77.7,17.9]]],[[[-61.2,10.7],[-61.2,10.6],[-61.2,10.5],[-61.2,10.3],[-61.2,10.1],[-61.4,10.0],[-61.5,10.1],[-61.5,10.0],[-61.8,10.1],[-61.8,10.0],[-61.9,10.1],[-62.0,10.1],[-61.9,10.1],[-61.8,10.2],[-61.7,10.2],[-61.7,10.3],[-61.7,10.4],[-61.7,10.5],[-61.7,10.6],[-61.7,10.7],[-61.9,10.7],[-61.8,10.7],[-61.7,10.7],[-61.6,10.7],[-61.6,10.8],[-61.4,10.8],[-61.2,10.8],[-61.1,10.8],[-61.2,10.7]]],[[[-6.3,53.8],[-6.2,53.4],[-6.0,52.9],[-6.1,52.8],[-6.2,52.6],[-6.3,52.4],[-6.4,52.2],[-6.5,52.2],[-6.6,52.2],[-6.9,52.2],[-7.0,52.1],[-7.4,52.1],[-7.8,52.0],[-7.9,52.0],[-8.2,51.8],[-8.6,51.6],[-8.8,51.6],[-9.2,51.5],[-9.8,51.4],[-9.8,51.6],[-9.8,51.8],[-10.2,51.8],[-10.3,52.0],[-10.0,52.1],[-10.5,52.1],[-10.5,52.2],[-9.9,52.2],[-9.8,52.2],[-9.8,52.3],[-9.7,52.5],[-9.5,52.5],[-9.2,52.6],[-9.1,52.7],[-9.6,52.6],[-9.4,52.8],[-9.5,52.9],[-9.3,53.1],[-9.0,53.1],[-8.9,53.2],[-9.0,53.3],[-9.2,53.2],[-9.3,53.3],[-9.4,53.3],[-9.6,53.3],[-9.8,53.3],[-9.9,53.3],[-10.2,53.4],[-10.0,53.5],[-10.2,53.6],[-9.8,53.6],[-9.9,53.8],[-9.7,53.9],[-9.9,54.0],[-10.2,53.9],[-10.2,54.1],[-10.0,54.3],[-9.9,54.3],[-9.5,54.2],[-9.3,54.3],[-9.1,54.3],[-8.6,54.2],[-8.7,54.4],[-8.3,54.5],[-8.2,54.6],[-8.8,54.6],[-8.8,54.7],[-8.5,54.7],[-8.5,54.9],[-8.3,55.1],[-8.1,55.2],[-7.8,55.3],[-7.4,55.3],[-7.3,55.4],[-7.1,55.3],[-7.0,55.2],[-6.6,55.2],[-6.5,55.2],[-6.3,55.1],[-6.1,55.2],[-6.0,55.1],[-5.8,54.7],[-5.8,54.5],[-5.7,54.3],[-5.7,54.2],[-5.9,54.0],[-6.1,54.0],[-6.2,54.0],[-6.3,53.9],[-6.4,53.9],[-6.3,53.8]]],[[[0.3,53.1],[0.3,53.0],[0.0,52.8],[0.3,52.7],[0.5,52.8],[0.7,52.9],[1.0,52.9],[1.4,52.8],[1.6,52.7],[1.7,52.3],[1.7,52.2],[1.5,52.0],[1.0,51.8],[0.7,51.6],[0.3,51.5],[0.8,51.4],[1.0,51.4],[1.2,51.4],[1.4,51.4],[1.3,51.1],[0.9,51.0],[0.9,50.9],[0.7,50.9],[0.2,50.7],[-0.2,50.8],[-0.3,50.8],[-0.8,50.7],[-1.1,50.8],[-1.4,50.8],[-2.1,50.7],[-2.0,50.6],[-2.4,50.6],[-2.6,50.6],[-3.0,50.7],[-3.1,50.7],[-3.5,50.6],[-3.6,50.4],[-3.7,50.2],[-3.9,50.2],[-4.0,50.3],[-4.2,50.4],[-4.3,50.3],[-4.5,50.4],[-5.0,50.2],[-5.3,50.0],[-5.4,50.1],[-5.8,50.1],[-5.2,50.3],[-5.0,50.6],[-4.8,50.6],[-4.6,50.8],[-4.6,51.0],[-4.4,51.0],[-4.3,51.1],[-4.3,51.2],[-3.8,51.2],[-3.5,51.2],[-3.1,51.2],[-3.0,51.3],[-2.9,51.4],[-2.8,51.6],[-3.2,51.5],[-3.5,51.5],[-4.2,51.7],[-5.0,51.7],[-5.2,51.8],[-5.2,51.9],[-5.1,52.0],[-4.6,52.1],[-4.3,52.2],[-4.1,52.4],[-4.1,52.7],[-4.1,52.8],[-4.5,52.8],[-4.6,52.8],[-4.5,53.0],[-4.3,53.1],[-4.0,53.2],[-3.3,53.2],[-2.9,53.3],[-3.1,53.5],[-3.0,53.8],[-2.9,54.0],[-2.9,54.2],[-3.3,54.1],[-3.5,54.3],[-3.6,54.4],[-3.4,54.6],[-3.2,54.8],[-3.3,54.9],[-3.6,54.9],[-3.9,54.8],[-4.1,54.8],[-4.5,54.9],[-4.5,54.8],[-4.6,54.7],[-4.9,54.7],[-5.1,54.8],[-5.1,54.9],[-4.9,55.1],[-4.6,55.4],[-4.8,55.5],[-4.9,55.7],[-4.9,55.8],[-4.8,55.8],[-4.6,55.9],[-4.7,56.1],[-4.8,56.1],[-5.1,55.9],[-5.3,55.9],[-5.6,55.8],[-5.6,55.9],[-5.5,56.2],[-5.3,56.4],[-5.3,56.5],[-5.5,56.6],[-5.5,56.7],[-5.6,56.5],[-5.8,56.4],[-6.0,56.5],[-5.9,56.7],[-5.7,56.9],[-5.6,57.0],[-5.7,57.3],[-5.6,57.3],[-5.5,57.4],[-5.8,57.6],[-5.6,57.8],[-5.2,57.7],[-5.1,57.8],[-5.3,58.1],[-4.9,58.2],[-5.1,58.4],[-4.9,58.6],[-4.5,58.4],[-4.1,58.4],[-3.8,58.5],[-3.4,58.5],[-3.2,58.5],[-3.0,58.4],[-3.2,58.3],[-3.9,58.0],[-4.2,57.8],[-4.2,57.6],[-4.1,57.6],[-3.8,57.5],[-3.4,57.6],[-3.1,57.6],[-2.9,57.5],[-2.2,57.6],[-1.9,57.4],[-2.1,57.2],[-2.2,57.1],[-2.2,57.0],[-2.4,56.7],[-2.5,56.7],[-2.7,56.5],[-3.0,56.4],[-3.2,56.3],[-2.9,56.3],[-2.7,56.2],[-2.8,56.2],[-2.9,56.1],[-3.2,56.1],[-3.3,56.0],[-3.9,56.0],[-3.7,55.9],[-3.6,55.9],[-3.4,55.8],[-3.2,55.8],[-2.9,55.9],[-2.7,56.0],[-2.5,55.9],[-2.2,55.8],[-1.9,55.6],[-1.7,55.5],[-1.7,55.4],[-1.7,55.3],[-1.6,54.9],[-1.4,54.7],[-1.2,54.6],[-0.9,54.5],[-0.6,54.3],[-0.3,54.0],[-0.2,53.8],[-0.3,53.6],[-0.2,53.5],[0.1,53.4],[0.2,53.3],[0.3,53.1]]],[[[-5.5,55.7],[-5.5,55.4],[-5.6,55.3],[-5.7,55.3],[-5.8,55.5],[-5.7,55.6],[-5.5,55.7]]],[[[-59.5,13.1],[-59.6,13.1],[-59.7,13.3],[-59.6,13.3],[-59.6,13.2],[-59.5,13.2],[-59.4,13.2],[-59.4,13.1],[-59.5,13.1]]]]}},{"type":"Feature","properties":{"NAME":"Nicaragua"},"geometry":{"type":"MultiPolygon","coordinates":[[[[-86.4,11.8],[-86.9,12.3],[-87.3,12.6],[-87.6,12.8],[-87.7,12.9],[-87.7,13.0],[-87.4,13.0],[-87.0,13.1],[-86.8,13.2],[-86.7,13.3],[-86.7,13.8],[-86.3,13.8],[-86.1,14.0],[-85.7,13.9],[-85.2,14.3],[-85.0,14.7],[-84.8,14.8],[-84.7,14.8],[-84.6,14.7],[-84.4,14.6],[-84.2,14.7],[-84.1,14.8],[-83.4,15.0],[-83.3,14.8],[-83.3,14.6],[-83.3,14.4],[-83.4,14.1],[-83.7,13.7],[-83.7,13.4],[-83.7,13.0],[-83.8,12.5],[-83.9,12.1],[-83.9,11.5],[-83.9,11.3],[-83.8,11.0],[-83.7,10.9],[-83.9,10.8],[-84.2,10.8],[-84.3,11.0],[-84.5,11.0],[-84.6,11.0],[-84.9,10.9],[-85.6,11.2],[-85.8,11.1],[-86.0,11.4],[-86.4,11.8]]]]}},{"type":"Feature","properties":{"NAME":"Costa Rica"},"geometry":{"type":"MultiPolygon","coordinates":[[[[-83.4,10.5],[-83.2,10.2],[-83.1,10.1],[-83.0,10.0],[-82.8,9.7],[-82.6,9.6],[-82.6,9.5],[-82.8,9.6],[-82.9,9.5],[-82.9,9.4],[-82.9,9.1],[-82.7,9.0],[-82.9,8.8],[-82.8,8.6],[-83.0,8.4],[-82.9,8.3],[-83.0,8.0],[-83.0,8.3],[-83.1,8.4],[-83.1,8.7],[-83.3,8.7],[-83.4,8.8],[-83.4,8.7],[-83.3,8.5],[-83.2,8.4],[-83.3,8.4],[-83.6,8.5],[-83.7,8.7],[-83.6,8.8],[-83.5,9.0],[-83.6,9.2],[-83.8,9.3],[-84.1,9.4],[-84.2,9.5],[-84.5,9.5],[-84.6,9.7],[-84.6,9.9],[-84.7,10.0],[-84.8,10.0],[-85.1,10.2],[-85.3,10.3],[-85.2,10.1],[-85.1,10.0],[-84.9,10.0],[-84.8,9.8],[-85.1,9.6],[-85.2,9.7],[-85.3,9.8],[-85.6,9.9],[-85.7,10.0],[-85.8,10.1],[-85.8,10.4],[-85.8,10.6],[-85.6,10.7],[-85.6,10.8],[-85.9,10.9],[-85.7,11.0],[-85.7,11.1],[-85.8,11.1],[-85.6,11.2],[-84.9,10.9],[-84.6,11.0],[-84.5,11.0],[-84.3,11.0],[-84.2,10.8],[-83.9,10.8],[-83.7,10.9],[-83.4,10.5]]]]}},{"type":"Feature","properties":{"NAME":"Ceylon"},"geometry":{"type":"MultiPolygon","coordinates":[[[[80.6,5.9],[80.3,6.0],[80.2,6.1],[80.1,6.2],[80.0,6.5],[79.9,7.1],[79.8,7.4],[79.8,7.7],[79.8,8.1],[79.7,8.4],[79.8,8.6],[79.7,8.8],[79.7,8.9],[79.9,8.9],[80.1,9.1],[80.1,9.3],[80.2,9.4],[80.1,9.7],[80.3,9.5],[80.7,9.3],[80.8,9.1],[81.0,8.8],[81.1,8.6],[81.0,8.5],[81.1,8.4],[81.3,8.3],[81.4,7.9],[81.8,7.3],[81.9,7.1],[81.8,6.8],[81.6,6.4],[81.4,6.3],[81.2,6.1],[80.9,6.0],[80.6,5.9]]]]}},{"type":"Feature","properties":{"NAME":"M\u0101ori"},"geometry":{"type":"MultiPolygon","coordinates":[[[[175.3,-37.3],[175.6,-37.4],[175.6,-37.3],[175.5,-37.1],[175.6,-36.9],[175.7,-36.9],[175.8,-37.0],[176.0,-37.4],[176.1,-37.8],[176.3,-37.9],[177.1,-38.2],[177.4,-38.2],[177.5,-38.2],[177.8,-38.0],[178.2,-37.8],[178.4,-37.8],[178.6,-37.9],[178.6,-38.1],[178.6,-38.2],[178.4,-38.8],[178.3,-38.8],[177.9,-38.8],[177.9,-39.1],[177.9,-39.2],[177.7,-39.2],[177.3,-39.2],[177.1,-39.3],[177.0,-39.4],[177.0,-39.6],[177.2,-39.9],[177.2,-40.0],[177.1,-40.0],[176.8,-40.3],[176.4,-40.8],[176.0,-41.3],[175.7,-41.5],[175.4,-41.7],[175.2,-41.6],[175.0,-41.4],[174.9,-41.3],[174.9,-41.2],[175.1,-41.0],[175.2,-40.7],[175.4,-40.5],[175.4,-40.3],[175.2,-40.2],[174.9,-40.0],[174.7,-39.9],[174.4,-39.8],[174.0,-39.6],[173.9,-39.5],[173.8,-39.4],[174.0,-39.3],[174.7,-39.0],[174.7,-38.8],[174.7,-38.4],[174.8,-38.3],[174.9,-38.1],[174.9,-37.9],[174.7,-37.6],[174.8,-37.3],[174.7,-37.2],[174.5,-36.9],[174.2,-36.6],[174.3,-36.5],[174.2,-36.3],[174.1,-36.2],[173.9,-36.1],[173.8,-36.0],[173.8,-36.1],[174.1,-36.4],[174.0,-36.4],[173.9,-36.3],[173.7,-36.0],[173.4,-35.7],[173.2,-35.4],[173.0,-35.3],[173.1,-35.2],[173.1,-35.1],[173.0,-35.0],[173.0,-34.9],[172.8,-34.7],[172.6,-34.6],[172.7,-34.5],[172.8,-34.6],[173.0,-34.6],[173.0,-34.5],[173.1,-34.6],[173.0,-34.7],[173.1,-34.9],[173.2,-35.0],[173.3,-35.1],[173.3,-35.0],[173.5,-35.0],[173.7,-35.1],[173.9,-35.2],[174.0,-35.2],[174.1,-35.3],[174.1,-35.4],[174.2,-35.4],[174.2,-35.3],[174.3,-35.3],[174.3,-35.4],[174.4,-35.6],[174.5,-35.7],[174.6,-35.8],[174.5,-35.8],[174.5,-35.9],[174.4,-35.9],[174.3,-35.9],[174.4,-36.0],[174.5,-36.1],[174.6,-36.2],[174.8,-36.3],[174.8,-36.4],[174.8,-36.5],[174.7,-36.5],[174.9,-36.7],[175.0,-36.8],[174.8,-36.8],[174.7,-36.8],[174.6,-36.8],[174.8,-36.9],[174.9,-37.0],[174.9,-37.1],[175.0,-37.1],[175.1,-37.1],[175.2,-37.1],[175.3,-37.1],[175.2,-37.2],[175.2,-37.3],[175.3,-37.3]]],[[[172.1,-43.9],[172.0,-44.0],[171.8,-44.1],[171.6,-44.2],[171.5,-44.2],[171.4,-44.3],[171.1,-44.2],[171.0,-44.3],[171.1,-44.4],[171.3,-44.6],[171.2,-44.6],[171.2,-44.7],[171.2,-44.9],[171.1,-44.9],[170.6,-44.9],[170.8,-45.0],[171.0,-45.1],[170.9,-45.3],[170.7,-45.7],[170.6,-45.9],[170.4,-46.1],[170.1,-46.2],[170.0,-46.4],[169.9,-46.4],[169.7,-46.5],[169.4,-46.7],[169.2,-46.7],[168.7,-46.6],[168.4,-46.7],[168.2,-46.5],[167.8,-46.4],[167.6,-46.4],[167.5,-46.2],[167.3,-46.2],[167.2,-46.2],[167.2,-46.3],[166.9,-46.4],[166.8,-46.3],[166.5,-46.2],[166.5,-46.1],[166.7,-46.1],[166.6,-46.0],[166.7,-45.9],[166.8,-45.9],[166.6,-45.7],[167.0,-45.8],[166.8,-45.6],[166.9,-45.5],[167.3,-45.6],[167.3,-45.5],[167.3,-45.4],[167.2,-45.3],[167.1,-45.2],[167.3,-45.1],[167.5,-45.0],[167.7,-44.8],[167.9,-44.6],[168.0,-44.5],[168.4,-44.2],[168.9,-44.1],[169.2,-43.9],[169.5,-43.8],[169.6,-43.7],[170.0,-43.5],[170.0,-43.4],[170.2,-43.2],[170.4,-43.2],[170.7,-43.1],[171.0,-42.9],[171.1,-42.8],[171.1,-42.7],[171.2,-42.6],[171.4,-42.5],[171.3,-42.3],[171.4,-42.2],[171.5,-42.0],[171.6,-42.0],[171.6,-41.9],[171.9,-41.8],[172.1,-41.7],[172.1,-41.6],[172.2,-41.0],[172.4,-40.8],[172.6,-40.8],[172.8,-40.8],[172.8,-41.0],[172.9,-41.0],[173.0,-41.1],[173.1,-41.4],[173.3,-41.5],[173.7,-41.3],[173.9,-41.2],[174.1,-41.3],[174.2,-41.5],[174.1,-41.7],[174.2,-41.9],[174.2,-42.0],[174.0,-42.3],[173.8,-42.5],[173.6,-42.6],[173.2,-43.0],[173.0,-43.1],[172.8,-43.2],[172.7,-43.3],[172.6,-43.4],[172.4,-43.5],[172.6,-43.7],[172.8,-43.7],[173.0,-43.8],[172.9,-43.9],[172.7,-43.9],[172.4,-43.8],[172.2,-43.9],[172.1,-43.9]]]]}},{"type":"Feature","properties":{"NAME":"Argentina"},"geometry":{"type":"MultiPolygon","coordinates":[[[[-68.5,-52.4],[-68.6,-52.4],[-69.2,-52.2],[-69.6,-52.1],[-70.9,-52.1],[-71.5,-52.1],[-71.8,-52.1],[-72.1,-51.8],[-72.2,-50.8],[-72.3,-50.7],[-72.6,-50.7],[-73.1,-50.9],[-73.2,-50.9],[-73.4,-50.3],[-73.5,-49.8],[-73.5,-49.6],[-73.4,-49.4],[-72.6,-49.0],[-72.5,-48.9],[-72.3,-48.3],[-72.3,-48.2],[-72.5,-47.9],[-72.4,-47.6],[-72.3,-47.5],[-72.0,-47.4],[-71.9,-47.3],[-71.8,-47.1],[-71.7,-46.7],[-71.8,-46.2],[-71.7,-45.7],[-71.4,-45.4],[-71.4,-45.3],[-71.6,-45.1],[-71.9,-45.0],[-72.0,-44.9],[-71.7,-44.8],[-71.3,-44.8],[-71.2,-44.8],[-71.1,-44.7],[-71.1,-44.6],[-71.2,-44.5],[-71.6,-44.5],[-71.7,-44.4],[-71.8,-44.1],[-71.7,-43.5],[-71.7,-43.2],[-72.0,-43.1],[-72.1,-42.5],[-72.0,-42.4],[-72.0,-42.3],[-71.7,-42.2],[-71.7,-42.0],[-71.8,-41.6],[-71.9,-40.7],[-71.8,-40.6],[-71.7,-40.3],[-71.4,-39.2],[-71.4,-39.1],[-71.4,-39.0],[-70.9,-38.8],[-70.8,-38.7],[-71.0,-38.3],[-71.2,-37.8],[-71.2,-37.3],[-71.1,-36.8],[-71.0,-36.7],[-70.4,-36.2],[-70.4,-36.0],[-70.4,-35.5],[-70.5,-35.4],[-70.3,-35.1],[-69.8,-34.3],[-69.8,-34.1],[-69.8,-33.8],[-70.2,-32.5],[-70.4,-32.0],[-70.5,-31.7],[-70.4,-31.3],[-70.3,-30.7],[-70.1,-30.6],[-69.9,-30.4],[-69.9,-30.0],[-70.0,-29.4],[-69.6,-28.5],[-69.5,-28.3],[-69.2,-28.0],[-69.0,-27.6],[-68.8,-27.3],[-68.5,-27.2],[-68.3,-27.2],[-68.2,-27.1],[-68.3,-27.0],[-68.5,-26.8],[-68.5,-26.5],[-68.5,-26.4],[-68.3,-26.2],[-68.4,-26.1],[-68.5,-25.9],[-68.6,-25.7],[-68.6,-25.4],[-68.4,-25.1],[-68.5,-24.7],[-68.4,-24.6],[-68.0,-24.4],[-67.4,-24.2],[-67.3,-24.1],[-67.0,-23.4],[-67.0,-23.1],[-67.1,-23.0],[-67.2,-23.0],[-66.3,-22.0],[-66.1,-21.9],[-66.0,-22.0],[-65.9,-22.1],[-65.6,-22.2],[-65.2,-22.2],[-65.0,-22.1],[-64.8,-22.2],[-64.6,-22.3],[-64.4,-22.4],[-64.2,-22.9],[-63.8,-22.1],[-63.5,-22.1],[-62.9,-22.1],[-62.6,-22.2],[-62.5,-22.2],[-62.4,-22.3],[-62.1,-22.7],[-61.5,-23.4],[-61.2,-23.6],[-60.9,-23.9],[-60.6,-24.0],[-60.1,-24.1],[-59.8,-24.2],[-59.1,-24.7],[-58.4,-25.0],[-58.1,-25.1],[-57.7,-25.3],[-57.7,-25.5],[-58.0,-26.0],[-58.3,-26.4],[-58.3,-26.5],[-58.2,-26.8],[-58.3,-26.9],[-58.5,-27.0],[-58.7,-27.2],[-58.7,-27.3],[-58.6,-27.3],[-58.1,-27.2],[-57.8,-27.2],[-57.4,-27.4],[-57.1,-27.4],[-56.8,-27.4],[-56.4,-27.3],[-56.3,-27.3],[-56.2,-27.2],[-56.0,-27.3],[-55.7,-27.5],[-55.6,-27.2],[-55.4,-27.1],[-55.0,-26.8],[-54.8,-26.6],[-54.6,-25.9],[-54.6,-25.7],[-54.1,-25.7],[-53.9,-25.7],[-53.8,-25.8],[-53.6,-26.3],[-53.7,-27.0],[-53.7,-27.2],[-54.0,-27.4],[-54.8,-27.7],[-54.9,-27.8],[-55.6,-28.5],[-56.3,-29.1],[-57.1,-29.9],[-57.5,-30.3],[-57.6,-30.4],[-57.8,-30.6],[-57.8,-30.8],[-58.1,-31.9],[-58.1,-32.1],[-58.1,-32.5],[-58.0,-33.0],[-58.1,-33.1],[-58.3,-33.3],[-58.4,-33.6],[-58.4,-33.8],[-58.3,-34.1],[-58.3,-34.2],[-58.4,-34.3],[-58.5,-34.5],[-58.5,-34.6],[-58.1,-35.0],[-57.8,-35.1],[-57.5,-35.2],[-57.4,-35.3],[-57.2,-35.4],[-57.2,-35.6],[-57.4,-35.8],[-57.4,-36.0],[-57.4,-36.1],[-57.3,-36.3],[-57.1,-36.4],[-56.8,-36.5],[-56.7,-36.9],[-56.8,-37.2],[-57.2,-37.6],[-57.5,-37.9],[-57.6,-38.3],[-57.8,-38.4],[-58.2,-38.5],[-58.7,-38.7],[-59.5,-38.9],[-60.3,-39.0],[-60.9,-39.0],[-61.4,-39.0],[-61.9,-39.0],[-62.3,-38.9],[-62.4,-39.0],[-62.4,-39.3],[-62.2,-39.5],[-62.1,-39.6],[-62.1,-39.7],[-62.3,-40.0],[-62.4,-40.2],[-62.5,-40.4],[-62.3,-40.7],[-62.3,-40.8],[-62.4,-40.9],[-63.0,-41.1],[-63.5,-41.2],[-63.8,-41.2],[-64.3,-41.0],[-64.9,-40.8],[-65.0,-40.9],[-65.2,-41.0],[-65.1,-41.2],[-64.9,-41.6],[-64.9,-41.7],[-65.0,-42.0],[-65.0,-42.2],[-64.6,-42.4],[-64.3,-42.5],[-64.1,-42.4],[-64.3,-42.2],[-63.9,-42.1],[-63.7,-42.1],[-63.6,-42.6],[-63.6,-42.7],[-63.7,-42.8],[-63.8,-42.8],[-64.0,-42.9],[-64.1,-42.8],[-64.2,-42.6],[-64.7,-42.6],[-65.0,-42.7],[-65.1,-42.8],[-65.0,-42.9],[-64.8,-42.9],[-64.5,-43.0],[-64.3,-43.0],[-64.7,-43.2],[-65.0,-43.3],[-65.3,-43.6],[-65.3,-43.8],[-65.2,-44.1],[-65.3,-44.3],[-65.6,-44.6],[-65.6,-44.7],[-65.4,-44.9],[-65.7,-44.9],[-66.2,-45.0],[-66.4,-45.0],[-66.7,-45.1],[-67.0,-45.3],[-67.2,-45.6],[-67.5,-45.9],[-67.5,-46.1],[-67.5,-46.3],[-67.3,-46.5],[-67.1,-46.7],[-66.7,-47.0],[-66.4,-47.1],[-65.9,-47.2],[-65.8,-47.2],[-65.7,-47.4],[-65.8,-47.7],[-65.8,-47.9],[-66.0,-48.1],[-66.1,-48.1],[-66.6,-48.4],[-67.3,-48.7],[-67.6,-49.1],[-67.7,-49.2],[-67.7,-49.4],[-67.6,-49.6],[-67.7,-49.8],[-67.8,-50.0],[-68.3,-50.2],[-68.7,-50.3],[-68.9,-50.4],[-69.0,-50.6],[-69.1,-50.9],[-69.2,-51.1],[-69.1,-51.5],[-68.8,-51.9],[-68.5,-52.3],[-68.4,-52.4],[-68.5,-52.4]]],[[[-68.7,-53.2],[-68.7,-52.7],[-68.3,-52.9],[-68.5,-53.1],[-68.7,-53.2]]],[[[-65.3,-54.7],[-65.3,-54.8],[-65.3,-54.9],[-65.6,-54.9],[-66.1,-55.0],[-66.5,-55.1],[-66.6,-55.1],[-67.2,-54.9],[-67.5,-54.9],[-68.0,-54.9],[-68.4,-54.9],[-68.7,-54.9],[-68.7,-53.2],[-68.6,-53.3],[-68.3,-53.3],[-68.1,-53.4],[-67.8,-53.7],[-67.4,-54.0],[-67.0,-54.3],[-66.7,-54.4],[-66.4,-54.6],[-66.3,-54.6],[-66.1,-54.6],[-65.9,-54.7],[-65.3,-54.7]]]]}},{"type":"Feature","properties":{"NAME":"Iceland"},"geometry":{"type":"MultiPolygon","coordinates":[[[[-24.2,65.5],[-24.2,65.6],[-24.0,65.7],[-23.6,65.7],[-23.3,65.7],[-23.4,65.8],[-23.6,66.0],[-23.5,66.1],[-23.3,66.1],[-22.9,65.9],[-22.6,65.9],[-22.5,66.0],[-22.6,66.1],[-22.8,66.3],[-22.7,66.4],[-22.2,66.3],[-21.8,66.3],[-21.4,66.1],[-21.2,65.9],[-21.3,65.7],[-21.5,65.6],[-21.1,65.2],[-20.8,65.4],[-20.7,65.4],[-20.4,65.5],[-20.2,65.6],[-20.1,65.7],[-20.2,66.0],[-20.0,66.1],[-19.7,65.9],[-19.6,65.8],[-19.3,65.7],[-19.2,65.7],[-19.3,65.9],[-19.2,66.0],[-19.0,66.0],[-18.7,66.1],[-18.4,65.9],[-18.1,65.8],[-17.9,65.8],[-18.0,66.1],[-17.6,66.0],[-16.9,66.0],[-16.6,66.0],[-16.4,66.1],[-16.4,66.5],[-15.9,66.4],[-15.6,66.2],[-15.1,66.1],[-14.8,66.1],[-14.6,65.9],[-14.8,65.7],[-14.4,65.6],[-13.6,65.5],[-13.6,65.4],[-13.5,65.2],[-13.6,65.0],[-13.6,64.9],[-13.7,64.8],[-13.9,64.7],[-14.3,64.7],[-14.4,64.5],[-14.6,64.3],[-14.8,64.2],[-15.1,64.2],[-15.3,64.3],[-15.6,64.1],[-15.9,64.0],[-16.5,63.8],[-16.9,63.7],[-17.2,63.7],[-17.6,63.7],[-17.9,63.4],[-18.2,63.4],[-18.6,63.3],[-19.0,63.3],[-19.6,63.4],[-19.8,63.5],[-20.4,63.7],[-20.9,63.7],[-21.1,63.7],[-21.5,63.7],[-22.4,63.8],[-22.5,63.9],[-22.3,64.0],[-21.8,64.1],[-21.5,64.4],[-21.9,64.4],[-22.1,64.4],[-22.3,64.6],[-22.4,64.7],[-22.6,64.6],[-23.3,64.6],[-23.5,64.6],[-23.7,64.7],[-23.6,64.7],[-23.4,64.8],[-23.1,64.8],[-22.8,64.9],[-22.5,64.9],[-22.0,65.0],[-21.8,65.0],[-21.7,65.2],[-21.8,65.3],[-22.0,65.4],[-22.1,65.4],[-22.4,65.4],[-22.8,65.5],[-23.2,65.4],[-23.4,65.4],[-23.7,65.3],[-24.1,65.4],[-24.2,65.5]]]]}},{"type":"Feature","properties":{"NAME":"Belgium"},"geometry":{"type":"MultiPolygon","coordinates":[[[[2.5,51.1],[3.0,51.3],[3.2,51.4],[3.5,51.3],[3.7,51.3],[3.8,51.4],[4.0,51.3],[4.2,51.3],[4.4,51.3],[4.4,51.4],[4.5,51.4],[4.7,51.4],[4.8,51.5],[4.9,51.4],[5.0,51.4],[5.1,51.4],[5.2,51.2],[5.5,51.3],[5.8,51.1],[5.8,50.9],[5.7,50.9],[5.7,50.7],[6.0,50.7],[6.2,50.7],[6.3,50.5],[6.3,50.3],[6.1,50.1],[6.0,50.1],[5.9,50.1],[5.8,50.0],[5.7,49.9],[5.7,49.8],[5.9,49.7],[5.8,49.5],[5.8,49.6],[5.5,49.5],[5.4,49.6],[5.3,49.7],[5.1,49.8],[4.9,49.8],[4.9,49.9],[4.8,50.0],[4.9,50.1],[4.8,50.1],[4.7,50.0],[4.5,49.9],[4.3,49.9],[4.2,50.0],[4.2,50.1],[4.1,50.1],[4.2,50.2],[4.1,50.3],[3.8,50.3],[3.7,50.3],[3.6,50.5],[3.4,50.5],[3.3,50.5],[3.2,50.7],[3.1,50.8],[2.9,50.7],[2.8,50.7],[2.6,50.9],[2.5,51.1]]]]}},{"type":"Feature","properties":{"NAME":"Spain"},"geometry":{"type":"MultiPolygon","coordinates":[[[[-14.5,28.1],[-14.1,28.4],[-13.8,29.0],[-13.5,29.4],[-13.4,29.1],[-13.8,28.9],[-13.9,28.2],[-14.5,28.1]]],[[[-15.6,28.2],[-15.4,28.2],[-15.2,27.9],[-15.6,27.7],[-15.9,27.9],[-15.6,28.2]]],[[[-17.3,28.3],[-16.9,28.3],[-16.1,28.5],[-16.2,28.4],[-16.6,28.1],[-17.3,28.0],[-17.3,28.3]]],[[[-8.8,41.9],[-8.9,42.0],[-8.8,42.2],[-8.6,42.4],[-8.8,42.6],[-8.9,42.8],[-9.2,42.9],[-9.3,43.0],[-9.2,43.2],[-9.0,43.3],[-8.8,43.3],[-8.6,43.3],[-8.3,43.4],[-8.2,43.6],[-8.0,43.7],[-7.6,43.7],[-7.2,43.6],[-6.8,43.5],[-6.5,43.6],[-6.2,43.6],[-6.0,43.7],[-5.8,43.7],[-5.5,43.6],[-5.2,43.5],[-4.8,43.5],[-4.1,43.5],[-3.8,43.4],[-3.4,43.4],[-3.2,43.4],[-3.0,43.6],[-2.8,43.5],[-2.4,43.3],[-2.1,43.3],[-1.9,43.3],[-1.7,43.2],[-1.5,43.2],[-1.6,43.0],[-1.5,43.0],[-1.4,43.0],[-0.9,42.9],[-0.8,42.9],[-0.6,42.7],[-0.6,42.8],[-0.5,42.8],[-0.4,42.8],[-0.2,42.7],[-0.2,42.6],[0.2,42.7],[0.2,42.6],[0.3,42.6],[0.6,42.6],[0.6,42.8],[0.7,42.8],[1.3,42.6],[1.3,42.5],[1.4,42.4],[1.6,42.4],[1.7,42.4],[1.9,42.4],[1.9,42.3],[2.0,42.3],[2.2,42.4],[2.4,42.3],[2.6,42.3],[2.9,42.4],[3.1,42.4],[3.1,42.3],[3.1,42.1],[3.2,42.1],[3.1,41.9],[2.6,41.6],[2.2,41.4],[2.1,41.3],[1.6,41.2],[1.3,41.2],[0.9,41.0],[0.7,40.9],[0.7,40.8],[0.8,40.7],[0.5,40.6],[0.2,40.2],[-0.2,39.9],[-0.2,39.8],[-0.3,39.6],[-0.4,39.4],[-0.2,39.1],[-0.2,39.0],[0.1,38.8],[0.2,38.7],[-0.1,38.6],[-0.2,38.5],[-0.4,38.4],[-0.6,38.2],[-0.7,38.2],[-0.9,37.8],[-0.8,37.6],[-0.9,37.6],[-1.4,37.5],[-1.6,37.4],[-1.8,37.3],[-1.9,37.0],[-2.2,36.7],[-2.4,36.8],[-2.6,36.8],[-2.8,36.7],[-2.9,36.7],[-3.0,36.7],[-4.4,36.7],[-4.8,36.5],[-5.2,36.4],[-5.4,36.2],[-5.4,36.1],[-5.5,36.2],[-5.5,36.1],[-5.7,36.0],[-5.9,36.1],[-6.2,36.3],[-6.3,36.5],[-6.3,36.6],[-6.4,36.6],[-6.5,36.7],[-6.4,36.8],[-6.6,37.0],[-6.9,37.1],[-7.0,37.2],[-7.2,37.2],[-7.5,37.2],[-7.4,37.6],[-7.2,37.8],[-6.8,38.1],[-7.0,38.2],[-7.4,38.3],[-7.3,38.5],[-7.1,38.8],[-6.9,39.0],[-7.0,39.1],[-7.2,39.3],[-7.4,39.5],[-7.3,39.6],[-7.1,39.6],[-6.9,39.7],[-6.9,39.8],[-6.9,40.2],[-6.8,40.7],[-6.9,40.9],[-6.8,41.1],[-6.2,41.3],[-6.1,41.4],[-6.1,41.5],[-6.5,41.7],[-6.6,41.9],[-6.7,42.0],[-6.9,42.0],[-7.1,41.9],[-7.9,41.9],[-8.2,42.1],[-8.4,42.0],[-8.8,41.9]]]]}},{"type":"Feature","properties":{"NAME":"Portugal"},"geometry":{"type":"MultiPolygon","coordinates":[[[[-7.5,37.2],[-7.6,37.2],[-7.8,37.0],[-8.0,37.0],[-8.3,37.1],[-8.5,37.1],[-8.7,37.1],[-9.0,37.0],[-9.0,37.1],[-8.8,37.5],[-8.9,37.9],[-8.9,38.0],[-8.8,38.2],[-8.8,38.4],[-8.9,38.5],[-9.0,38.5],[-9.2,38.4],[-9.3,38.6],[-9.1,38.6],[-8.9,38.7],[-9.0,38.8],[-9.0,38.9],[-9.2,38.7],[-9.4,38.7],[-9.5,38.7],[-9.5,38.8],[-9.5,39.0],[-9.4,39.2],[-9.4,39.4],[-9.3,39.4],[-9.1,39.6],[-8.9,40.1],[-9.0,40.2],[-8.7,41.0],[-8.9,41.4],[-8.9,41.6],[-8.9,41.8],[-8.8,41.9],[-8.4,42.0],[-8.2,42.1],[-7.9,41.9],[-7.1,41.9],[-6.9,42.0],[-6.7,42.0],[-6.6,41.9],[-6.5,41.7],[-6.1,41.5],[-6.1,41.4],[-6.2,41.3],[-6.8,41.1],[-6.9,40.9],[-6.8,40.7],[-6.9,40.2],[-6.9,39.8],[-6.9,39.7],[-7.1,39.6],[-7.3,39.6],[-7.4,39.5],[-7.2,39.3],[-7.0,39.1],[-6.9,39.0],[-7.1,38.8],[-7.3,38.5],[-7.4,38.3],[-7.0,38.2],[-6.8,38.1],[-7.2,37.8],[-7.4,37.6],[-7.5,37.2]]]]}},{"type":"Feature","properties":{"NAME":"Afghanistan"},"geometry":{"type":"MultiPolygon","coordinates":[[[[61.6,30.7],[61.8,30.9],[61.8,31.1],[61.7,31.3],[61.5,31.3],[61.0,31.5],[60.9,31.5],[60.8,31.6],[60.7,31.9],[60.7,32.5],[60.5,33.0],[60.6,33.1],[60.9,33.5],[60.8,33.6],[60.5,33.7],[60.4,34.0],[60.4,34.1],[60.7,34.3],[60.8,34.4],[61.0,35.0],[61.1,35.3],[61.2,35.5],[61.2,35.6],[61.3,35.5],[61.7,35.4],[62.2,35.3],[62.4,35.3],[62.7,35.3],[63.0,35.4],[63.1,35.5],[63.1,35.7],[63.1,35.8],[63.4,35.9],[64.3,36.2],[64.5,36.3],[64.6,36.8],[64.8,37.1],[65.3,37.2],[65.5,37.3],[65.7,37.5],[66.0,37.4],[66.6,37.2],[66.7,37.2],[67.0,37.2],[67.5,37.2],[67.6,37.2],[67.8,36.9],[67.9,36.9],[68.0,36.8],[68.2,36.9],[68.4,37.1],[68.7,37.2],[68.9,37.2],[69.1,37.1],[69.3,37.1],[69.4,37.1],[69.5,37.3],[69.5,37.4],[69.6,37.5],[69.7,37.5],[70.0,37.5],[70.2,37.5],[70.3,37.6],[70.3,37.7],[70.3,37.9],[70.5,38.1],[70.6,38.3],[70.7,38.4],[70.9,38.4],[71.0,38.3],[71.2,38.1],[71.1,37.9],[71.4,37.9],[71.4,37.8],[71.4,37.7],[71.4,37.4],[71.3,37.2],[71.4,36.9],[71.5,36.8],[71.5,36.7],[71.7,36.7],[71.8,36.7],[72.2,36.9],[72.4,37.0],[72.7,37.2],[73.0,37.3],[73.4,37.3],[73.4,37.2],[73.9,37.3],[74.1,37.4],[74.3,37.3],[74.5,37.3],[74.7,37.2],[74.6,37.1],[74.4,37.2],[74.4,37.0],[74.5,37.0],[74.5,36.9],[74.3,36.9],[74.1,36.8],[73.9,36.8],[73.8,36.7],[73.5,36.8],[72.9,36.8],[72.4,36.7],[72.1,36.6],[72.0,36.5],[71.8,36.3],[71.6,36.3],[71.5,36.2],[71.3,36.1],[71.3,35.9],[71.5,35.8],[71.5,35.6],[71.6,35.6],[71.6,35.3],[71.7,35.1],[71.5,34.9],[71.3,34.8],[71.1,34.6],[71.0,34.5],[71.1,34.3],[71.2,34.1],[71.0,34.0],[70.8,33.9],[70.5,33.9],[70.0,34.0],[69.9,33.9],[70.0,33.8],[70.2,33.6],[70.2,33.5],[70.3,33.3],[70.2,33.2],[70.1,33.1],[69.8,33.1],[69.6,33.1],[69.5,32.9],[69.4,32.8],[69.3,32.4],[69.2,31.8],[69.1,31.6],[68.9,31.6],[68.5,31.8],[68.2,31.8],[68.0,31.7],[67.8,31.5],[67.7,31.2],[67.6,31.2],[67.3,31.2],[67.0,31.2],[66.9,31.2],[66.7,31.0],[66.5,30.8],[66.4,30.7],[66.3,30.3],[66.2,29.9],[66.2,29.8],[66.1,29.7],[65.6,29.6],[65.1,29.5],[64.6,29.4],[64.1,29.4],[63.6,29.5],[63.5,29.5],[62.9,29.4],[62.6,29.4],[62.4,29.4],[62.0,29.5],[61.5,29.6],[61.2,29.7],[60.8,29.8],[61.2,30.3],[61.6,30.7]]]]}},{"type":"Feature","properties":{"NAME":"Belize"},"geometry":{"type":"MultiPolygon","coordinates":[[[[-88.4,18.3],[-88.1,18.4],[-88.1,18.2],[-88.3,17.6],[-88.2,17.5],[-88.3,17.2],[-88.2,17.0],[-88.3,16.8],[-88.4,16.4],[-88.6,16.3],[-88.7,16.3],[-88.8,16.1],[-88.9,16.0],[-88.9,15.9],[-89.3,15.9],[-89.2,17.8],[-89.2,18.0],[-89.0,18.0],[-88.9,17.9],[-88.6,18.3],[-88.5,18.5],[-88.3,18.5],[-88.4,18.3]]]]}},{"type":"Feature","properties":{"NAME":"Guatemala"},"geometry":{"type":"MultiPolygon","coordinates":[[[[-91.2,14.0],[-91.5,14.1],[-91.9,14.4],[-92.2,14.5],[-92.2,14.7],[-92.2,15.0],[-92.1,15.1],[-92.2,15.3],[-91.8,16.1],[-91.3,16.1],[-90,16.1],[-90,16.4],[-90,16.5],[-90,16.8],[-91.1,16.9],[-91.3,17.2],[-91.5,17.3],[-91.0,17.3],[-91.0,17.8],[-90,17.8],[-89.2,17.8],[-89.3,15.9],[-88.9,15.9],[-88.8,15.9],[-88.7,15.7],[-88.6,15.8],[-88.6,16.0],[-88.5,15.9],[-88.3,15.7],[-89.0,15.2],[-89.2,15.1],[-89.3,14.9],[-89.2,14.6],[-89.4,14.5],[-89.6,14.4],[-89.6,14.3],[-89.5,14.3],[-89.7,14.2],[-89.8,14.1],[-89.9,14.1],[-90,13.9],[-91.2,14.0]]]]}},{"type":"Feature","properties":{"NAME":"Honduras"},"geometry":{"type":"MultiPolygon","coordinates":[[[[-87.6,15.9],[-87.2,15.9],[-87.0,15.8],[-86.4,15.8],[-86.1,15.9],[-85.9,16.0],[-85.6,15.9],[-85.3,15.9],[-84.9,15.9],[-84.7,15.9],[-84.4,15.9],[-84.2,15.8],[-84.2,15.6],[-84.2,15.5],[-84.1,15.4],[-83.8,15.3],[-83.5,15.2],[-83.4,15.0],[-84.1,14.8],[-84.2,14.7],[-84.4,14.6],[-84.6,14.7],[-84.7,14.8],[-84.8,14.8],[-85.0,14.7],[-85.2,14.3],[-85.7,13.9],[-86.1,14.0],[-86.3,13.8],[-86.7,13.8],[-86.7,13.3],[-86.8,13.2],[-87.0,13.1],[-87.4,13.0],[-87.5,13.3],[-87.6,13.4],[-87.8,13.5],[-87.7,13.8],[-87.8,13.9],[-87.9,13.9],[-88.2,14.0],[-88.4,13.9],[-88.5,13.9],[-88.5,14.0],[-88.8,14.2],[-89.0,14.2],[-89.1,14.4],[-89.4,14.5],[-89.2,14.6],[-89.3,14.9],[-89.2,15.1],[-89.0,15.2],[-88.3,15.7],[-88.1,15.8],[-87.9,15.9],[-87.6,15.9]]]]}},{"type":"Feature","properties":{"NAME":"El Salvador"},"geometry":{"type":"MultiPolygon","coordinates":[[[[-87.8,13.4],[-87.8,13.3],[-87.9,13.2],[-88.3,13.2],[-88.6,13.3],[-89.4,13.5],[-90.0,13.7],[-90,13.8],[-90,13.9],[-89.9,14.1],[-89.8,14.1],[-89.7,14.2],[-89.5,14.3],[-89.6,14.3],[-89.6,14.4],[-89.4,14.5],[-89.1,14.4],[-89.0,14.2],[-88.8,14.2],[-88.5,14.0],[-88.5,13.9],[-88.4,13.9],[-88.2,14.0],[-87.9,13.9],[-87.8,13.9],[-87.7,13.8],[-87.8,13.5],[-87.8,13.4]]]]}},{"type":"Feature","properties":{"NAME":"Malaya"},"geometry":{"type":"MultiPolygon","coordinates":[[[[102.1,6.1],[102.3,6.1],[102.8,5.6],[103.1,5.1],[103.3,4.8],[103.4,4.5],[103.4,4.2],[103.3,3.8],[103.3,3.3],[103.3,3.0],[103.4,2.8],[103.4,2.6],[103.7,2.4],[103.8,2.2],[104.1,1.4],[104.2,1.4],[104.0,1.4],[103.6,1.4],[103.4,1.4],[103.3,1.4],[103.1,1.6],[102.7,1.9],[102.4,2.0],[101.9,2.3],[101.4,2.7],[101.3,2.8],[101.3,3.2],[101.1,3.5],[100.7,3.9],[100.6,4.2],[100.6,4.4],[100.6,4.6],[100.6,4.7],[100.4,5.0],[100.2,5.9],[100.1,6.2],[100.2,6.3],[100.4,6.4],[100.6,6.4],[100.7,6.2],[100.9,6.2],[101.0,6.1],[101.0,6.0],[101.0,5.9],[100.9,5.7],[101.0,5.6],[101.1,5.5],[101.2,5.7],[101.3,5.8],[101.5,5.8],[101.5,5.5],[101.8,5.6],[101.8,5.8],[102.0,6.0],[102.1,6.2],[102.1,6.1]]],[[[109.6,1.8],[109.7,1.6],[109.9,1.6],[110.3,1.5],[110.5,1.4],[110.8,1.2],[111.0,1.2],[111.1,1.3],[110.9,1.5],[111.0,1.8],[111.1,2.0],[111.4,2.6],[111.6,2.7],[112.3,2.9],[112.8,3.0],[113.0,3.2],[113.2,3.6],[113.4,3.8],[113.8,4.3],[113.9,4.4],[114.0,4.4],[114.1,4.5],[114.1,4.4],[114.1,4.2],[114.2,4.2],[114.3,4.1],[114.4,4.0],[114.6,4.1],[115.2,4.3],[115.1,4.4],[115.1,4.5],[115.1,4.6],[115.0,4.8],[115.0,4.9],[115.1,4.8],[115.2,4.8],[115.4,4.9],[115.4,5.0],[115.4,5.1],[115.2,5.3],[115.3,5.5],[115.5,5.5],[115.7,5.5],[115.8,5.7],[116.0,5.9],[116.1,6.1],[116.3,6.4],[116.6,6.8],[116.6,6.9],[116.7,6.7],[116.9,6.6],[117.0,6.8],[117.2,6.6],[117.3,6.5],[117.5,6.4],[117.5,6.2],[117.5,6.1],[117.4,5.9],[117.4,5.8],[117.7,5.8],[117.9,5.9],[117.9,5.8],[117.8,5.6],[118.1,5.6],[118.3,5.7],[118.4,5.6],[118.8,5.3],[119.0,5.3],[119.0,5.2],[119.0,5.0],[118.9,5.0],[118.7,4.9],[118.4,4.9],[118.1,4.9],[117.9,4.8],[118.0,4.7],[118.4,4.4],[118.3,4.2],[118.1,4.1],[117.8,4.1],[117.6,4.0],[117.5,4.0],[117.1,4.2],[116.9,4.2],[116.7,4.2],[116.4,4.2],[116.0,4.2],[115.8,4.2],[115.7,4.2],[115.5,3.9],[115.5,3.6],[115.5,3.2],[115.4,3.0],[115.1,2.9],[115.0,2.7],[115.1,2.4],[114.7,1.6],[114.5,1.5],[114.1,1.4],[113.9,1.3],[113.7,1.1],[113.5,1.1],[113.3,1.2],[113.1,1.3],[112.8,1.4],[112.6,1.5],[112.4,1.4],[112.2,1.2],[112.0,1.0],[111.7,0.8],[111.6,0.8],[111.3,0.8],[111.1,0.9],[111.0,0.9],[110.5,0.7],[110.3,0.9],[110.2,0.9],[109.8,1.3],[109.6,1.5],[109.5,1.8],[109.6,1.8]]]]}},{"type":"Feature","properties":{"NAME":"Dutch Guiana"},"geometry":{"type":"MultiPolygon","coordinates":[[[[-56.7,1.9],[-56.7,2.0],[-56.8,2.2],[-57.1,2.7],[-57.2,3.1],[-57.2,3.3],[-57.5,3.3],[-57.7,3.6],[-58.0,4.0],[-57.8,4.3],[-57.8,4.5],[-57.8,4.8],[-57.8,4.9],[-57.3,5.0],[-57.2,5.1],[-57.1,5.5],[-57.1,5.7],[-57.1,5.8],[-56.9,6.0],[-56.7,6.0],[-56.1,5.8],[-55.9,5.8],[-55.9,6.0],[-55.8,6.0],[-55.7,6.0],[-55.3,6.0],[-54.9,6.0],[-54.6,6.0],[-54.3,5.9],[-53.8,5.7],[-54.1,5.3],[-54.3,5.0],[-54.4,4.7],[-54.3,4.5],[-54.3,4.2],[-54.2,3.9],[-54.0,3.6],[-54.0,3.4],[-54.2,2.7],[-54.4,2.3],[-54.9,2.5],[-55.0,2.5],[-55.2,2.3],[-55.4,2.3],[-55.6,2.3],[-55.9,2.4],[-56.0,2.3],[-56.1,2.2],[-55.8,1.7],[-56.0,1.7],[-56.5,1.9],[-56.7,1.9]]]]}},{"type":"Feature","properties":{"NAME":"French Guiana"},"geometry":{"type":"MultiPolygon","coordinates":[[[[-51.6,4.2],[-51.6,4.0],[-52.1,3.3],[-52.3,2.9],[-52.5,2.5],[-52.7,2.2],[-52.8,2.1],[-53.1,2.1],[-53.6,2.3],[-54.0,2.0],[-54.1,2.0],[-54.4,2.3],[-54.2,2.7],[-54.0,3.4],[-54.0,3.6],[-54.2,3.9],[-54.3,4.2],[-54.3,4.5],[-54.4,4.7],[-54.3,5.0],[-54.1,5.3],[-53.8,5.7],[-53.7,5.6],[-53.3,5.5],[-53.0,5.4],[-52.7,5.2],[-52.1,4.7],[-51.9,4.4],[-51.7,4.2],[-51.6,4.2]]]]}},{"type":"Feature","properties":{"NAME":"Papua New Guinea"},"geometry":{"type":"MultiPolygon","coordinates":[[[[149.6,-6.4],[149.5,-6.3],[149.4,-6.2],[149.2,-6.2],[149.0,-6.2],[148.8,-6.1],[148.7,-6.0],[148.4,-5.9],[148.3,-5.8],[148.4,-5.7],[148.5,-5.7],[148.8,-5.6],[149.1,-5.7],[149.4,-5.7],[149.6,-5.7],[149.8,-5.6],[149.9,-5.4],[150.1,-5.6],[150.2,-5.7],[150.3,-5.7],[150.7,-5.6],[150.9,-5.5],[151.0,-5.2],[151.2,-5.1],[151.5,-5.1],[151.6,-5.0],[151.6,-4.9],[151.6,-4.6],[151.5,-4.4],[151.8,-4.5],[151.9,-4.5],[152.1,-4.4],[152.2,-4.6],[152.3,-4.8],[152.2,-5.0],[152.1,-5.1],[151.9,-5.1],[151.8,-5.2],[151.9,-5.3],[152.1,-5.5],[151.9,-5.7],[151.8,-5.7],[151.5,-5.7],[151.3,-5.7],[151.2,-5.8],[151.1,-6.0],[150.9,-6.1],[150.5,-6.3],[150.3,-6.3],[149.9,-6.4],[149.6,-6.4]]],[[[140.9,-9.3],[141.0,-7.7],[140.9,-7.4],[140.7,-6.7],[140.9,-6.4],[140.9,-2.8],[142.0,-3.2],[142.4,-3.3],[142.9,-3.4],[143.4,-3.6],[143.8,-3.8],[144.1,-4.0],[144.4,-4.0],[144.5,-4.0],[144.7,-4.2],[144.8,-4.3],[145.1,-4.5],[145.4,-4.7],[145.7,-5.0],[145.6,-5.4],[145.6,-5.5],[145.7,-5.6],[146.0,-5.7],[146.9,-6.0],[147.1,-6.0],[147.4,-6.1],[147.5,-6.2],[147.6,-6.5],[147.7,-6.7],[147.7,-6.8],[147.2,-6.8],[146.9,-6.9],[146.9,-7.0],[146.9,-7.1],[147.2,-7.6],[147.4,-7.8],[148.0,-8.2],[148.1,-8.6],[148.5,-9.1],[148.6,-9.2],[148.7,-9.2],[149.0,-9.1],[149.2,-9.1],[149.2,-9.2],[149.1,-9.5],[149.2,-9.6],[149.4,-9.6],[149.5,-9.6],[149.8,-9.7],[149.9,-9.8],[149.6,-9.9],[149.7,-10.0],[150.2,-10.2],[150.4,-10.3],[150.5,-10.6],[150.5,-10.7],[150.0,-10.7],[149.9,-10.7],[149.8,-10.5],[149.8,-10.4],[149.3,-10.4],[148.8,-10.2],[148.6,-10.2],[148.2,-10.2],[147.9,-10.2],[147.6,-10.1],[147.4,-9.9],[147.3,-9.7],[147.2,-9.6],[146.9,-9.4],[146.6,-9.3],[146.6,-9.2],[146.1,-8.5],[145.8,-8.1],[145.6,-8.1],[144.9,-7.9],[144.6,-7.8],[144.4,-7.8],[144.2,-7.8],[144.0,-7.9],[143.7,-7.7],[143.8,-8.0],[143.8,-8.1],[143.7,-8.1],[143.5,-8.1],[143.4,-8.1],[143.5,-8.3],[143.4,-8.4],[143.0,-8.4],[142.5,-8.3],[142.2,-8.3],[142.4,-8.4],[142.5,-8.4],[142.8,-8.5],[143.1,-8.7],[143.2,-8.8],[143.3,-9.0],[143.1,-9.1],[142.8,-9.3],[142.6,-9.4],[142.3,-9.3],[141.5,-9.3],[140.9,-9.3]]]]}},{"type":"Feature","properties":{"NAME":"South Australia (UK)"},"geometry":{"type":"MultiPolygon","coordinates":[[[[128.8,-24.9],[137.9,-24.9],[137.9,-25.9],[141.0,-25.9],[141.0,-28.9],[141.0,-34.0],[141.1,-38.4],[140.9,-38.3],[140.7,-38.2],[140.2,-37.8],[140.0,-37.6],[139.8,-37.2],[139.9,-36.8],[139.8,-36.6],[139.7,-36.4],[139.4,-36.0],[139.4,-35.8],[139.4,-35.6],[139.1,-35.6],[138.8,-35.8],[138.5,-35.8],[138.4,-35.9],[138.3,-35.8],[138.2,-35.8],[138.4,-35.6],[138.5,-35.3],[138.6,-34.9],[138.5,-34.8],[138.2,-34.5],[138.1,-34.4],[137.9,-34.7],[137.7,-35.3],[137.6,-35.4],[137.2,-35.4],[137.1,-35.5],[136.9,-35.5],[137.0,-35.3],[137.1,-35.1],[137.4,-35.1],[137.5,-35.0],[137.6,-34.9],[137.5,-34.5],[137.7,-34.1],[137.9,-33.9],[137.9,-33.7],[137.9,-33.5],[138.0,-33.5],[138.1,-33.5],[138.2,-33.3],[138.2,-33.2],[138.0,-33.0],[137.9,-32.7],[137.8,-33.1],[137.7,-33.2],[137.5,-33.3],[137.3,-33.5],[137.3,-33.6],[137.2,-33.8],[137.1,-34.0],[136.7,-34.1],[136.4,-34.3],[136.1,-34.5],[135.9,-34.8],[135.7,-35.2],[135.5,-35.1],[135.4,-34.5],[135.2,-34.2],[135.2,-34.1],[134.8,-33.7],[134.7,-33.4],[134.6,-33.3],[134.3,-33.3],[134.2,-33.3],[134.1,-33.1],[134.1,-33.0],[134.3,-32.9],[134.2,-32.7],[134.1,-32.6],[133.8,-32.3],[133.7,-32.3],[133.3,-32.4],[133.1,-32.3],[132.7,-32.1],[132.6,-32.1],[132.4,-32.2],[132.2,-32.1],[132.0,-32.1],[131.7,-31.8],[131.3,-31.6],[131.2,-31.6],[130.9,-31.7],[130.3,-31.8],[130.0,-31.8],[129.2,-31.8],[128.9,-31.9],[128.7,-31.9],[128.8,-24.9]]]]}},{"type":"Feature","properties":{"NAME":"Uruguay"},"geometry":{"type":"MultiPolygon","coordinates":[[[[-58.3,-34.2],[-58.3,-34.1],[-58.4,-33.8],[-58.4,-33.6],[-58.3,-33.3],[-58.1,-33.1],[-58.0,-33.0],[-58.1,-32.5],[-58.1,-32.1],[-58.1,-31.9],[-57.8,-30.8],[-57.8,-30.6],[-57.6,-30.4],[-57.3,-30.4],[-56.9,-30.3],[-56.7,-30.2],[-56.6,-30.3],[-56.4,-30.5],[-56.2,-30.6],[-56.0,-31.0],[-55.9,-31.2],[-55.8,-31.2],[-55.4,-31.0],[-55.3,-31.2],[-55.1,-31.4],[-54.8,-31.5],[-54.6,-31.6],[-54.1,-31.8],[-53.9,-32.0],[-53.5,-32.5],[-53.5,-32.6],[-53.4,-32.6],[-53.2,-32.8],[-53.2,-32.9],[-53.5,-33.3],[-53.6,-33.4],[-53.5,-33.7],[-53.4,-33.9],[-53.8,-34.4],[-54.1,-34.6],[-54.4,-34.9],[-54.6,-34.9],[-55.0,-35.0],[-55.4,-34.8],[-55.6,-34.8],[-55.9,-34.9],[-56.2,-35.0],[-56.3,-35.0],[-56.7,-34.7],[-57.0,-34.6],[-57.3,-34.5],[-57.6,-34.6],[-57.8,-34.6],[-57.9,-34.5],[-58.2,-34.3],[-58.3,-34.2]]]]}},{"type":"Feature","properties":{"NAME":"Netherlands"},"geometry":{"type":"MultiPolygon","coordinates":[[[[7.2,53.2],[7.2,53.0],[7.1,52.8],[7.0,52.6],[6.8,52.6],[6.7,52.6],[6.7,52.5],[6.9,52.4],[7.0,52.4],[7.1,52.4],[7.1,52.3],[7.1,52.2],[6.9,52.1],[6.8,52.0],[6.7,51.9],[6.4,51.8],[6.2,51.9],[6.1,51.8],[6.0,51.8],[5.9,51.7],[6.1,51.6],[6.2,51.5],[6.2,51.4],[6.2,51.3],[6.1,51.2],[6.2,51.1],[6.1,51.1],[6.0,51.0],[5.9,51.0],[6.0,51.0],[6.1,50.9],[6.0,50.7],[5.7,50.7],[5.7,50.9],[5.8,50.9],[5.8,51.1],[5.5,51.3],[5.2,51.2],[5.1,51.4],[5.0,51.4],[4.9,51.4],[4.8,51.5],[4.7,51.4],[4.5,51.4],[4.4,51.4],[4.4,51.3],[4.2,51.3],[4.0,51.3],[3.8,51.4],[3.7,51.5],[3.5,51.6],[3.9,51.8],[4.3,52.1],[4.4,52.2],[4.6,52.8],[4.7,52.8],[5.0,52.9],[5.2,52.7],[5.2,52.6],[5.1,52.5],[5.0,52.6],[5.0,52.3],[4.9,52.3],[5.5,52.2],[5.6,52.3],[5.8,52.3],[5.8,52.5],[5.6,52.5],[5.6,52.6],[5.5,52.7],[5.7,52.7],[5.6,52.8],[5.3,52.8],[5.4,52.9],[5.3,53.0],[5.4,53.1],[5.6,53.2],[6.0,53.3],[6.3,53.3],[6.8,53.4],[6.9,53.3],[7.0,53.2],[7.2,53.2]]]]}},{"type":"Feature","properties":{"NAME":"Nepal"},"geometry":{"type":"MultiPolygon","coordinates":[[[[81.3,30.0],[81.4,30.2],[81.4,30.4],[81.6,30.4],[81.7,30.5],[82.1,30.4],[82.2,30.1],[82.6,30.0],[82.9,29.7],[83.1,29.6],[83.2,29.7],[83.4,29.5],[83.7,29.2],[83.8,29.3],[84.1,29.3],[84.2,29.2],[84.3,29.1],[84.3,28.9],[84.9,28.5],[85.1,28.6],[85.2,28.6],[85.1,28.5],[85.1,28.3],[85.6,28.3],[85.7,28.3],[86.0,28.1],[86.0,27.9],[86.1,28.0],[86.1,28.1],[86.4,27.9],[86.6,28.0],[86.6,28.1],[86.8,28.1],[87.1,28.0],[87.2,27.8],[87.6,27.9],[87.7,27.8],[87.9,27.9],[88.2,27.9],[88.1,27.5],[88.0,27.1],[88.2,26.8],[88.1,26.4],[87.9,26.5],[87.6,26.4],[87.5,26.4],[87.3,26.4],[87.2,26.4],[87.0,26.6],[86.8,26.5],[86.4,26.6],[86.1,26.7],[85.9,26.6],[85.8,26.7],[85.8,26.9],[85.6,26.9],[85.4,26.8],[85.1,26.9],[85.0,27.0],[84.7,27.1],[84.7,27.3],[84.6,27.4],[84.4,27.4],[84.1,27.5],[83.9,27.4],[83.7,27.5],[83.4,27.5],[83.4,27.4],[83.3,27.4],[83.2,27.5],[82.8,27.5],[82.7,27.7],[82.5,27.7],[82.0,28.0],[81.9,27.9],[81.4,28.2],[81.2,28.4],[80.9,28.5],[80.6,28.7],[80.4,28.7],[80.1,28.8],[80.1,29.0],[80.2,29.1],[80.3,29.3],[80.3,29.5],[80.4,29.6],[80.4,29.8],[80.5,29.8],[81.0,30.2],[81.1,30.1],[81.3,30.0]]]]}},{"type":"Feature","properties":{"NAME":"Brunei"},"geometry":{"type":"MultiPolygon","coordinates":[[[[114.1,4.5],[114.2,4.5],[114.5,4.6],[114.7,5.0],[114.9,5.0],[114.8,4.9],[114.9,4.9],[115.0,4.9],[115.0,4.8],[115.1,4.6],[115.1,4.5],[115.1,4.4],[115.2,4.3],[114.6,4.1],[114.4,4.0],[114.3,4.1],[114.2,4.2],[114.1,4.2],[114.1,4.4],[114.1,4.5]]]]}},{"type":"Feature","properties":{"NAME":"Netherlands Indies"},"geometry":{"type":"MultiPolygon","coordinates":[[[[140.9,-2.8],[140.9,-6.4],[140.7,-6.7],[140.9,-7.4],[141.0,-7.7],[140.9,-9.3],[140.7,-9.0],[140.3,-8.6],[140.0,-8.2],[139.8,-8.2],[139.4,-8.3],[139.1,-8.3],[138.9,-8.3],[139.0,-8.1],[139.2,-7.9],[139.2,-7.7],[138.9,-7.5],[138.6,-7.1],[138.7,-7.0],[138.9,-7.1],[139.0,-7.1],[139.0,-7.0],[138.8,-6.8],[138.6,-6.7],[138.4,-6.5],[138.3,-6.2],[137.8,-5.4],[137.6,-5.2],[137.4,-5.1],[137.1,-5.0],[136.2,-4.8],[135.7,-4.6],[135.4,-4.6],[135.1,-4.5],[134.8,-4.3],[134.8,-4.2],[134.8,-4.0],[134.7,-4.0],[134.4,-4.1],[134.2,-4.0],[134.0,-3.9],[133.9,-3.8],[133.8,-3.5],[133.8,-3.3],[133.8,-3.2],[133.7,-3.2],[133.6,-3.4],[133.5,-3.7],[133.4,-4.0],[133.2,-4.1],[132.9,-4.3],[132.9,-4.2],[132.7,-3.9],[132.7,-3.8],[132.9,-3.7],[132.8,-3.5],[132.7,-3.4],[132.5,-3.2],[132.2,-3.0],[132.0,-3.0],[132.0,-2.9],[132.0,-2.8],[132.2,-2.8],[132.4,-2.8],[132.6,-2.9],[132.7,-2.9],[132.9,-2.8],[133.1,-2.6],[133.2,-2.6],[133.3,-2.7],[133.8,-2.7],[133.9,-2.4],[133.9,-2.2],[133.7,-2.3],[133.6,-2.3],[133.3,-2.4],[133.0,-2.4],[132.7,-2.4],[132.2,-2.3],[132.0,-2.2],[132.0,-2.1],[131.9,-1.8],[131.8,-1.7],[131.6,-1.6],[131.1,-1.5],[131.2,-1.4],[131.2,-1.3],[131.2,-1.0],[131.4,-1.0],[131.8,-0.8],[132.1,-0.7],[132.3,-0.5],[132.4,-0.5],[132.6,-0.6],[133.3,-0.9],[133.5,-0.9],[133.9,-1.0],[134.1,-1.3],[134.1,-1.5],[134.0,-1.8],[134.0,-2.0],[134.1,-2.2],[134.1,-2.4],[134.2,-2.6],[134.3,-2.9],[134.4,-2.9],[134.5,-3.0],[134.6,-2.7],[134.6,-2.8],[134.8,-3.3],[134.8,-3.4],[135.0,-3.5],[135.1,-3.5],[135.2,-3.5],[135.5,-3.4],[135.7,-3.3],[136.3,-2.4],[136.4,-2.4],[136.9,-2.3],[137.1,-2.3],[137.1,-2.2],[137.1,-2.0],[137.2,-1.9],[137.7,-1.6],[137.9,-1.6],[138.6,-2.0],[139.6,-2.4],[140.3,-2.6],[140.9,-2.8]]],[[[130.8,-3.9],[130.6,-3.8],[130.3,-3.7],[129.9,-3.4],[129.8,-3.3],[129.6,-3.3],[129.6,-3.4],[129.6,-3.6],[129.5,-3.6],[129.0,-3.4],[128.9,-3.3],[128.7,-3.3],[128.5,-3.5],[128.4,-3.5],[128.3,-3.5],[128.2,-3.3],[128.0,-3.1],[128.2,-3.0],[128.3,-3.0],[128.4,-3.0],[128.9,-3.0],[129.2,-3.1],[129.3,-3.1],[129.6,-3.0],[129.7,-3.0],[130.0,-3.0],[130.4,-3.1],[130.6,-3.3],[130.7,-3.5],[130.8,-3.8],[130.8,-3.9]]],[[[126.7,-3.9],[126.5,-3.9],[126.2,-3.6],[126.0,-3.4],[126.1,-3.3],[126.4,-3.3],[126.7,-3.2],[126.8,-3.3],[127.0,-3.4],[127.1,-3.5],[127.1,-3.6],[127.1,-3.7],[126.7,-3.9]]],[[[138.2,-8.6],[137.7,-8.5],[137.9,-8.0],[138.2,-7.7],[138.4,-7.6],[138.6,-7.5],[138.8,-7.7],[138.9,-7.8],[138.8,-7.9],[138.7,-8.2],[138.6,-8.2],[138.3,-8.5],[138.2,-8.6]]],[[[122.9,-8.4],[122.7,-8.5],[122.7,-8.6],[122.3,-8.7],[122.1,-8.9],[121.9,-8.8],[121.7,-9.0],[121.5,-9.0],[121.3,-8.9],[121.1,-9.0],[121.0,-9.1],[120.8,-9.0],[120.5,-8.9],[120.1,-8.9],[119.9,-8.9],[119.8,-8.7],[119.9,-8.6],[120.0,-8.5],[120.3,-8.4],[120.6,-8.4],[121.1,-8.6],[121.3,-8.7],[121.4,-8.7],[121.6,-8.6],[121.8,-8.6],[122.0,-8.6],[122.2,-8.6],[122.4,-8.6],[122.3,-8.5],[122.5,-8.4],[122.7,-8.3],[122.8,-8.2],[122.7,-8.2],[122.6,-8.2],[122.7,-8.1],[122.8,-8.1],[122.9,-8.1],[122.9,-8.2],[122.9,-8.4]]],[[[117.9,-8.5],[117.8,-8.5],[117.7,-8.4],[117.7,-8.3],[117.8,-8.2],[117.9,-8.2],[118.0,-8.2],[118.0,-8.3],[118.1,-8.3],[118.3,-8.3],[118.4,-8.3],[118.5,-8.4],[118.5,-8.6],[118.5,-8.5],[118.6,-8.4],[118.8,-8.4],[118.9,-8.5],[118.9,-8.7],[119.0,-8.7],[119.0,-8.9],[118.8,-8.8],[118.7,-8.8],[118.6,-8.8],[118.7,-8.9],[118.3,-8.9],[118.2,-8.9],[118.3,-8.8],[118.2,-8.7],[118.1,-8.9],[118.0,-9.0],[117.8,-9.0],[117.6,-9.1],[117.3,-9.1],[117.1,-9.1],[117.0,-9.2],[116.8,-9.1],[116.7,-9.1],[116.6,-8.9],[116.7,-8.8],[116.7,-8.7],[116.9,-8.6],[117.0,-8.5],[117.1,-8.6],[117.3,-8.6],[117.5,-8.6],[117.6,-8.7],[117.7,-8.8],[117.8,-8.8],[117.9,-8.7],[118.0,-8.7],[118.1,-8.6],[117.9,-8.5]]],[[[115.1,-8.8],[114.9,-8.7],[114.5,-8.5],[114.5,-8.3],[114.6,-8.3],[114.9,-8.2],[115.1,-8.2],[115.5,-8.5],[115.3,-8.5],[115.2,-8.6],[115.1,-8.8]]],[[[103.7,-0.0],[103.7,-0.1],[103.5,-0.3],[103.4,-0.5],[103.2,-0.7],[103.3,-0.8],[103.4,-0.9],[103.7,-1.1],[104.1,-1.1],[104.2,-1.2],[104.3,-1.4],[104.4,-1.7],[104.4,-1.9],[104.5,-2.1],[104.6,-2.1],[104.8,-2.2],[104.6,-2.6],[104.7,-2.7],[105.0,-2.5],[105.4,-2.6],[105.6,-2.7],[105.6,-2.9],[105.9,-3.2],[105.7,-4.1],[105.7,-4.3],[105.8,-4.7],[105.8,-4.9],[105.8,-5.2],[105.8,-5.4],[105.7,-5.8],[105.7,-5.9],[105.6,-5.9],[105.5,-5.8],[105.3,-5.6],[105.2,-5.5],[105.1,-5.8],[105.0,-5.9],[104.6,-5.6],[104.5,-5.6],[104.6,-6.0],[104.6,-6.1],[104.5,-6.0],[103.9,-5.3],[103.5,-5.0],[103.1,-4.6],[102.5,-4.2],[102.3,-4.0],[102.2,-3.8],[102.1,-3.6],[101.7,-3.3],[101.3,-3.0],[100.8,-2.3],[100.8,-2.2],[100.8,-2.0],[100.7,-1.6],[100.3,-1.0],[100.0,-0.5],[99.7,-0.2],[99.5,-0.0],[99.4,0.1],[99.1,0.2],[99.0,0.6],[98.7,1.4],[98.7,1.5],[98.7,1.6],[98.6,1.7],[98.3,1.9],[98.0,2.1],[97.7,2.2],[97.6,2.3],[97.5,2.4],[97.5,2.7],[97.4,2.9],[97.3,3.1],[96.9,3.5],[96.7,3.7],[96.4,3.6],[96.1,4.0],[95.8,4.2],[95.6,4.5],[95.3,5.0],[95.2,5.2],[95.2,5.4],[95.2,5.5],[95.3,5.6],[95.5,5.6],[95.6,5.5],[95.7,5.5],[96.0,5.2],[96.2,5.1],[96.6,5.1],[96.8,5.1],[97.0,5.1],[97.2,5.2],[97.4,5.2],[97.5,5.0],[97.9,4.5],[98.2,4.4],[98.2,4.3],[98.1,4.1],[98.6,3.7],[99.0,3.4],[99.5,3.1],[99.8,3.0],[99.9,2.9],[99.9,2.6],[100.1,2.5],[100.5,2.1],[100.7,1.9],[100.9,1.9],[100.9,2.0],[100.8,2.1],[100.8,2.2],[101.1,2.1],[101.3,1.7],[101.5,1.5],[101.7,1.5],[101.9,1.4],[102.0,1.3],[102.1,0.9],[102.3,0.7],[102.5,0.6],[102.7,0.6],[103.0,0.5],[103.2,0.5],[103.5,0.3],[103.7,0.0]]],[[[127.6,-0.0],[127.6,0.1],[127.4,0.5],[127.5,0.8],[127.4,1.0],[127.4,1.1],[127.6,1.5],[127.8,1.9],[127.9,1.7],[128.0,1.6],[128.0,1.4],[127.9,1.3],[127.7,0.9],[127.7,0.8],[127.8,0.7],[127.8,0.8],[128.0,1.0],[128.1,1.2],[128.2,1.3],[128.5,1.4],[128.6,1.4],[128.6,1.3],[128.6,1.0],[128.5,0.9],[128.3,0.8],[128.2,0.6],[128.3,0.6],[128.5,0.5],[128.6,0.4],[128.7,0.2],[128.4,0.3],[128.2,0.3],[128.0,0.4],[127.9,0.3],[127.9,0.1],[127.9,-0.0],[127.9,-0.3],[128.1,-0.6],[128.3,-0.8],[128.4,-0.9],[128.3,-1.0],[128.2,-0.9],[127.9,-0.6],[127.6,-0.3],[127.6,-0.1],[127.6,-0.0]]],[[[106.6,-3.2],[106.2,-3.0],[106.0,-2.9],[105.9,-2.7],[105.9,-2.6],[105.8,-2.4],[105.6,-2.2],[105.5,-2.2],[105.3,-2.2],[105.2,-2.1],[105.3,-1.8],[105.4,-1.7],[105.7,-2.0],[105.7,-1.7],[105.9,-1.6],[105.9,-1.8],[106.0,-2.2],[106.3,-2.6],[106.6,-2.7],[106.5,-2.8],[106.5,-2.9],[106.6,-3.2]]],[[[105.2,-6.9],[105.1,-6.8],[105.3,-6.8],[105.5,-6.8],[105.6,-6.8],[105.7,-6.5],[105.8,-6.5],[105.8,-6.3],[105.9,-6.2],[105.9,-6.0],[106.0,-6.1],[106.3,-6.1],[106.5,-6.1],[106.6,-6.3],[106.9,-6.3],[106.9,-6.1],[106.9,-6.0],[107.1,-6.1],[107.3,-6.2],[107.5,-6.4],[107.7,-6.3],[107.8,-6.5],[108.0,-6.4],[108.2,-6.4],[108.3,-6.5],[108.5,-6.7],[108.6,-6.9],[109.0,-6.9],[109.2,-7.0],[109.4,-7.0],[110.0,-7.0],[110.2,-7.0],[110.4,-7.0],[110.5,-6.7],[110.6,-6.5],[110.8,-6.5],[110.9,-6.6],[111.0,-6.9],[111.3,-6.9],[111.6,-6.9],[111.9,-7.0],[112.3,-7.0],[112.4,-7.1],[112.5,-7.3],[112.5,-7.5],[112.6,-7.7],[112.7,-7.7],[113.1,-7.9],[113.3,-7.9],[113.6,-7.9],[113.8,-7.8],[113.9,-7.8],[114.2,-7.9],[114.3,-8.0],[114.1,-8.2],[114.1,-8.4],[114.3,-8.8],[114.1,-8.7],[113.7,-8.6],[113.5,-8.5],[113.1,-8.3],[112.8,-8.3],[112.6,-8.5],[112.4,-8.5],[112.1,-8.4],[111.4,-8.4],[110.8,-8.3],[110.4,-8.2],[110.0,-8.0],[109.5,-7.8],[109.0,-7.7],[108.6,-7.7],[108.4,-7.8],[108.2,-7.9],[107.7,-7.8],[107.4,-7.6],[107.2,-7.5],[106.5,-7.5],[106.3,-7.4],[106.5,-7.2],[106.4,-7.0],[106.1,-7.0],[105.9,-6.9],[105.8,-6.9],[105.2,-6.9]]],[[[123.5,-10.4],[123.6,-10.1],[123.6,-9.9],[123.7,-9.7],[124.0,-9.5],[124.6,-9.3],[124.9,-9.0],[125.1,-8.8],[125.3,-8.7],[126.0,-8.7],[126.4,-8.6],[126.7,-8.5],[127.0,-8.5],[127.1,-8.5],[127.1,-8.6],[127.0,-8.7],[126.9,-8.8],[126.1,-9.1],[125.5,-9.3],[125.2,-9.4],[124.9,-9.6],[124.4,-10.0],[124.2,-10.2],[124.0,-10.2],[123.7,-10.3],[123.5,-10.4]]],[[[120.3,-10.4],[120.2,-10.3],[119.8,-10.1],[119.4,-9.9],[119.3,-9.8],[119.0,-9.8],[118.9,-9.7],[118.9,-9.6],[119.1,-9.5],[119.6,-9.5],[119.8,-9.5],[119.9,-9.6],[120.5,-9.9],[120.6,-10.1],[120.5,-10.2],[120.4,-10.4],[120.3,-10.4]]],[[[117.6,4.0],[117.5,3.9],[117.7,3.6],[117.6,3.6],[117.3,3.5],[117.1,3.5],[117.2,3.4],[117.2,3.3],[117.1,3.2],[117.2,3.1],[117.3,3.0],[117.6,2.7],[117.8,2.3],[117.8,2.2],[117.7,1.9],[117.7,1.8],[117.9,1.6],[118.2,1.4],[118.5,1.2],[118.8,0.8],[118.6,0.7],[118.2,0.8],[117.9,0.9],[117.7,0.8],[117.5,0.6],[117.4,0.2],[117.3,-0.0],[117.3,-0.1],[117.4,-0.4],[117.4,-0.6],[117.4,-1.0],[117.3,-1.0],[117.0,-0.9],[116.6,-1.4],[116.4,-1.7],[116.0,-1.9],[116.2,-2.1],[116.3,-2.3],[116.3,-2.4],[116.0,-2.4],[116.2,-2.7],[116.2,-2.8],[116.2,-2.9],[116.0,-3.2],[115.9,-3.4],[115.8,-3.5],[115.6,-3.8],[115.0,-4.1],[114.7,-4.2],[114.6,-4.3],[114.5,-4.2],[114.5,-4.0],[114.4,-3.6],[114.2,-3.4],[114.1,-3.3],[114.0,-3.4],[113.7,-3.6],[113.6,-3.6],[113.5,-3.4],[113.3,-3.3],[113.1,-3.2],[112.9,-3.0],[112.8,-3.0],[112.6,-3.3],[112.6,-3.4],[112.4,-3.4],[112.2,-3.4],[112.0,-3.5],[111.9,-3.6],[111.7,-3.6],[111.7,-3.4],[111.7,-3.3],[111.6,-2.8],[111.4,-3.0],[110.8,-3.2],[110.7,-3.0],[110.4,-3.0],[110.2,-3.1],[110.1,-3.1],[110.1,-2.8],[110.1,-2.5],[109.9,-1.9],[109.9,-1.6],[109.8,-1.3],[109.6,-1.1],[109.2,-0.9],[109.4,-0.7],[109.2,-0.5],[109.1,-0.4],[109.2,-0.1],[109.1,-0.0],[109.0,0.2],[108.8,0.3],[108.9,0.5],[108.8,0.8],[108.9,1.1],[109.0,1.3],[109.1,1.5],[109.3,1.9],[109.4,1.9],[109.5,1.8],[109.6,1.5],[109.8,1.3],[110.2,0.9],[110.3,0.9],[110.5,0.7],[111.0,0.9],[111.1,0.9],[111.3,0.8],[111.6,0.8],[111.7,0.8],[112.0,1.0],[112.2,1.2],[112.4,1.4],[112.6,1.5],[112.8,1.4],[113.1,1.3],[113.3,1.2],[113.5,1.1],[113.7,1.1],[113.9,1.3],[114.1,1.4],[114.5,1.5],[114.7,1.6],[115.1,2.4],[115.0,2.7],[115.1,2.9],[115.4,3.0],[115.5,3.2],[115.5,3.6],[115.5,3.9],[115.7,4.2],[115.8,4.2],[116.0,4.2],[116.4,4.2],[116.7,4.2],[116.9,4.2],[117.1,4.2],[117.5,4.0],[117.6,4.0]]],[[[119.7,-0.0],[119.9,0.5],[120.1,0.7],[120.2,0.8],[120.4,0.6],[120.6,0.8],[120.6,0.9],[120.8,1.1],[121.0,1.2],[121.3,1.1],[121.6,0.9],[121.8,0.8],[122.2,0.9],[122.4,0.8],[122.7,0.7],[123.0,0.8],[123.8,0.7],[124.2,0.8],[124.4,1.0],[124.5,1.1],[124.5,1.2],[124.5,1.3],[124.7,1.4],[124.9,1.6],[125.0,1.6],[125.0,1.5],[125.0,1.3],[124.9,1.2],[124.9,1.1],[124.9,1.0],[124.4,0.5],[124.2,0.3],[124.0,0.3],[123.5,0.2],[123.2,0.2],[123.0,0.4],[122.5,0.4],[121.9,0.4],[121.6,0.4],[121.1,0.4],[120.8,0.4],[120.5,0.4],[120.3,0.4],[120.1,0.2],[120.0,-0.0],[120.0,-0.1],[119.9,-0.5],[119.9,-0.7],[120.0,-0.9],[120.1,-1.0],[120.3,-1.1],[120.4,-1.2],[120.5,-1.4],[120.6,-1.5],[120.7,-1.5],[121.1,-1.5],[121.2,-1.4],[121.5,-1.0],[121.6,-1.0],[121.8,-1.1],[122.0,-1.1],[122.2,-1.0],[122.5,-0.9],[122.7,-0.9],[122.9,-0.7],[123.0,-0.7],[123.2,-0.8],[123.3,-0.9],[123.2,-1.2],[123.0,-1.1],[122.8,-1.1],[122.6,-1.2],[122.4,-1.5],[122.2,-1.7],[121.7,-1.9],[121.7,-2.0],[121.6,-2.0],[121.5,-2.0],[121.3,-1.9],[121.3,-2.0],[121.3,-2.1],[121.4,-2.2],[121.7,-2.4],[121.9,-2.7],[122.3,-3.2],[122.2,-3.4],[122.1,-3.7],[122.2,-3.8],[122.4,-4.1],[122.6,-4.3],[122.7,-4.4],[122.6,-4.5],[122.5,-4.5],[122.2,-4.5],[122.0,-4.6],[121.9,-5.0],[121.6,-4.9],[121.4,-4.9],[121.4,-4.8],[121.4,-4.5],[121.5,-4.2],[121.1,-3.9],[120.9,-3.7],[120.8,-3.6],[120.8,-3.5],[120.9,-3.3],[121.0,-3.0],[120.9,-2.8],[120.6,-2.8],[120.4,-2.9],[120.1,-3.1],[120.2,-3.2],[120.3,-3.7],[120.2,-3.9],[120.1,-4.4],[120.3,-4.8],[120.3,-4.9],[120.1,-5.2],[120.1,-5.3],[120.2,-5.6],[119.9,-5.7],[119.7,-5.8],[119.5,-5.8],[119.4,-5.7],[119.3,-5.4],[119.4,-5.3],[119.4,-5.1],[119.5,-4.7],[119.5,-4.2],[119.4,-4.0],[119.5,-3.8],[119.4,-3.6],[119.2,-3.6],[119.0,-3.7],[118.8,-3.7],[118.8,-3.5],[118.7,-2.9],[118.7,-2.8],[119.0,-2.5],[119.2,-2.2],[119.2,-2.0],[119.2,-1.5],[119.2,-1.4],[119.2,-1.2],[119.4,-0.9],[119.6,-0.9],[119.6,-0.5],[119.7,-0.0]]]]}},{"type":"Feature","properties":{"NAME":"Greenland"},"geometry":{"type":"MultiPolygon","coordinates":[[[[-26.8,71.6],[-25.8,71.4],[-25.7,71.3],[-26.1,71.2],[-26.3,71.1],[-27.1,71.1],[-27.6,71.1],[-27.9,71.0],[-28.1,70.9],[-28.2,70.6],[-28.4,70.5],[-27.9,70.3],[-27.5,70.2],[-26.5,70.2],[-26.3,70.2],[-25.5,70.3],[-24.6,70.3],[-24.2,70.2],[-23.8,70.1],[-23.6,70.1],[-23.5,70.1],[-23.0,70.1],[-22.4,70.1],[-22.2,70.1],[-22.7,69.8],[-23.4,69.6],[-24.3,69.3],[-24.6,69.3],[-24.9,69.4],[-25.3,69.1],[-25.8,68.9],[-26.4,68.7],[-26.9,68.5],[-27.0,68.5],[-28.0,68.5],[-28.2,68.4],[-28.4,68.4],[-28.9,68.3],[-29.2,68.3],[-29.4,68.2],[-29.8,68.4],[-30.0,68.4],[-30.3,68.0],[-30.7,67.9],[-31.0,68.0],[-31.4,68.0],[-31.6,68.3],[-32.0,68.4],[-32.3,68.5],[-32.4,68.5],[-32.0,68.0],[-32.1,67.9],[-32.3,67.9],[-32.6,67.8],[-33.0,67.6],[-33.2,67.5],[-33.7,67.1],[-34.0,66.8],[-34.4,66.4],[-34.8,66.3],[-35.2,66.2],[-35.7,66.4],[-35.8,66.1],[-36.0,65.8],[-36.3,65.7],[-36.8,65.8],[-37.0,65.7],[-37.6,65.5],[-37.2,66.3],[-37.6,66.3],[-38.0,66.4],[-37.9,66.2],[-37.9,66.0],[-38.1,65.8],[-38.5,65.6],[-39.0,65.6],[-39.4,65.6],[-40.0,65.5],[-39.8,65.4],[-39.7,65.2],[-39.7,65.0],[-39.9,65.0],[-40.0,65.0],[-40.3,65.0],[-41.1,65.0],[-40.8,64.9],[-40.5,64.7],[-40.4,64.5],[-40.4,64.4],[-40.5,64.3],[-41.0,64.3],[-41.5,64.3],[-41.1,64.1],[-40.9,64.0],[-40.7,63.9],[-40.5,63.8],[-40.8,63.6],[-40.9,63.5],[-41.2,63.6],[-41.4,63.5],[-41.2,63.3],[-41.4,63.0],[-41.7,63.1],[-41.9,63.1],[-41.8,62.8],[-41.8,62.7],[-42.0,62.7],[-42.3,62.7],[-42.7,62.7],[-43.2,62.7],[-42.9,62.5],[-42.4,62.3],[-42.3,62.2],[-42.3,61.7],[-42.5,61.3],[-42.7,61.3],[-43.0,61.3],[-42.8,61.0],[-42.8,60.8],[-42.8,60.7],[-42.8,60.5],[-42.9,60.5],[-43.1,60.5],[-43.5,60.5],[-43.2,60.3],[-43.0,60.0],[-43.0,59.8],[-43.1,59.8],[-43.6,59.9],[-44.1,60.2],[-44.3,60.0],[-44.5,59.8],[-44.8,60.0],[-44.7,60.3],[-44.9,60.4],[-45.4,60.5],[-45.6,60.6],[-45.6,60.7],[-45.5,60.8],[-45.5,60.9],[-45.6,61.0],[-45.8,61.1],[-46.1,60.9],[-46.2,60.9],[-46.3,60.9],[-46.5,60.9],[-47.0,60.9],[-47.2,60.9],[-47.4,60.7],[-47.6,60.6],[-47.8,60.8],[-47.9,60.9],[-48.0,61.0],[-48.2,61.1],[-48.6,61.2],[-48.9,61.4],[-49.1,61.8],[-49.1,62.1],[-49.2,62.2],[-49.4,62.2],[-49.6,62.2],[-50.0,62.3],[-50.1,62.4],[-50.2,62.5],[-50.1,62.7],[-49.9,62.8],[-49.9,63.0],[-50.0,63.0],[-50.2,63.0],[-50.5,63.1],[-50.6,63.1],[-50.6,63.4],[-50.8,63.5],[-51.1,63.5],[-51.4,63.7],[-51.4,63.8],[-51.3,63.9],[-51.0,64.1],[-50.4,64.2],[-50.3,64.4],[-50.0,64.4],[-50.0,64.6],[-50.1,64.7],[-50.4,64.7],[-50.8,64.7],[-51.0,64.6],[-51.3,64.4],[-51.5,64.4],[-51.8,64.2],[-52.0,64.4],[-51.9,64.7],[-52.0,65.0],[-52.1,65.2],[-52.1,65.4],[-52.2,65.5],[-52.4,65.5],[-52.5,65.5],[-52.8,65.7],[-53.1,65.9],[-53.1,66.0],[-52.7,66.3],[-52.6,66.3],[-52.9,66.4],[-53.3,66.3],[-53.4,66.5],[-53.2,66.5],[-52.9,66.5],[-52.7,66.6],[-52.4,66.6],[-52.3,66.9],[-52.8,66.9],[-53.1,66.9],[-53.3,66.9],[-53.4,67.0],[-53.4,67.1],[-53.3,67.2],[-53.2,67.3],[-53.0,67.3],[-53.1,67.4],[-53.4,67.4],[-53.5,67.5],[-53.5,67.6],[-53.4,67.6],[-53.3,67.6],[-53.2,67.7],[-52.8,67.8],[-52.3,67.7],[-51.9,67.7],[-51.5,67.7],[-51.4,67.6],[-50.9,67.5],[-50.5,67.5],[-50.5,67.6],[-50.4,67.9],[-50.5,68.0],[-50.9,68.1],[-51.6,68.2],[-52.0,68.3],[-52.7,68.5],[-52.8,68.5],[-52.7,68.7],[-52.3,68.7],[-51.7,68.5],[-51.2,68.5],[-51.0,68.5],[-50.9,68.8],[-50.9,68.9],[-50.6,69.0],[-50.4,68.9],[-50.3,69.0],[-50.3,69.1],[-50.4,69.2],[-50.8,69.3],[-50.7,69.5],[-50.5,69.7],[-50.6,69.9],[-51.1,69.9],[-51.6,69.9],[-52.2,70.1],[-52.9,70.3],[-53.3,70.3],[-53.7,70.4],[-54.0,70.5],[-54.4,70.7],[-54.3,70.7],[-54.2,70.8],[-53.9,70.8],[-53.6,70.8],[-52.7,70.7],[-52.4,70.7],[-51.8,70.5],[-51.2,70.3],[-50.8,70.2],[-50.8,70.4],[-50.9,70.6],[-51.3,70.8],[-51.4,71.0],[-51.7,71.2],[-51.9,71.2],[-52.2,71.4],[-52.0,71.5],[-51.8,71.5],[-51.7,71.6],[-52.0,71.7],[-52.5,71.7],[-52.8,71.7],[-53.3,71.9],[-53.7,71.6],[-53.9,71.5],[-54.0,71.4],[-54.4,71.3],[-55.0,71.3],[-55.5,71.5],[-55.6,71.6],[-55.6,71.7],[-55.4,71.9],[-55.3,72.2],[-55.4,72.7],[-55.1,72.8],[-54.8,72.7],[-54.6,72.7],[-54.6,72.9],[-54.7,73.0],[-55.1,73.3],[-55.4,73.3],[-55.8,73.7],[-56.2,74.1],[-56.7,74.7],[-56.9,74.9],[-57.8,75.1],[-58.1,75.2],[-58.2,75.3],[-58.2,75.6],[-58.6,75.8],[-59.1,75.8],[-59.8,75.9],[-60.7,76.1],[-61.5,76.3],[-62.5,76.3],[-62.9,76.4],[-63.7,76.4],[-64.0,76.3],[-64.5,76.3],[-64.8,76.2],[-65.5,76.1],[-66.0,76.2],[-66.7,76.3],[-66.5,76.0],[-66.6,75.9],[-67.0,75.9],[-67.6,76.0],[-69.0,76.3],[-68.4,76.5],[-68.1,76.6],[-68.2,76.7],[-68.4,76.8],[-68.9,76.8],[-69.9,76.8],[-70.2,76.8],[-70.5,76.8],[-71.1,77.0],[-71.4,77.1],[-71.2,77.3],[-70.6,77.3],[-69.3,77.2],[-68.3,77.2],[-67.7,77.2],[-66.8,77.3],[-66.3,77.4],[-66.2,77.4],[-66.2,77.6],[-66.4,77.7],[-66.8,77.8],[-67.4,77.7],[-67.9,77.6],[-68.4,77.6],[-69.0,77.6],[-69.3,77.6],[-69.7,77.6],[-70.0,77.6],[-70.4,77.7],[-70.7,77.8],[-71.0,77.9],[-71.3,77.9],[-71.7,77.9],[-71.9,77.9],[-72.5,78.2],[-72.5,78.3],[-72.4,78.5],[-72.0,78.6],[-71.5,78.6],[-70.8,78.7],[-69.8,78.8],[-69.3,78.8],[-68.8,79.0],[-68.3,79.1],[-68.0,79.1],[-66.9,79.1],[-66.4,79.2],[-65.5,79.2],[-65.3,79.2],[-65.2,79.3],[-64.9,79.4],[-64.8,79.7],[-64.7,79.9],[-64.6,79.9],[-65.0,80.1],[-65.9,80.1],[-66.4,80.0],[-66.9,80.0],[-67.4,80.2],[-67.1,80.6],[-66.5,80.7],[-65.2,80.9],[-64.6,81.0],[-63.7,81.1],[-62.8,81.2],[-62.3,81.1],[-61.7,81.2],[-61.1,81.2],[-61.0,81.3],[-61.0,81.4],[-61.1,81.7],[-61.1,81.8],[-60.9,81.9],[-60.0,81.9],[-59.4,81.8],[-58.4,81.6],[-57.8,81.5],[-57.4,81.4],[-57.1,81.5],[-57.8,81.8],[-58.1,82.0],[-57.1,82.1],[-56.5,82.1],[-55.7,82.2],[-54.6,82.3],[-54.2,82.3],[-53.8,82.2],[-53.7,81.5],[-53.3,81.5],[-53.0,81.7],[-52.8,82.1],[-52.4,82.1],[-51.5,82.0],[-50.6,81.8],[-49.9,81.7],[-49.8,81.8],[-50.1,81.9],[-50.5,82.2],[-50.9,82.4],[-50.8,82.5],[-50.4,82.5],[-49.6,82.5],[-49.1,82.4],[-47.9,82.2],[-47.3,82.1],[-46.4,81.9],[-45.5,81.8],[-44.7,81.7],[-44.3,81.8],[-44.0,82.5],[-44.1,82.6],[-44.7,82.7],[-45.2,83.0],[-44.9,83.1],[-43.8,83.1],[-42.5,83.2],[-41.9,83.3],[-41.2,83.2],[-40.2,83.0],[-39.5,82.9],[-38.6,82.8],[-38.5,83.2],[-38.6,83.4],[-37.4,83.5],[-36.5,83.5],[-35.3,83.5],[-34.4,83.4],[-33.6,83.5],[-32.5,83.6],[-31.6,83.6],[-30.8,83.5],[-29.9,83.5],[-29.3,83.5],[-29.1,83.4],[-28.8,83.5],[-27.9,83.4],[-27.2,83.4],[-26.4,83.3],[-25.3,83.0],[-24.7,82.9],[-24.1,82.9],[-23.6,82.8],[-22.4,82.7],[-22.2,82.6],[-22.4,82.5],[-22.6,82.4],[-23.3,82.4],[-24.4,82.3],[-24.9,82.2],[-25.5,82.2],[-26.1,82.3],[-27.4,82.3],[-28.4,82.3],[-29.0,82.2],[-29.7,82.2],[-30.6,82.2],[-31.1,82.2],[-31.8,82.1],[-32.0,82.1],[-32.6,82.0],[-32.7,81.8],[-32.4,81.7],[-31.3,81.8],[-30.7,81.8],[-28.9,81.8],[-27.9,81.8],[-26.8,81.9],[-26.4,81.9],[-26.0,81.8],[-25.2,81.6],[-24.9,81.6],[-24.4,81.7],[-23.6,81.8],[-22.9,81.9],[-22.1,82.0],[-21.8,81.8],[-22.1,81.5],[-23.1,81.3],[-23.5,81.1],[-24.1,80.8],[-24.1,80.6],[-23.9,80.6],[-23.6,80.6],[-23.3,80.6],[-22.6,80.9],[-21.8,81.1],[-21.2,81.3],[-20.4,81.4],[-20.1,81.5],[-19.3,81.6],[-18.6,81.5],[-18.0,81.5],[-17.3,81.7],[-17.0,81.8],[-16.5,81.9],[-15.5,81.9],[-14.7,81.9],[-14.3,81.8],[-13.7,81.8],[-13.2,81.7],[-12.7,81.6],[-12.6,81.5],[-12.6,81.4],[-13.5,81.3],[-14.2,81.2],[-14.8,81.0],[-15.0,80.9],[-15.7,80.7],[-16.4,80.5],[-16.9,80.4],[-17.3,80.4],[-18.0,80.4],[-19.0,80.4],[-19.7,80.3],[-20.0,80.2],[-20.3,80.0],[-20.2,79.9],[-19.3,80.0],[-18.6,80.0],[-17.8,80.0],[-17.8,79.8],[-18.1,79.7],[-19.2,79.6],[-19.4,79.5],[-19.5,79.5],[-19.6,79.2],[-19.8,78.9],[-20.1,78.8],[-20.5,78.8],[-20.9,78.8],[-21.3,78.4],[-21.7,77.9],[-21.8,77.8],[-21.6,77.6],[-21.4,77.6],[-21.1,77.8],[-20.8,78.0],[-20.4,78.0],[-19.3,77.9],[-19.2,77.8],[-19.1,77.7],[-19.1,77.6],[-19.6,77.6],[-19.9,77.6],[-20.2,77.6],[-20.2,77.5],[-20.1,77.4],[-19.3,77.3],[-19.1,77.2],[-18.3,77.3],[-18.0,77.2],[-17.9,77.1],[-17.9,76.9],[-18.1,76.8],[-18.9,76.9],[-19.6,76.9],[-20.0,76.9],[-20.6,76.9],[-21.2,76.7],[-21.6,76.8],[-21.8,76.8],[-22.3,76.8],[-22.4,76.6],[-21.8,76.4],[-21.2,76.3],[-20.6,76.2],[-19.9,76.2],[-19.6,76.1],[-19.3,75.9],[-19.2,75.7],[-19.2,75.4],[-19.4,75.3],[-19.6,75.2],[-20.1,75.3],[-20.5,75.4],[-20.7,75.3],[-20.7,75.1],[-20.6,75.0],[-20.4,74.9],[-20.1,74.8],[-19.8,74.7],[-19.4,74.7],[-19.1,74.6],[-18.9,74.4],[-19.1,74.3],[-19.4,74.3],[-19.7,74.2],[-20.5,74.2],[-21.0,74.3],[-21.8,74.3],[-22.0,74.1],[-21.8,74.0],[-21.2,74.0],[-20.7,73.9],[-20.4,73.8],[-20.3,73.7],[-20.3,73.4],[-20.4,73.4],[-20.9,73.4],[-21.4,73.4],[-21.7,73.3],[-22.3,73.3],[-22.8,73.3],[-23.5,73.5],[-23.9,73.7],[-24.1,73.8],[-24.6,73.6],[-25.0,73.5],[-25.5,73.4],[-25.8,73.4],[-26.4,73.4],[-26.8,73.4],[-27.3,73.3],[-27.4,73.3],[-27.5,73.2],[-27.5,73.1],[-27.4,72.9],[-27.0,72.7],[-26.5,72.7],[-25.8,72.6],[-25.1,72.6],[-24.5,72.4],[-24.1,72.3],[-23.9,72.2],[-23.4,72.0],[-22.8,71.9],[-22.6,71.7],[-22.4,71.3],[-22.0,71.4],[-21.9,71.5],[-21.7,71.4],[-21.6,71.2],[-21.6,71.1],[-21.5,70.5],[-21.5,70.4],[-21.7,70.4],[-22.0,70.4],[-22.2,70.5],[-22.6,70.5],[-23.1,70.5],[-23.8,70.6],[-24.0,70.8],[-24.2,71.1],[-24.4,71.2],[-24.9,71.4],[-25.3,71.6],[-25.6,71.6],[-26.1,71.7],[-26.4,71.6],[-26.8,71.6]]],[[[-22.1,72.0],[-22.8,72.3],[-23.3,72.4],[-23.6,72.4],[-23.7,72.5],[-23.8,72.7],[-23.1,72.7],[-22.7,72.6],[-22.3,72.5],[-21.9,72.4],[-21.8,72.1],[-21.9,72.1],[-22.1,72.0]]],[[[-53.6,69.3],[-53.8,69.3],[-54.1,69.5],[-54.5,69.6],[-54.6,69.6],[-54.7,69.7],[-54.7,70.1],[-54.6,70.2],[-54.4,70.2],[-54.1,70.2],[-53.6,70.2],[-53.0,70.0],[-52.7,69.9],[-52.4,69.9],[-52.1,69.8],[-51.8,69.6],[-51.9,69.5],[-52.2,69.5],[-52.5,69.5],[-52.9,69.4],[-53.3,69.3],[-53.6,69.3]]]]}},{"type":"Feature","properties":{"NAME":"Canada"},"geometry":{"type":"MultiPolygon","coordinates":[[[[-67.2,45.5],[-67.2,45.6],[-67.3,45.6],[-67.6,45.7],[-67.6,45.8],[-67.7,47.0],[-67.8,47.2],[-68.0,47.3],[-68.3,47.3],[-68.5,47.2],[-68.7,47.3],[-68.9,47.4],[-69.0,47.5],[-69.3,47.2],[-69.6,46.9],[-70.1,45.9],[-70.6,45.3],[-71.1,45.4],[-71.3,45.3],[-71.5,45.1],[-71.5,45.0],[-72.0,45.0],[-72.9,45.0],[-74.0,45.0],[-74.8,45.0],[-75.2,44.8],[-75.5,44.6],[-76.1,44.3],[-76.4,44.3],[-76.5,44.2],[-76.4,44.3],[-76.6,44.2],[-76.9,44.1],[-77.0,44.1],[-77.1,44.1],[-77.0,44.1],[-76.9,44.1],[-76.9,44.2],[-77.0,44.2],[-77.0,44.1],[-77.0,44.2],[-77.1,44.2],[-77.2,44.2],[-77.3,44.2],[-77.4,44.1],[-77.5,44.1],[-77.4,44.1],[-77.3,44.1],[-77.2,44.1],[-77.1,44.1],[-77.1,44.0],[-77.0,44.0],[-77.0,44.1],[-76.9,44.1],[-77.0,44.0],[-77.0,43.9],[-76.9,43.9],[-77.1,43.9],[-77.2,43.8],[-77.2,43.9],[-77.3,43.9],[-77.3,44.0],[-77.3,43.9],[-77.3,44.0],[-77.4,43.9],[-77.5,44.0],[-77.6,44.0],[-78.0,44.0],[-78.7,43.9],[-79.2,43.8],[-79.3,43.7],[-79.4,43.6],[-79.5,43.6],[-79.6,43.5],[-79.7,43.4],[-79.8,43.3],[-79.9,43.3],[-79.8,43.3],[-79.7,43.3],[-79.5,43.2],[-79.2,43.2],[-79.1,43.2],[-79.1,43.0],[-79.1,42.9],[-79.2,42.8],[-79.4,42.9],[-79.6,42.9],[-80.0,42.8],[-80.3,42.7],[-80.4,42.7],[-80.4,42.6],[-80.1,42.6],[-80.1,42.5],[-80.4,42.6],[-81.0,42.6],[-81.4,42.6],[-81.7,42.5],[-81.8,42.4],[-81.8,42.3],[-81.9,42.3],[-82.0,42.2],[-82.3,42.1],[-82.4,42.1],[-82.5,42.0],[-82.5,41.9],[-82.6,42.0],[-82.7,42.0],[-82.8,42.0],[-83.0,42.0],[-83.1,42.0],[-83.1,42.1],[-83.0,42.2],[-82.7,42.5],[-82.5,42.6],[-82.4,42.8],[-82.3,43.0],[-82.2,43.0],[-82.1,43.1],[-82.1,43.2],[-82.0,43.3],[-81.8,43.3],[-81.7,43.5],[-81.8,43.9],[-81.7,44.1],[-81.6,44.3],[-81.5,44.4],[-81.4,44.5],[-81.3,44.7],[-81.3,44.9],[-81.4,45.0],[-81.5,45.0],[-81.5,45.1],[-81.6,45.2],[-81.7,45.2],[-81.6,45.3],[-81.4,45.2],[-81.3,45.2],[-81.3,45.1],[-81.3,45.0],[-81.2,44.9],[-81.1,44.9],[-81.0,44.9],[-81.1,44.8],[-81.0,44.8],[-80.9,44.7],[-80.9,44.6],[-80.8,44.7],[-80.7,44.7],[-80.6,44.7],[-80.6,44.6],[-80.5,44.6],[-80.2,44.5],[-80.1,44.5],[-80.0,44.6],[-80.0,44.7],[-80.1,44.8],[-80.0,44.9],[-80.0,44.8],[-79.9,44.8],[-79.8,44.7],[-79.7,44.7],[-79.7,44.8],[-79.7,44.9],[-79.7,44.8],[-79.8,44.8],[-79.8,44.9],[-79.9,44.9],[-79.9,45.0],[-80.0,45.1],[-80.1,45.1],[-80.0,45.1],[-80.1,45.2],[-80.1,45.3],[-80.1,45.4],[-80.2,45.4],[-80.2,45.3],[-80.3,45.4],[-80.4,45.5],[-80.4,45.6],[-80.5,45.6],[-80.5,45.7],[-80.6,45.7],[-80.6,45.8],[-80.5,45.8],[-80.6,45.8],[-80.7,45.8],[-80.6,45.9],[-80.7,45.8],[-80.7,45.9],[-80.6,45.9],[-80.7,45.9],[-80.8,46.0],[-80.8,45.9],[-80.8,46.0],[-80.9,46.0],[-81.1,45.9],[-81.2,45.9],[-81.2,46.0],[-81.3,46.0],[-81.4,46.0],[-81.3,46.0],[-81.2,46.0],[-81.3,46.0],[-81.4,46.0],[-81.5,46.0],[-81.6,46.0],[-81.7,45.9],[-81.7,46.0],[-81.6,46.0],[-81.5,46.0],[-81.6,46.0],[-81.7,46.0],[-81.6,46.0],[-81.6,46.1],[-81.7,46.1],[-81.8,46.0],[-81.9,46.0],[-81.8,46.0],[-81.8,46.1],[-81.7,46.1],[-82.0,46.1],[-82.5,46.2],[-82.7,46.2],[-82.6,46.2],[-82.7,46.2],[-83.0,46.2],[-83.3,46.2],[-83.6,46.3],[-83.8,46.3],[-83.8,46.2],[-83.9,46.2],[-84.3,46.3],[-84.4,46.4],[-84.4,46.5],[-84.7,46.4],[-84.7,46.5],[-84.6,46.5],[-84.5,46.5],[-84.6,46.5],[-84.6,46.6],[-84.5,46.7],[-84.4,46.7],[-84.5,46.7],[-84.6,46.7],[-84.6,46.8],[-84.5,46.8],[-84.4,46.8],[-84.4,46.9],[-84.5,46.9],[-84.6,46.9],[-84.7,46.9],[-84.7,47.0],[-84.8,47.0],[-84.7,47.1],[-84.7,47.2],[-84.6,47.3],[-84.7,47.4],[-84.9,47.5],[-85.0,47.7],[-84.9,47.9],[-85.0,47.9],[-85.4,47.9],[-85.6,47.9],[-85.8,48.0],[-85.9,48.0],[-86.1,48.2],[-86.2,48.3],[-86.2,48.5],[-86.3,48.6],[-86.4,48.7],[-86.5,48.8],[-86.6,48.7],[-86.7,48.8],[-86.8,48.8],[-86.9,48.8],[-87.0,48.8],[-87.2,48.8],[-87.5,48.8],[-87.8,49.0],[-88.1,49.0],[-88.2,49.0],[-88.3,48.9],[-88.2,48.9],[-88.2,48.8],[-88.1,48.8],[-88.1,48.7],[-88.2,48.6],[-88.3,48.6],[-88.4,48.6],[-88.5,48.5],[-88.5,48.4],[-88.6,48.4],[-88.6,48.5],[-88.5,48.6],[-88.4,48.7],[-88.3,48.8],[-88.4,48.8],[-88.5,48.7],[-88.7,48.5],[-88.8,48.3],[-88.9,48.3],[-88.9,48.4],[-88.8,48.5],[-88.9,48.5],[-89.1,48.5],[-89.2,48.4],[-89.3,48.2],[-89.3,48.1],[-89.5,48.1],[-89.6,48.0],[-89.5,48.0],[-89.6,48.0],[-89.9,48.0],[-90,48.0],[-90,48.1],[-90,48.2],[-91.1,48.2],[-91.3,48.1],[-91.4,48.1],[-91.7,48.0],[-91.9,48.1],[-91.9,48.2],[-92.1,48.2],[-92.3,48.3],[-92.5,48.3],[-92.6,48.2],[-92.7,48.4],[-92.8,48.4],[-92.8,48.5],[-93.5,48.6],[-93.7,48.6],[-94.1,48.8],[-94.3,49.0],[-94.4,49.2],[-94.8,49.5],[-95.1,49.5],[-95.0,49.3],[-94.8,49.1],[-95.1,49.1],[-96.3,49.0],[-97.6,49.1],[-98.2,49.0],[-99.1,49.1],[-100.5,49.0],[-101.7,49.1],[-102.7,49.1],[-104.0,49.1],[-104.3,49.1],[-106.4,49.1],[-108.1,49.1],[-108.5,49.1],[-110.2,49.1],[-110.7,49.1],[-112.5,49.1],[-112.9,49.1],[-115.2,49.1],[-115.9,49.1],[-117.2,49.1],[-119.0,49.1],[-121.1,49.1],[-121.7,49.1],[-122.8,49.1],[-122.9,49.1],[-123.0,49.1],[-123.2,49.3],[-123.2,49.5],[-123.2,49.6],[-123.5,49.5],[-123.7,49.5],[-123.8,49.7],[-123.9,49.9],[-124.0,50.0],[-124.1,49.9],[-124.3,49.8],[-124.5,49.8],[-124.8,50.0],[-124.8,50.2],[-124.9,50.6],[-125.4,50.5],[-125.9,50.7],[-126.1,50.7],[-126.2,50.8],[-126.2,50.9],[-126.4,51.1],[-126.7,51.0],[-127.2,51.0],[-127.5,51.0],[-127.6,51.1],[-127.7,51.2],[-127.6,51.5],[-127.4,51.6],[-127.5,51.8],[-128.0,51.8],[-127.7,52.0],[-127.6,52.2],[-127.3,52.2],[-127.0,52.5],[-127.4,52.5],[-127.7,52.4],[-127.9,52.4],[-128.1,52.5],[-128.1,52.9],[-128.4,52.9],[-128.9,53.4],[-128.8,53.5],[-128.8,53.8],[-129.1,53.7],[-129.4,53.5],[-130.0,53.9],[-130.2,54.2],[-130.3,54.4],[-130.3,54.5],[-130.1,54.7],[-130.0,54.8],[-129.8,55.0],[-130.0,55.3],[-130.2,55.6],[-130.1,56.0],[-130.3,56.1],[-131.2,56.5],[-131.6,56.6],[-131.7,56.6],[-132.0,56.8],[-132.7,57.6],[-133.5,58.4],[-133.9,58.7],[-134.8,59.2],[-134.9,59.4],[-135.1,59.6],[-135.3,59.7],[-135.6,59.7],[-135.9,59.6],[-136.2,59.4],[-136.7,59.1],[-137.1,59.0],[-137.2,58.9],[-137.6,59.2],[-138.6,59.8],[-138.8,59.9],[-138.9,60.1],[-139.0,60.3],[-139.3,60.3],[-140.4,60.2],[-140.8,60.3],[-140.9,60.4],[-140.9,60.9],[-140.9,61.8],[-140.9,63.8],[-140.9,64.8],[-141.0,66.0],[-141.0,67.1],[-141.0,68.1],[-141.0,69.4],[-141.1,69.6],[-140.7,69.6],[-140.3,69.6],[-139.9,69.6],[-139.0,69.4],[-138.3,69.1],[-137.7,69.0],[-137.3,69.0],[-136.9,68.9],[-136.2,68.9],[-135.8,68.8],[-135.6,68.7],[-135.5,68.7],[-135.7,69.0],[-135.9,69.1],[-136.0,69.1],[-136.0,69.3],[-135.4,69.5],[-135.1,69.5],[-134.8,69.5],[-134.8,69.6],[-134.0,69.5],[-133.6,69.5],[-133.1,69.7],[-133.0,69.8],[-132.8,69.8],[-132.5,69.9],[-132.2,69.9],[-131.8,69.9],[-131.4,70.0],[-131.2,70.1],[-131.1,70.2],[-130.7,70.2],[-130.2,70.2],[-129.8,70.2],[-130.0,70.0],[-130.2,69.9],[-130.7,69.9],[-131.2,69.7],[-131.8,69.6],[-132.3,69.5],[-132.6,69.3],[-133.4,69.1],[-133.7,68.9],[-133.3,68.8],[-132.7,68.5],[-132.8,68.7],[-132.7,68.9],[-132.2,69.0],[-132.0,69.1],[-131.7,69.3],[-130.9,69.3],[-130.5,69.5],[-129.9,69.6],[-129.0,69.7],[-128.7,69.9],[-128.3,70.0],[-127.9,70.1],[-127.7,70.2],[-127.8,70.3],[-128.1,70.5],[-128.4,70.7],[-128.0,70.6],[-127.7,70.5],[-127.4,70.4],[-127.2,70.2],[-127.0,70.0],[-126.8,69.8],[-126.6,69.7],[-126.1,69.5],[-126.0,69.4],[-125.5,69.3],[-125.3,69.3],[-125.2,69.4],[-125.4,69.7],[-125.4,69.8],[-125.1,69.8],[-125.0,69.9],[-124.7,69.9],[-124.5,69.8],[-124.5,69.6],[-124.6,69.5],[-124.2,69.4],[-123.8,69.4],[-123.3,69.6],[-123.1,69.9],[-122.8,69.9],[-122.3,69.9],[-121.6,69.8],[-120.8,69.6],[-120.2,69.4],[-119.3,69.3],[-118.8,69.2],[-118.5,69.1],[-117.8,69.0],[-117.3,69.0],[-116.8,68.9],[-116.3,68.9],[-115.7,68.9],[-115.3,68.9],[-114.8,68.8],[-114.4,68.6],[-114.2,68.5],[-114.1,68.3],[-114.3,68.3],[-114.8,68.3],[-115.0,68.3],[-115.4,68.2],[-115.6,67.9],[-114.1,67.7],[-113.3,67.7],[-112.5,67.7],[-112.1,67.7],[-111.8,67.7],[-111.4,67.8],[-111.0,67.9],[-110.5,67.9],[-110.1,67.9],[-109.5,67.7],[-108.8,67.6],[-108.6,67.6],[-108.1,67.4],[-108.1,67.2],[-108.3,67.2],[-108.5,67.1],[-108.3,67.0],[-107.5,66.6],[-107.6,66.7],[-107.6,66.9],[-107.4,66.9],[-107.1,67.0],[-107.2,67.0],[-107.6,67.3],[-107.7,67.4],[-107.7,67.6],[-107.7,68.0],[-107.5,68.0],[-106.6,68.0],[-106.2,68.1],[-106.1,68.2],[-105.9,68.3],[-105.6,68.4],[-105.1,68.2],[-104.5,68.1],[-104.0,68.1],[-103.6,68.1],[-103.3,67.9],[-103.2,67.9],[-102.8,67.8],[-102.2,67.7],[-101.9,67.7],[-101.4,67.7],[-101.0,67.8],[-100.2,67.8],[-99.4,67.8],[-98.9,67.8],[-98.4,67.9],[-97.9,67.7],[-97.5,67.6],[-97.3,67.6],[-97.2,67.7],[-97.2,68.0],[-97.5,68.1],[-97.8,68.1],[-98.4,68.2],[-98.4,68.4],[-97.8,68.4],[-97.6,68.4],[-97.2,68.3],[-96.8,68.2],[-96.4,68.2],[-96.2,68.1],[-96.2,68.0],[-96.2,67.9],[-96.3,67.5],[-96.3,67.3],[-96.1,67.2],[-96.0,67.2],[-95.7,67.2],[-95.3,67.0],[-95.3,67.3],[-95.5,67.7],[-95.4,67.9],[-95.3,68.1],[-95.0,68.1],[-94.6,68.1],[-94.1,68.5],[-93.9,68.5],[-93.6,68.5],[-93.4,68.5],[-93.4,68.6],[-93.5,68.8],[-93.6,68.9],[-93.8,68.9],[-94.1,68.8],[-94.6,68.9],[-94.3,69.1],[-94.0,69.1],[-93.8,69.2],[-93.5,69.2],[-93.2,69.0],[-93.0,69.0],[-93.0,69.1],[-93.0,69.5],[-93.3,69.5],[-93.7,69.5],[-94.0,69.6],[-94.4,69.7],[-94.7,69.7],[-95.3,69.7],[-95.7,69.8],[-96.1,69.9],[-96.4,70.1],[-96.5,70.2],[-96.5,70.3],[-96.3,70.4],[-95.9,70.6],[-96.2,70.7],[-96.7,70.8],[-96.7,70.9],[-96.4,71.2],[-96.1,71.3],[-96.0,71.4],[-95.5,71.2],[-95.4,71.3],[-95.4,71.4],[-95.7,71.6],[-95.8,71.7],[-95.7,71.7],[-95.4,71.9],[-95.2,71.9],[-94.4,71.9],[-94.2,71.8],[-93.8,71.8],[-93.3,71.6],[-93.1,71.4],[-93.0,71.2],[-93.1,71.0],[-92.5,70.7],[-92.2,70.5],[-91.7,70.3],[-91.8,70.1],[-92.3,70.1],[-92.5,70.0],[-92.7,69.7],[-92.5,69.7],[-92.0,69.6],[-91.6,69.6],[-91.4,69.6],[-91.2,69.6],[-90,69.5],[-90,69.3],[-90,69.2],[-90,69.0],[-90,68.7],[-90,68.4],[-89.7,68.5],[-89.4,69.0],[-89.1,69.2],[-88.9,69.2],[-88.6,69.1],[-88.1,68.9],[-87.9,68.7],[-87.8,68.5],[-87.9,68.3],[-88.0,68.3],[-88.4,68.3],[-88.5,68.2],[-88.5,68.0],[-88.3,67.8],[-87.8,67.5],[-87.5,67.3],[-87.3,67.2],[-87.1,67.2],[-86.7,67.3],[-86.5,67.4],[-86.4,67.7],[-86.1,67.9],[-85.8,68.0],[-85.7,68.3],[-85.5,68.7],[-85.4,68.8],[-84.8,68.7],[-84.6,68.8],[-84.6,69.0],[-85.0,69.1],[-85.4,69.3],[-85.4,69.7],[-85.1,69.8],[-84.8,69.8],[-84.6,69.8],[-84.3,69.8],[-82.8,69.5],[-82.2,69.2],[-81.9,69.2],[-81.7,69.3],[-81.5,69.2],[-81.4,68.7],[-81.6,68.6],[-81.8,68.6],[-81.9,68.6],[-82.2,68.8],[-82.3,68.8],[-82.7,68.7],[-82.6,68.6],[-82.5,68.3],[-82.2,68.0],[-81.8,67.8],[-81.3,67.5],[-81.3,67.4],[-81.5,67.1],[-81.7,67.0],[-82.3,66.6],[-82.6,66.6],[-83.1,66.4],[-83.5,66.5],[-84.2,66.9],[-84.5,67.0],[-84.7,67.1],[-85.0,66.9],[-84.4,66.7],[-83.7,66.3],[-84.1,66.3],[-84.4,66.3],[-84.9,66.3],[-85.1,66.3],[-85.4,66.6],[-85.9,66.6],[-86.7,66.6],[-86.9,66.5],[-86.6,66.4],[-86.0,66.2],[-86.1,66.1],[-86.3,65.9],[-87.3,65.4],[-87.5,65.3],[-87.8,65.3],[-88.2,65.5],[-88.5,65.7],[-88.6,65.7],[-89.2,65.8],[-89.5,65.9],[-89.8,66.0],[-90,66.0],[-90,65.9],[-90,65.8],[-89.7,65.7],[-88.9,65.3],[-88.2,65.1],[-87.6,65.1],[-87.2,65.1],[-87.4,64.6],[-88.0,64.3],[-88.4,64.1],[-88.7,64.0],[-89.1,64.0],[-89.5,64.0],[-90.0,64.2],[-90.0,64.0],[-90,63.9],[-89.9,63.6],[-90,63.6],[-91.6,63.8],[-92.0,63.8],[-93.3,64.0],[-92.4,63.6],[-91.6,63.5],[-91.0,63.4],[-90,63.3],[-90,63.2],[-90,63.1],[-90,62.9],[-91.4,62.9],[-92.1,62.9],[-92.3,62.9],[-92.5,62.8],[-91.9,62.6],[-92.1,62.4],[-92.6,62.3],[-93.2,62.0],[-93.4,61.9],[-93.3,61.5],[-93.5,61.4],[-93.9,61.3],[-94.0,61.2],[-94.3,60.9],[-94.4,60.8],[-94.5,60.5],[-94.6,60.2],[-94.8,59.9],[-94.7,59.8],[-94.8,59.5],[-94.7,59.1],[-94.7,58.9],[-94.4,58.7],[-94.3,58.7],[-94.2,58.7],[-93.9,58.7],[-93.4,58.7],[-93.2,58.7],[-93.1,58.6],[-92.9,58.2],[-92.5,57.7],[-92.4,57.4],[-92.5,57.0],[-92.2,57.0],[-91.3,57.2],[-90,57.2],[-90,57.1],[-89.7,56.9],[-88.8,56.7],[-87.9,56.3],[-87.5,55.9],[-85.9,55.6],[-85.6,55.5],[-85.2,55.3],[-84.7,55.2],[-84.5,55.2],[-84.2,55.2],[-83.9,55.2],[-83.6,55.2],[-83.0,55.1],[-82.4,55.1],[-82.2,55.0],[-82.3,54.7],[-82.4,54.3],[-82.3,54.1],[-82.2,54.0],[-82.2,53.8],[-82.2,53.3],[-82.4,53.1],[-82.3,53.0],[-82.1,52.9],[-81.9,52.7],[-81.7,52.5],[-81.7,52.3],[-81.7,52.2],[-81.3,52.1],[-80.9,51.9],[-80.6,51.6],[-80.4,51.4],[-80.4,51.3],[-80.1,51.3],[-79.7,51.1],[-79.3,50.8],[-79.5,51.1],[-79.6,51.3],[-79.5,51.4],[-79.3,51.6],[-79.1,51.5],[-78.9,51.3],[-78.8,51.2],[-78.7,51.3],[-78.7,51.6],[-78.8,51.8],[-78.6,52.0],[-78.5,52.3],[-78.6,52.5],[-78.7,52.7],[-78.8,53.0],[-78.8,53.3],[-78.9,53.5],[-79.0,53.7],[-78.8,53.7],[-78.8,54.0],[-78.9,54.1],[-79.2,54.1],[-79.4,54.3],[-79.5,54.7],[-79.0,54.8],[-78.6,54.9],[-78.3,55.0],[-77.5,55.5],[-77.2,55.6],[-76.8,56.0],[-76.6,56.3],[-76.5,56.6],[-76.4,56.8],[-76.6,57.3],[-76.7,57.5],[-76.8,57.7],[-77.2,58.0],[-77.4,58.1],[-77.9,58.4],[-78.1,58.4],[-78.3,58.5],[-78.3,58.6],[-78.5,58.7],[-78.4,58.8],[-78.0,59.0],[-77.8,59.4],[-77.7,59.6],[-77.5,59.6],[-77.3,59.6],[-77.2,59.7],[-77.3,60.0],[-77.3,60.1],[-77.5,60.3],[-77.5,60.4],[-77.4,60.6],[-77.4,60.7],[-78.2,60.7],[-77.7,61.2],[-77.5,61.5],[-77.6,61.6],[-77.9,61.7],[-78.0,61.9],[-78.0,62.1],[-77.9,62.3],[-77.6,62.4],[-77.4,62.5],[-77.0,62.5],[-76.2,62.3],[-75.7,62.2],[-75.4,62.2],[-74.7,62.2],[-74.2,62.2],[-73.8,62.3],[-73.7,62.4],[-73.4,62.4],[-72.9,62.2],[-72.8,62.1],[-72.5,61.9],[-72.1,61.7],[-71.7,61.5],[-71.9,61.4],[-71.7,61.3],[-70.9,61.0],[-70.0,60.9],[-69.7,60.9],[-69.5,61.0],[-69.4,60.9],[-69.4,60.7],[-69.6,60.5],[-69.7,60.3],[-69.5,59.7],[-69.4,59.4],[-69.3,59.2],[-69.4,59.1],[-69.5,59.0],[-69.7,59.0],[-69.8,59.0],[-69.9,58.7],[-69.7,58.6],[-69.2,58.7],[-69.0,58.8],[-68.7,58.8],[-68.6,58.8],[-68.3,58.6],[-68.1,58.5],[-68.1,58.4],[-68.1,58.3],[-68.0,58.2],[-67.8,58.2],[-67.6,58.3],[-67.1,58.3],[-66.8,58.4],[-66.6,58.6],[-66.5,58.8],[-66.3,58.8],[-66.2,58.7],[-65.9,58.4],[-65.9,58.5],[-65.9,58.8],[-65.7,59.1],[-65.5,59.2],[-65.3,59.3],[-65.6,59.6],[-65.6,59.7],[-65.4,59.8],[-65.0,59.8],[-64.9,59.9],[-64.7,60.2],[-64.4,60.0],[-64.1,59.7],[-63.7,59.5],[-63.5,59.2],[-63.0,58.8],[-62.9,58.7],[-63.0,58.5],[-63.0,58.4],[-62.7,58.4],[-62.6,58.0],[-62.5,58.0],[-62.3,57.9],[-62.0,57.8],[-61.9,57.7],[-61.8,57.6],[-62.0,57.5],[-62.2,57.4],[-62.0,57.3],[-61.8,57.2],[-61.5,57.1],[-61.4,57.0],[-61.3,56.8],[-61.4,56.8],[-61.5,56.7],[-61.8,56.7],[-62.2,56.8],[-62.3,56.8],[-62.3,56.7],[-62.2,56.6],[-62.1,56.5],[-61.9,56.3],[-61.7,56.2],[-61.5,56.2],[-61.2,56.1],[-60.9,55.9],[-60.5,55.7],[-60.4,55.5],[-60.4,55.4],[-60.6,55.1],[-60.3,55.0],[-60.0,55.1],[-59.7,55.2],[-59.3,55.1],[-59.1,55.0],[-58.6,54.8],[-58.1,54.7],[-57.4,54.6],[-57.5,54.5],[-57.8,54.4],[-58.2,54.3],[-58.5,54.3],[-58.8,54.1],[-59.1,54.0],[-59.4,53.9],[-59.9,53.8],[-60.0,53.8],[-60.1,53.7],[-60.1,53.5],[-60.2,53.3],[-59.7,53.4],[-59.5,53.5],[-59.2,53.5],[-58.6,53.9],[-58.1,54.1],[-57.6,54.1],[-57.3,54.0],[-57.1,53.9],[-57.3,53.7],[-57.3,53.6],[-57.1,53.5],[-56.9,53.6],[-56.6,53.7],[-56.4,53.6],[-55.9,53.4],[-55.8,53.2],[-55.9,53.0],[-55.9,52.8],[-56.1,52.6],[-55.7,52.2],[-55.8,52.0],[-56.2,51.9],[-56.7,51.6],[-57.0,51.5],[-57.5,51.5],[-57.8,51.4],[-58.5,51.4],[-58.7,51.2],[-59.1,50.8],[-59.4,50.6],[-59.7,50.5],[-60.1,50.4],[-60.8,50.3],[-61.6,50.3],[-62.3,50.3],[-63.2,50.3],[-63.4,50.3],[-63.9,50.3],[-64.3,50.3],[-65.2,50.3],[-65.6,50.4],[-66.4,50.3],[-66.6,50.2],[-66.9,50.1],[-67.1,49.8],[-67.2,49.6],[-67.3,49.4],[-67.6,49.3],[-68.1,49.3],[-68.3,49.2],[-68.8,49.0],[-69.1,48.7],[-69.5,48.5],[-69.7,48.3],[-69.8,48.2],[-70.2,47.8],[-70.4,47.6],[-70.6,47.4],[-70.8,47.2],[-71.0,46.7],[-70.7,47.1],[-70.5,47.1],[-70.2,47.3],[-69.7,47.8],[-69.3,48.1],[-68.3,48.5],[-67.8,48.7],[-67.0,49.0],[-66.5,49.1],[-66.0,49.2],[-65.4,49.2],[-65.0,49.2],[-64.5,49.1],[-64.3,48.9],[-64.2,48.7],[-64.3,48.6],[-64.4,48.5],[-64.9,48.3],[-65.2,48.1],[-65.5,48.1],[-65.9,48.2],[-66.2,48.2],[-66.5,48.1],[-66.3,48.1],[-65.8,48.0],[-65.8,47.9],[-65.6,47.7],[-65.0,47.9],[-65.0,47.8],[-64.8,47.9],[-64.7,47.8],[-64.8,47.7],[-64.9,47.6],[-64.9,47.4],[-65.0,47.3],[-65.4,47.1],[-64.8,47.1],[-64.8,47.0],[-64.9,46.9],[-64.9,46.7],[-64.8,46.8],[-64.7,46.7],[-64.7,46.6],[-64.7,46.5],[-64.5,46.3],[-64.2,46.2],[-64.1,46.2],[-63.7,46.2],[-63.9,46.1],[-64.1,46.1],[-63.8,46.0],[-63.7,45.9],[-63.5,45.9],[-63.4,45.9],[-63.3,45.9],[-63.3,45.8],[-63.1,45.8],[-62.7,45.8],[-62.6,45.8],[-62.7,45.7],[-62.6,45.7],[-62.5,45.7],[-62.4,45.7],[-62.1,45.9],[-61.9,45.9],[-61.9,45.8],[-61.7,45.7],[-61.5,45.7],[-61.3,45.6],[-61.4,45.4],[-61.0,45.4],[-61.0,45.3],[-61.2,45.2],[-61.3,45.3],[-61.4,45.2],[-61.3,45.2],[-61.6,45.2],[-61.7,45.2],[-61.6,45.1],[-61.8,45.1],[-62.0,45.1],[-62.1,45.0],[-62.3,45.0],[-62.4,44.9],[-62.5,44.9],[-62.8,44.8],[-63.1,44.7],[-63.1,44.8],[-63.2,44.8],[-63.3,44.7],[-63.4,44.7],[-63.4,44.6],[-63.5,44.6],[-63.6,44.5],[-63.8,44.5],[-63.9,44.6],[-63.9,44.7],[-64.0,44.6],[-64.1,44.5],[-64.1,44.6],[-64.3,44.6],[-64.3,44.5],[-64.4,44.5],[-64.3,44.5],[-64.2,44.4],[-64.3,44.3],[-64.4,44.3],[-64.7,44.1],[-64.6,44.1],[-64.8,44.0],[-64.8,43.9],[-64.9,43.9],[-65.0,43.8],[-65.0,43.9],[-65.0,43.8],[-65.1,43.7],[-65.2,43.8],[-65.2,43.7],[-65.3,43.8],[-65.4,43.6],[-65.5,43.5],[-65.6,43.6],[-65.7,43.6],[-65.8,43.6],[-65.9,43.9],[-66.0,43.8],[-66.2,44.1],[-66.0,44.5],[-65.9,44.6],[-65.8,44.6],[-66.0,44.6],[-66.2,44.4],[-66.2,44.5],[-65.8,44.7],[-65.7,44.7],[-65.6,44.7],[-65.7,44.7],[-65.3,45.0],[-64.8,45.2],[-64.5,45.4],[-64.3,45.3],[-64.3,45.2],[-64.1,45.1],[-64.2,45.1],[-64.2,45.2],[-63.9,45.3],[-63.6,45.4],[-63.5,45.3],[-63.4,45.4],[-63.7,45.5],[-64.0,45.4],[-64.2,45.5],[-64.6,45.5],[-64.7,45.4],[-64.8,45.4],[-64.9,45.4],[-64.9,45.5],[-64.4,45.7],[-64.4,45.8],[-64.3,45.8],[-64.3,45.9],[-64.5,45.8],[-64.5,45.9],[-64.7,46.1],[-64.6,45.9],[-64.7,45.7],[-64.9,45.7],[-65.8,45.3],[-65.9,45.3],[-66.1,45.3],[-66.2,45.4],[-66.0,45.3],[-66.4,45.1],[-66.5,45.2],[-67.0,45.2],[-67.0,45.1],[-67.2,45.3],[-67.3,45.2],[-67.3,45.3],[-67.3,45.5],[-67.2,45.5]]],[[[-98.6,68.9],[-98.9,68.9],[-99.4,69.0],[-99.2,69.1],[-98.5,69.3],[-98.3,69.4],[-98.3,69.7],[-98.1,69.8],[-97.7,69.8],[-97.4,69.7],[-96.8,69.5],[-96.2,69.3],[-96.1,69.2],[-96.0,69.0],[-95.5,68.8],[-95.6,68.8],[-96.2,68.5],[-96.5,68.5],[-96.8,68.5],[-97.2,68.6],[-97.6,68.6],[-98.2,68.8],[-98.6,68.9]]],[[[-100.8,72.2],[-101.4,72.3],[-101.7,72.4],[-102.7,72.9],[-102.3,73.1],[-102.0,73.1],[-101.5,72.9],[-101.0,72.8],[-100.8,72.7],[-100.6,72.9],[-100.1,73.2],[-100.0,73.2],[-100.0,73.3],[-100.4,73.5],[-100.9,73.7],[-101.0,73.8],[-100.9,73.9],[-100.2,73.8],[-99.9,73.9],[-99.7,73.9],[-99.2,73.7],[-99.0,73.7],[-98.7,73.8],[-98.5,73.9],[-98.0,73.9],[-97.3,73.9],[-96.9,73.8],[-97.1,73.7],[-97.3,73.6],[-97.5,73.5],[-98.2,73.3],[-98.4,73.2],[-98.4,73.1],[-98.3,73.0],[-98.1,73.0],[-97.7,73.0],[-97.3,72.9],[-96.9,72.8],[-96.7,72.8],[-96.4,72.7],[-96.4,72.5],[-96.7,72.3],[-96.7,72.2],[-96.8,71.9],[-97.1,71.7],[-97.3,71.7],[-97.6,71.6],[-97.8,71.7],[-98.2,71.8],[-98.5,71.9],[-98.5,71.8],[-98.0,71.5],[-98.4,71.4],[-98.7,71.4],[-98.9,71.4],[-99.4,71.6],[-99.9,71.9],[-100.3,72.1],[-100.8,72.2]]],[[[-95.6,73.3],[-95.5,73.6],[-95.3,73.8],[-94.8,73.7],[-94.8,73.8],[-95.0,73.9],[-95.1,74.1],[-95.0,74.1],[-94.9,74.1],[-93.9,74.2],[-93.4,74.1],[-92.7,74.0],[-92.1,74.0],[-91.5,74.1],[-91.1,74.0],[-90,74.0],[-90,73.9],[-90,73.8],[-90,73.6],[-91.3,73.3],[-92.0,72.8],[-92.6,72.8],[-93.7,72.9],[-94.3,72.9],[-93.6,72.5],[-93.7,72.4],[-94.1,72.2],[-94.5,72.2],[-95.1,72.3],[-95.1,72.5],[-95.5,72.9],[-95.6,73.1],[-95.6,73.3]]],[[[-125.5,49.2],[-125.6,49.1],[-125.8,49.1],[-126.0,49.2],[-125.9,49.4],[-126.1,49.5],[-126.2,49.5],[-126.6,49.6],[-126.7,49.7],[-126.5,49.8],[-127.0,50.1],[-127.2,50.0],[-127.4,50.1],[-127.8,50.3],[-128.3,50.7],[-128.4,50.8],[-128.0,50.9],[-127.8,50.9],[-127.0,50.6],[-126.5,50.5],[-125.7,50.4],[-125.5,50.3],[-125.3,50.1],[-125.1,49.8],[-124.9,49.6],[-124.7,49.5],[-124.0,49.2],[-123.9,49.2],[-123.6,48.8],[-123.6,48.6],[-123.7,48.5],[-123.9,48.5],[-124.5,48.6],[-125.1,48.8],[-125.2,48.9],[-125.2,49.0],[-125.0,49.2],[-125.5,49.2]]],[[[-132.7,54.1],[-132.4,54.0],[-132.1,54.0],[-132.0,54.0],[-131.9,53.9],[-132.0,53.8],[-132.1,53.5],[-132.1,53.4],[-132.4,53.4],[-132.6,53.3],[-133.0,53.7],[-133.1,53.8],[-133.1,54.0],[-133.1,54.1],[-132.9,54.0],[-132.7,54.1]]],[[[-111.6,72.7],[-111.7,72.3],[-111.5,72.4],[-111.2,72.4],[-110.8,72.5],[-110.6,72.5],[-110.2,72.5],[-110.1,72.6],[-110.5,73.0],[-109.8,73.0],[-109.3,72.8],[-109.0,72.7],[-108.9,72.6],[-108.8,72.4],[-108.3,71.9],[-108.1,71.8],[-107.6,71.9],[-107.5,72.0],[-108.1,72.6],[-108.3,73.2],[-108.2,73.4],[-107.3,73.3],[-106.5,73.2],[-105.6,72.9],[-105.4,72.8],[-105.3,72.7],[-105.2,72.3],[-105.0,72.0],[-104.9,71.9],[-104.5,71.7],[-104.4,71.6],[-104.5,71.5],[-104.7,71.2],[-104.6,71.0],[-104.5,71.0],[-103.9,70.7],[-103.6,70.6],[-103.1,70.5],[-102.4,70.5],[-101.5,70.2],[-101.1,70.0],[-100.9,69.7],[-101.0,69.6],[-101.4,69.7],[-101.8,69.8],[-102.2,69.9],[-102.5,69.8],[-102.8,69.7],[-103.2,69.7],[-103.4,69.6],[-103.3,69.3],[-102.8,69.4],[-102.5,69.4],[-102.2,69.5],[-101.8,69.2],[-101.8,69.1],[-102.0,69.1],[-102.3,69.0],[-102.5,68.9],[-103.2,68.9],[-103.7,68.9],[-104.2,68.9],[-104.9,69.0],[-105.9,69.2],[-106.2,69.3],[-106.4,69.5],[-106.6,69.5],[-106.9,69.5],[-107.0,69.3],[-107.5,69.1],[-108.0,69.0],[-108.6,69.0],[-109.2,68.8],[-110.4,68.7],[-111.1,68.6],[-111.6,68.6],[-112.5,68.6],[-112.7,68.6],[-113.2,68.6],[-113.6,68.7],[-113.6,68.9],[-113.5,69.0],[-113.5,69.1],[-113.7,69.2],[-113.9,69.2],[-115.3,69.3],[-115.9,69.4],[-116.3,69.4],[-116.7,69.5],[-117.0,69.7],[-117.6,70.0],[-117.4,70.0],[-117.2,70.1],[-116.5,70.1],[-116.2,70.2],[-116.0,70.2],[-115.6,70.2],[-115.1,70.3],[-114.4,70.3],[-114.0,70.3],[-113.0,70.2],[-112.5,70.2],[-111.7,70.3],[-111.5,70.3],[-111.8,70.4],[-112.9,70.6],[-113.8,70.7],[-115.6,70.8],[-116.3,70.8],[-117.1,70.7],[-117.5,70.7],[-117.8,70.7],[-118.5,71.0],[-118.5,71.1],[-118.4,71.1],[-118.0,71.1],[-117.4,71.2],[-117.0,71.2],[-116.2,71.3],[-115.7,71.3],[-115.5,71.4],[-115.7,71.6],[-116.6,71.5],[-117.3,71.5],[-117.5,71.5],[-117.7,71.6],[-118.0,71.7],[-118.3,71.8],[-118.6,71.8],[-119.0,71.9],[-119.0,72.0],[-118.4,72.5],[-117.2,72.9],[-116.8,72.9],[-116.6,73.0],[-116.1,73.1],[-115.5,73.2],[-115.1,73.3],[-114.6,73.4],[-114.2,73.2],[-114.2,73.1],[-114.5,73.0],[-114.5,72.6],[-114.1,72.6],[-113.8,72.7],[-113.2,72.9],[-112.8,73.0],[-112.1,72.8],[-111.6,72.7]]],[[[-124.6,71.9],[-125.2,71.9],[-125.6,72.0],[-125.8,72.1],[-125.9,72.2],[-125.7,72.2],[-125.4,72.3],[-125.2,72.4],[-125.1,72.6],[-125.3,73.0],[-125.1,73.0],[-124.9,73.0],[-124.7,73.2],[-124.2,73.5],[-124.0,73.7],[-124.1,73.9],[-124.2,73.9],[-124.7,74.2],[-124.9,74.4],[-124.5,74.4],[-124.1,74.5],[-123.5,74.4],[-123.1,74.4],[-122.4,74.5],[-121.8,74.5],[-121.2,74.6],[-121.0,74.5],[-119.6,74.2],[-119.1,74.1],[-118.8,74.1],[-118.2,74.2],[-117.7,74.2],[-117.3,74.2],[-116.7,74.0],[-115.7,73.6],[-115.8,73.6],[-116.0,73.6],[-116.1,73.5],[-116.8,73.4],[-117.3,73.3],[-118.1,73.1],[-118.6,73.0],[-119.3,72.6],[-119.8,72.4],[-120.0,72.4],[-120.5,72.3],[-120.4,71.9],[-120.5,71.7],[-120.8,71.5],[-121.4,71.5],[-121.9,71.5],[-122.2,71.3],[-122.6,71.1],[-123.0,71.2],[-123.5,71.2],[-123.6,71.4],[-123.9,71.6],[-124.1,71.7],[-124.6,71.9]]],[[[-114.9,76.4],[-114.4,76.5],[-114.1,76.4],[-113.8,76.2],[-113.5,76.1],[-112.9,76.2],[-112.6,76.2],[-111.8,75.8],[-111.4,75.7],[-111.0,75.6],[-110.5,75.7],[-109.9,75.6],[-109.6,75.6],[-109.1,75.7],[-109.1,75.8],[-109.4,76.1],[-109.8,76.3],[-110.4,76.4],[-110.0,76.6],[-109.7,76.8],[-109.5,76.8],[-109.0,76.9],[-108.7,76.8],[-108.4,76.5],[-108.4,76.3],[-108.2,76.0],[-107.9,76.0],[-107.5,75.9],[-106.7,75.8],[-106.8,76.0],[-106.8,76.1],[-106.6,76.1],[-105.9,76.0],[-105.5,75.8],[-105.6,75.7],[-105.6,75.4],[-105.8,75.2],[-106.0,75.1],[-106.4,75.1],[-106.7,75.1],[-107.5,75.0],[-108.0,75.0],[-108.8,75.1],[-109.1,75.1],[-109.6,75.0],[-110.1,74.9],[-110.4,74.8],[-110.9,74.7],[-111.6,74.6],[-112.2,74.5],[-113.1,74.5],[-113.4,74.5],[-114.1,74.7],[-114.2,74.8],[-113.9,74.9],[-113.4,74.9],[-113.0,75.0],[-112.7,75.0],[-112.1,75.0],[-111.9,75.0],[-111.4,75.1],[-111.1,75.4],[-112.4,75.4],[-112.8,75.4],[-113.5,75.3],[-114.2,75.2],[-114.8,75.2],[-115.2,75.2],[-115.9,75.3],[-116.2,75.2],[-116.6,75.2],[-117.0,75.3],[-117.4,75.4],[-117.4,75.5],[-117.0,75.6],[-116.5,75.7],[-115.6,75.7],[-115.2,75.8],[-116.2,75.9],[-116.3,76.2],[-116.1,76.3],[-115.8,76.3],[-115.4,76.4],[-114.9,76.4]]],[[[-122.3,76.2],[-122.6,76.3],[-122.8,76.4],[-122.7,76.5],[-122.2,76.6],[-121.9,76.6],[-121.6,76.7],[-121.1,76.9],[-120.8,77.0],[-120.4,77.1],[-120.2,77.2],[-119.7,77.3],[-119.1,77.3],[-118.0,77.4],[-117.2,77.4],[-116.8,77.5],[-116.4,77.6],[-115.7,77.4],[-116.0,77.3],[-116.4,77.2],[-116.5,77.1],[-116.5,77.0],[-116.2,76.8],[-116.6,76.8],[-117.0,76.7],[-117.4,76.4],[-117.9,76.4],[-118.3,76.9],[-118.6,76.9],[-118.7,76.9],[-118.8,76.8],[-119.1,76.7],[-119.4,76.4],[-119.7,76.3],[-119.8,76.1],[-120.1,76.0],[-120.5,76.0],[-120.7,76.0],[-121.1,76.2],[-121.3,76.3],[-121.5,76.3],[-121.7,76.2],[-122.3,76.2]]],[[[-113.0,77.6],[-113.2,77.8],[-113.0,77.9],[-112.4,78.0],[-112.0,78.0],[-110.9,78.0],[-110.7,78.0],[-109.7,77.9],[-110.4,77.7],[-110.6,77.5],[-111.5,77.5],[-111.9,77.5],[-112.8,77.6],[-113.0,77.6]]],[[[-103.2,78.3],[-103.5,78.3],[-104.2,78.3],[-104.5,78.4],[-105.0,78.5],[-105.0,78.6],[-104.9,78.7],[-104.5,78.7],[-103.8,78.6],[-103.4,78.6],[-103.4,78.7],[-103.5,78.8],[-104.1,79.1],[-104.4,79.1],[-104.9,79.1],[-105.5,79.2],[-105.5,79.4],[-104.4,79.5],[-103.4,79.4],[-103.0,79.2],[-102.6,79.0],[-101.7,78.9],[-100.7,78.9],[-100.2,78.8],[-99.9,78.7],[-99.4,78.3],[-99.1,78.1],[-99.0,77.9],[-99.3,77.9],[-99.7,77.8],[-100.2,77.8],[-100.5,77.9],[-100.9,78.2],[-101.2,78.3],[-102.6,78.3],[-103.2,78.3]]],[[[-61.0,46.7],[-60.6,47.1],[-60.3,46.9],[-60.4,46.7],[-60.5,46.5],[-60.6,46.4],[-60.7,46.3],[-61.0,46.2],[-61.1,46.0],[-60.8,45.9],[-60.6,46.0],[-60.4,46.2],[-60.2,46.3],[-60.0,46.3],[-59.8,46.1],[-59.9,45.9],[-60.0,45.9],[-60.5,45.7],[-60.8,45.6],[-61.0,45.7],[-61.2,45.8],[-61.4,46.0],[-61.4,46.3],[-61.0,46.7]]],[[[-58.0,49.1],[-57.8,49.2],[-58.1,49.5],[-58.1,49.6],[-57.9,50.0],[-57.4,50.6],[-56.7,51.2],[-56.4,51.4],[-56.2,51.5],[-55.6,51.6],[-55.5,51.5],[-55.4,51.4],[-55.6,51.3],[-55.8,51.3],[-55.9,51.3],[-55.8,51.1],[-56.1,50.7],[-56.7,50.1],[-56.8,49.8],[-56.7,49.7],[-56.5,49.8],[-56.3,50.0],[-56.1,50.1],[-55.6,50.0],[-56.0,49.7],[-55.9,49.6],[-55.7,49.5],[-55.1,49.3],[-54.8,49.3],[-54.6,49.5],[-54.5,49.5],[-54.2,49.5],[-53.8,49.4],[-53.5,49.3],[-53.6,49.2],[-53.8,49.0],[-54.1,48.8],[-54.0,48.7],[-53.8,48.5],[-53.6,48.5],[-53.5,48.6],[-53.2,48.6],[-53.1,48.6],[-53.1,48.5],[-53.2,48.4],[-53.4,48.3],[-53.8,48.2],[-53.9,48.2],[-53.8,48.0],[-53.7,47.8],[-53.6,47.7],[-53.5,47.8],[-53.4,47.9],[-53.1,47.9],[-53.2,47.7],[-53.1,47.6],[-52.8,47.5],[-52.7,47.5],[-52.8,47.3],[-52.9,47.0],[-53.1,46.7],[-53.2,46.8],[-53.5,46.8],[-53.6,46.9],[-53.6,47.2],[-53.9,47.0],[-54.1,47.0],[-54.1,47.1],[-53.9,47.4],[-53.9,47.6],[-54.1,47.8],[-54.2,47.8],[-54.4,47.6],[-54.6,47.5],[-54.7,47.4],[-54.9,47.3],[-55.2,47.1],[-55.4,46.9],[-55.8,47.0],[-55.9,47.1],[-55.8,47.1],[-55.3,47.3],[-55.1,47.5],[-54.8,47.7],[-55.1,47.8],[-55.4,47.8],[-55.5,47.6],[-55.7,47.6],[-55.8,47.7],[-55.7,47.9],[-56.1,47.9],[-56.1,47.7],[-56.3,47.6],[-56.8,47.6],[-57.1,47.6],[-57.6,47.7],[-58.1,47.8],[-58.7,47.7],[-59.2,47.7],[-59.2,47.8],[-59.3,48.0],[-59.2,48.0],[-59.0,48.2],[-58.7,48.4],[-58.4,48.4],[-58.1,48.6],[-58.7,48.7],[-58.4,49.0],[-58.2,49.1],[-58.1,49.1],[-58.0,49.1]]],[[[-87.1,63.5],[-87.1,63.8],[-86.8,63.9],[-86.1,64.1],[-86.2,64.4],[-86.2,64.5],[-86.2,64.7],[-86.0,65.1],[-85.8,65.4],[-85.7,65.7],[-85.6,65.9],[-85.1,65.6],[-85.2,65.4],[-84.8,65.2],[-84.6,65.2],[-84.4,65.4],[-84.1,65.3],[-83.8,65.2],[-83.3,65.0],[-83.1,64.9],[-82.1,64.6],[-81.9,64.5],[-81.8,64.4],[-81.9,64.0],[-81.6,64.0],[-81.4,64.0],[-81.0,64.0],[-80.6,63.9],[-80.2,63.7],[-80.4,63.7],[-80.5,63.6],[-80.7,63.5],[-81.1,63.5],[-81.4,63.6],[-82.0,63.6],[-82.2,63.7],[-82.5,63.9],[-82.7,64.1],[-83.2,64.2],[-83.4,64.2],[-83.5,64.1],[-83.4,63.8],[-83.5,63.7],[-84.1,63.7],[-84.4,63.4],[-84.7,63.3],[-85.2,63.2],[-85.5,63.2],[-85.4,63.6],[-85.6,63.7],[-86.0,63.7],[-87.1,63.5]]],[[[-77.1,67.8],[-76.8,68.1],[-76.5,68.3],[-75.9,68.3],[-75.5,68.3],[-75.1,68.1],[-75.1,67.9],[-75.1,67.6],[-75.3,67.5],[-75.8,67.3],[-76.3,67.2],[-76.9,67.3],[-77.1,67.3],[-77.2,67.4],[-77.2,67.7],[-77.1,67.8]]],[[[-71.5,63.4],[-71.3,63.6],[-71.9,63.8],[-72.4,63.9],[-72.7,64.0],[-73.1,64.3],[-73.2,64.6],[-73.7,64.6],[-74.3,64.8],[-74.6,64.8],[-74.4,64.4],[-74.5,64.4],[-74.7,64.4],[-75.5,64.5],[-75.6,64.5],[-75.7,64.4],[-75.9,64.3],[-76.5,64.2],[-77.1,64.3],[-77.7,64.4],[-78.1,64.5],[-78.1,64.7],[-78.0,64.8],[-77.9,65.0],[-77.4,65.1],[-77.3,65.1],[-77.4,65.4],[-77.3,65.4],[-76.7,65.3],[-76.0,65.3],[-75.8,65.2],[-75.4,64.9],[-75.3,65.1],[-75.4,65.2],[-75.4,65.3],[-75.1,65.3],[-74.7,65.3],[-74.4,65.4],[-74.1,65.4],[-73.8,65.4],[-73.5,65.4],[-73.4,65.5],[-73.9,65.9],[-74.3,66.1],[-74.3,66.2],[-74.0,66.3],[-73.7,66.4],[-73.0,66.6],[-72.9,66.9],[-72.5,67.1],[-72.3,67.3],[-72.4,67.5],[-72.8,67.9],[-72.9,68.1],[-73.2,68.3],[-73.4,68.3],[-73.9,68.4],[-74.4,68.7],[-74.5,68.9],[-74.8,69.0],[-75.0,69.0],[-75.2,68.9],[-75.6,68.9],[-75.7,68.8],[-76.0,68.8],[-76.5,68.7],[-76.6,69.0],[-76.2,69.1],[-75.6,69.1],[-75.6,69.2],[-76.3,69.5],[-77.0,69.8],[-77.4,69.8],[-77.6,69.9],[-77.7,70.1],[-78.0,70.3],[-78.2,70.3],[-78.6,70.4],[-78.9,70.6],[-79.1,70.7],[-79.4,70.6],[-79.7,70.7],[-80.3,70.8],[-80.5,70.8],[-80.7,70.8],[-80.4,70.6],[-80.2,70.6],[-78.9,70.3],[-78.7,70.1],[-78.7,70.0],[-78.9,69.9],[-79.2,69.9],[-79.5,69.9],[-79.8,69.9],[-80.2,70.0],[-80.7,70.2],[-81.0,70.2],[-81.2,70.1],[-81.1,70.0],[-80.9,69.9],[-80.8,69.7],[-81.6,70.0],[-81.8,70.0],[-82.0,69.9],[-82.3,69.9],[-82.6,70.0],[-82.9,70.0],[-83.3,70.0],[-84.0,70.0],[-84.9,70.1],[-85.5,70.1],[-86.0,70.1],[-86.4,70.2],[-86.4,70.5],[-86.5,70.5],[-86.9,70.6],[-87.1,70.4],[-87.4,70.4],[-87.9,70.4],[-88.4,70.5],[-89.0,70.7],[-89.2,70.8],[-89.1,71.0],[-88.8,71.0],[-88.3,71.0],[-87.7,70.9],[-87.3,70.9],[-87.2,71.0],[-87.6,71.2],[-87.9,71.4],[-88.4,71.4],[-88.9,71.5],[-89.2,71.4],[-89.4,71.4],[-90.0,71.5],[-89.9,71.7],[-89.8,72.0],[-89.7,72.0],[-89.4,72.1],[-89.3,72.2],[-89.8,72.3],[-89.8,72.4],[-89.6,72.8],[-89.1,73.2],[-88.8,73.3],[-88.4,73.5],[-88.1,73.6],[-87.9,73.7],[-87.7,73.7],[-87.4,73.7],[-87.2,73.8],[-86.9,73.8],[-86.2,73.9],[-85.6,73.9],[-85.3,73.8],[-85.7,73.6],[-86.0,73.4],[-86.7,73.1],[-86.9,72.9],[-86.8,72.7],[-86.2,72.4],[-86.4,72.3],[-86.4,72.1],[-86.3,72.0],[-85.9,71.7],[-85.2,71.5],[-85.3,71.4],[-85.9,71.3],[-85.9,71.1],[-85.5,71.1],[-84.8,71.1],[-84.5,71.3],[-84.5,71.5],[-84.7,71.7],[-85.0,71.7],[-85.2,71.8],[-85.6,72.0],[-85.6,72.1],[-85.3,72.2],[-85.1,72.3],[-84.7,72.2],[-84.3,72.3],[-84.8,72.5],[-85.1,72.5],[-85.5,72.6],[-85.5,72.7],[-85.5,72.9],[-85.1,73.1],[-84.6,73.0],[-83.9,73.1],[-84.3,73.2],[-84.9,73.4],[-84.5,73.5],[-83.9,73.6],[-83.5,73.6],[-82.7,73.8],[-82.2,73.8],[-81.9,73.8],[-81.5,73.7],[-81.2,73.5],[-80.5,73.0],[-80.7,72.7],[-81.0,72.4],[-81.0,72.1],[-80.9,72.0],[-80.6,72.0],[-80.1,72.1],[-80.0,72.3],[-79.7,72.4],[-79.3,72.4],[-79.1,72.3],[-79.1,72.2],[-79.1,72.0],[-78.7,71.9],[-78.6,71.9],[-78.7,72.3],[-78.6,72.4],[-78.4,72.6],[-77.9,72.7],[-77.5,72.7],[-77.1,72.7],[-76.7,72.6],[-76.1,72.6],[-75.6,72.6],[-75.3,72.5],[-75.2,72.4],[-74.9,72.3],[-74.6,72.2],[-74.3,72.0],[-74.6,71.9],[-74.8,71.8],[-75.1,71.7],[-75.2,71.6],[-75.0,71.5],[-74.8,71.4],[-74.4,71.6],[-74.1,71.7],[-73.9,71.7],[-73.7,71.6],[-73.5,71.3],[-73.3,71.2],[-73.1,71.3],[-72.5,71.6],[-71.7,71.5],[-71.3,71.4],[-71.3,71.3],[-71.6,71.2],[-71.9,70.9],[-71.4,71.0],[-71.2,71.0],[-70.7,71.1],[-70.7,70.8],[-70.3,70.6],[-70.1,70.6],[-69.7,70.7],[-69.1,70.8],[-68.7,70.7],[-68.5,70.6],[-68.5,70.5],[-68.7,70.4],[-69.6,70.2],[-69.7,70.1],[-69.5,70.0],[-69.3,70.0],[-68.9,70.1],[-68.4,70.1],[-68.2,70.3],[-68.0,70.3],[-67.8,70.3],[-67.6,70.2],[-67.3,70.0],[-67.0,69.8],[-67.5,69.8],[-68.0,69.8],[-68.2,69.7],[-68.2,69.6],[-68.0,69.5],[-67.4,69.5],[-67.0,69.4],[-66.8,69.3],[-66.7,69.2],[-66.8,69.2],[-67.2,69.2],[-67.6,69.2],[-68.0,69.3],[-68.4,69.3],[-68.5,69.3],[-68.0,69.0],[-68.1,68.9],[-68.8,68.8],[-68.7,68.7],[-68.5,68.6],[-68.2,68.6],[-67.6,68.5],[-67.0,68.3],[-66.9,68.2],[-66.9,68.1],[-66.7,67.9],[-66.4,68.0],[-66.2,68.0],[-65.5,67.9],[-65.4,67.9],[-65.1,68.0],[-64.8,68.0],[-64.5,67.8],[-64.1,67.6],[-63.9,67.4],[-64.2,67.4],[-64.6,67.3],[-64.6,67.1],[-64.3,67.1],[-63.6,67.1],[-63.4,67.2],[-63.0,67.2],[-63.2,66.9],[-62.8,66.8],[-62.5,66.8],[-62.1,67.0],[-61.8,66.9],[-61.3,66.7],[-61.2,66.6],[-61.3,66.5],[-61.4,66.5],[-61.5,66.3],[-61.9,66.3],[-62.2,66.4],[-62.3,66.4],[-62.7,66.3],[-62.2,66.1],[-62.1,66.1],[-62.1,65.9],[-62.5,65.8],[-62.7,65.7],[-62.8,65.6],[-63.0,65.7],[-63.4,65.9],[-63.5,65.4],[-63.4,65.0],[-63.5,65.0],[-63.8,65.1],[-64.2,65.2],[-64.3,65.3],[-64.3,65.4],[-64.4,65.5],[-64.8,65.4],[-65.2,65.7],[-65.2,65.8],[-65.0,66.0],[-65.2,66.0],[-65.3,66.0],[-65.7,66.1],[-66.0,66.2],[-66.6,66.5],[-66.9,66.6],[-67.3,66.6],[-67.5,66.5],[-67.7,66.5],[-67.8,66.4],[-67.6,66.3],[-67.2,66.0],[-67.3,65.9],[-67.6,65.9],[-67.8,66.0],[-68.1,66.2],[-68.4,66.3],[-68.3,66.1],[-67.9,65.6],[-67.6,65.6],[-67.3,65.6],[-67.1,65.3],[-66.8,65.0],[-66.6,64.8],[-66.3,64.9],[-66.2,64.9],[-65.9,64.7],[-65.7,64.6],[-65.0,64.4],[-65.3,64.4],[-65.4,64.3],[-65.3,64.2],[-65.1,64.1],[-64.6,63.9],[-64.5,63.7],[-64.4,63.4],[-64.4,63.2],[-65.0,63.8],[-65.3,63.9],[-65.3,63.8],[-65.2,63.6],[-64.7,63.1],[-64.7,62.9],[-65.2,63.0],[-65.1,62.9],[-64.9,62.7],[-64.8,62.5],[-65.0,62.6],[-65.3,62.7],[-65.7,63.0],[-65.8,63.0],[-66.1,63.0],[-66.5,63.1],[-67.1,63.4],[-67.3,63.5],[-67.8,63.8],[-67.7,63.5],[-68.2,63.7],[-68.5,63.7],[-68.9,63.8],[-68.8,63.7],[-68.5,63.3],[-68.1,63.1],[-67.3,62.9],[-66.7,62.6],[-66.3,62.3],[-66.1,62.1],[-65.9,61.8],[-66.8,61.9],[-67.5,62.1],[-68.0,62.3],[-68.7,62.3],[-69.2,62.4],[-69.6,62.7],[-70.1,62.8],[-70.4,62.9],[-70.6,62.9],[-70.7,62.9],[-70.8,63.0],[-71.3,63.1],[-71.6,63.2],[-71.7,63.3],[-71.5,63.4]]],[[[-90,76.0],[-89.8,75.9],[-89.6,75.9],[-89.4,75.7],[-89.0,75.5],[-88.8,75.4],[-88.7,75.5],[-88.6,75.6],[-88.5,75.6],[-88.0,75.6],[-87.6,75.7],[-87.3,75.7],[-86.9,75.5],[-86.6,75.4],[-86.2,75.4],[-85.8,75.6],[-85.2,75.7],[-84.4,75.8],[-83.6,75.9],[-82.9,75.9],[-81.7,75.9],[-81.5,75.9],[-81.2,75.7],[-80.8,75.6],[-80.1,75.5],[-79.8,75.5],[-79.7,75.5],[-79.6,75.4],[-79.5,75.3],[-79.7,75.2],[-80.5,75.0],[-80.6,74.9],[-80.3,74.6],[-81.5,74.6],[-81.7,74.6],[-82.0,74.5],[-82.4,74.6],[-82.8,74.6],[-82.9,74.7],[-83.1,75.0],[-83.4,75.1],[-83.6,75.0],[-83.6,74.7],[-83.8,74.6],[-84.2,74.7],[-84.6,74.6],[-84.9,74.6],[-85.1,74.6],[-85.7,74.7],[-86.0,74.8],[-86.2,74.8],[-86.3,74.6],[-87.1,74.6],[-87.5,74.5],[-88.1,74.6],[-88.3,74.7],[-88.4,75.0],[-88.9,74.9],[-89.1,74.9],[-89.3,74.7],[-89.7,74.6],[-90,74.6],[-90,74.7],[-91.1,75.0],[-91.4,74.8],[-91.9,74.8],[-92.2,75.1],[-92.4,75.4],[-92.1,75.6],[-92.1,75.8],[-92.2,75.9],[-92.8,76.2],[-93.1,76.4],[-93.1,76.5],[-92.8,76.6],[-92.2,76.6],[-91.1,76.6],[-90,76.6],[-90,76.5],[-89.8,76.4],[-90,76.3],[-90,76.2],[-91.2,76.0],[-90,76.0]]],[[[-90,82.0],[-88.6,82.1],[-88.1,82.1],[-87.5,82.1],[-86.7,82.0],[-86.5,82.0],[-86.3,82.2],[-85.7,82.3],[-84.9,82.4],[-84.1,82.3],[-83.7,82.3],[-82.6,82.2],[-81.4,82.1],[-80.7,82.0],[-80.1,82.0],[-79.9,82.0],[-80.5,82.2],[-81.3,82.4],[-81.7,82.6],[-81.5,82.7],[-80.9,82.8],[-80.4,82.9],[-79.8,82.9],[-78.7,83.0],[-77.9,82.9],[-77.1,82.9],[-76.6,82.7],[-76.1,82.5],[-75.9,82.5],[-75.8,82.7],[-76.2,82.9],[-76.6,83.0],[-76.4,83.2],[-75.7,83.1],[-74.9,83.0],[-74.2,83.0],[-73.4,82.8],[-73.3,82.8],[-73.2,82.9],[-73.4,83.1],[-72.6,83.1],[-71.9,83.1],[-71.6,83.0],[-71.2,82.8],[-70.9,82.8],[-70.9,82.9],[-71.1,83.1],[-70.6,83.2],[-68.9,83.0],[-67.7,82.9],[-66.8,82.9],[-65.5,82.9],[-65.0,82.9],[-64.7,82.8],[-64.6,82.8],[-64.0,82.8],[-63.5,82.7],[-63.2,82.7],[-62.4,82.6],[-61.8,82.5],[-62.0,82.3],[-62.5,82.3],[-63.1,82.1],[-63.9,82.0],[-64.4,82.0],[-65.3,82.1],[-66.4,82.1],[-66.7,82.0],[-67.6,82.0],[-67.9,81.8],[-67.5,81.6],[-67.2,81.6],[-66.7,81.6],[-65.9,81.7],[-65.6,81.7],[-65.2,81.5],[-65.3,81.5],[-65.9,81.4],[-66.5,81.3],[-67.0,81.2],[-68.0,80.9],[-68.5,80.8],[-69.1,80.7],[-69.5,80.5],[-70.5,80.5],[-70.2,80.1],[-70.4,80.1],[-71.5,79.8],[-71.8,79.9],[-72.5,79.9],[-73.2,80.0],[-74.2,80.0],[-74.5,79.9],[-73.4,79.6],[-73.7,79.5],[-74.1,79.5],[-74.7,79.5],[-75.2,79.5],[-76.3,79.6],[-77.2,79.6],[-77.3,79.3],[-76.7,79.3],[-76.3,79.3],[-75.2,79.2],[-75.0,79.1],[-74.9,78.8],[-75.1,78.7],[-75.5,78.7],[-75.8,78.4],[-76.2,78.4],[-76.4,78.4],[-76.6,78.3],[-76.5,78.2],[-76.1,78.1],[-76.3,78.0],[-77.0,78.0],[-77.4,78.0],[-78.2,78.1],[-78.4,78.0],[-78.2,77.7],[-78.2,77.6],[-78.5,77.4],[-78.9,77.4],[-79.5,77.4],[-80.5,77.5],[-81.1,77.6],[-81.6,77.5],[-82.1,77.3],[-81.6,77.3],[-81.5,77.2],[-80.5,77.2],[-79.7,77.1],[-79.0,77.1],[-78.1,77.0],[-77.8,76.9],[-77.8,76.7],[-78.2,76.5],[-79.4,76.4],[-79.8,76.4],[-80.3,76.3],[-80.8,76.2],[-81.0,76.4],[-81.4,76.7],[-81.6,76.6],[-81.9,76.6],[-82.6,76.8],[-82.6,76.7],[-82.4,76.5],[-83.1,76.5],[-83.8,76.5],[-84.2,76.7],[-84.6,76.9],[-84.8,76.9],[-84.6,76.5],[-84.7,76.5],[-85.0,76.4],[-85.8,76.5],[-86.8,76.5],[-87.3,76.5],[-87.9,76.7],[-88.2,76.7],[-88.3,76.5],[-88.6,76.5],[-89.4,76.6],[-89.3,76.9],[-89.2,77.0],[-88.6,77.0],[-88.3,77.1],[-87.9,77.2],[-87.3,77.2],[-87.1,77.3],[-87.6,77.5],[-88.1,77.8],[-88.0,77.8],[-87.8,77.9],[-87.2,77.9],[-86.4,77.8],[-86.0,77.7],[-85.5,77.5],[-84.9,77.3],[-84.4,77.3],[-83.7,77.3],[-83.3,77.4],[-83.3,77.5],[-83.0,77.6],[-84.4,77.6],[-84.9,77.7],[-84.9,78.1],[-84.8,78.2],[-85.6,78.2],[-86.5,78.3],[-86.6,78.3],[-86.9,78.2],[-86.8,78.6],[-86.3,78.8],[-85.8,78.9],[-85.0,78.9],[-84.5,78.9],[-83.8,78.9],[-82.9,78.7],[-82.3,78.7],[-82.1,78.7],[-81.6,78.8],[-83.1,79.1],[-83.9,79.3],[-85.5,79.8],[-85.7,79.7],[-86.3,80.1],[-86.3,80.2],[-86.2,80.3],[-85.4,80.2],[-84.5,80.2],[-83.6,80.2],[-82.9,80.0],[-81.8,79.7],[-81.1,79.7],[-80.7,79.7],[-81.4,79.9],[-82.3,80.1],[-81.7,80.4],[-81.1,80.5],[-80.3,80.5],[-79.6,80.6],[-78.7,80.7],[-78.2,80.7],[-77.5,80.7],[-78.3,81.0],[-79.0,81.0],[-80.1,81.0],[-80.6,80.9],[-81.2,80.8],[-81.9,80.7],[-82.5,80.7],[-82.8,80.7],[-83.5,80.9],[-83.6,80.8],[-83.8,80.8],[-84.8,80.8],[-85.5,80.6],[-85.4,81.0],[-84.9,81.1],[-84.9,81.2],[-85.2,81.3],[-85.8,81.4],[-86.4,81.4],[-88.3,81.2],[-89.2,80.9],[-89.4,80.9],[-89.7,81.0],[-89.5,81.1],[-89.2,81.1],[-89.2,81.2],[-89.6,81.4],[-90,81.4],[-90,81.5],[-91.1,81.5],[-91.2,81.8],[-90,82.0]]],[[[-100.1,75.8],[-100.6,75.8],[-101.6,75.7],[-102.0,75.7],[-102.1,75.6],[-102.5,75.8],[-102.5,75.9],[-102.2,75.9],[-101.9,76.0],[-101.7,76.1],[-101.9,76.3],[-101.8,76.4],[-101.7,76.5],[-101.5,76.5],[-101.1,76.4],[-100.3,76.1],[-100.1,76.0],[-99.9,76.1],[-99.9,76.2],[-100.3,76.4],[-100.5,76.4],[-100.7,76.6],[-100.5,76.6],[-100.1,76.7],[-99.7,76.6],[-99.3,76.5],[-99.0,76.4],[-98.9,76.4],[-98.8,76.6],[-98.6,76.7],[-98.3,76.6],[-98.0,76.6],[-97.8,76.5],[-97.7,76.1],[-97.7,75.9],[-97.8,75.8],[-98.2,75.6],[-98.2,75.4],[-98.0,75.2],[-98.2,75.1],[-98.9,75.1],[-99.3,75.1],[-99.9,75.1],[-100.4,75.2],[-100.5,75.3],[-100.1,75.5],[-99.9,75.5],[-99.9,75.6],[-100.1,75.8]]],[[[-96.8,76.9],[-96.7,77.0],[-95.6,77.0],[-94.9,76.9],[-94.3,76.9],[-94.2,76.9],[-93.8,76.7],[-93.9,76.6],[-93.8,76.5],[-93.9,76.4],[-94.5,76.4],[-95.5,76.5],[-95.7,76.5],[-95.9,76.5],[-96.3,76.7],[-96.8,76.9]]],[[[-98.3,78.8],[-97.3,78.8],[-96.5,78.7],[-95.1,78.4],[-95.1,78.3],[-95.2,78.1],[-95.4,78.1],[-96.1,78.0],[-96.6,78.0],[-97.1,78.0],[-97.5,78.1],[-97.9,78.3],[-98.4,78.7],[-98.5,78.8],[-98.3,78.8]]],[[[-88.3,80.1],[-88.4,80.2],[-88.3,80.4],[-88.2,80.5],[-87.8,80.4],[-87.5,80.2],[-87.3,80.1],[-87.4,80.0],[-87.3,79.6],[-87.0,79.4],[-86.6,79.5],[-86.0,79.5],[-85.3,79.3],[-85.8,79.4],[-86.4,79.2],[-87.2,79.1],[-87.5,79.0],[-87.7,78.9],[-87.8,78.7],[-88.0,78.7],[-88.7,78.9],[-89.0,78.7],[-88.7,78.6],[-88.8,78.5],[-88.9,78.4],[-89.1,78.3],[-89.6,78.5],[-90,78.6],[-90,78.3],[-91.4,78.3],[-92.1,78.4],[-92.5,78.4],[-92.7,78.4],[-94.1,79.0],[-94.2,79.1],[-93.3,79.3],[-91.8,79.2],[-91.4,79.2],[-90,79.1],[-91.8,79.4],[-93.2,79.5],[-93.7,79.5],[-94.3,79.5],[-94.6,79.4],[-95.0,79.4],[-95.3,79.5],[-95.8,79.7],[-96.4,79.9],[-96.6,80.1],[-95.7,80.0],[-94.7,80.1],[-95.2,80.2],[-95.6,80.4],[-95.4,80.5],[-95.1,80.6],[-94.7,80.6],[-94.3,80.6],[-94.3,80.7],[-95.1,81.0],[-94.6,81.1],[-94.0,81.2],[-93.5,81.1],[-93.3,81.1],[-93.2,81.2],[-93.4,81.4],[-92.8,81.4],[-92.4,81.4],[-92.0,81.3],[-91.3,80.9],[-91.0,80.7],[-90,80.6],[-90,80.7],[-89.8,80.7],[-89.4,80.6],[-89.3,80.4],[-89.0,80.2],[-88.8,80.1],[-88.3,80.1]]]]}},{"type":"Feature","properties":{"NAME":null},"geometry":{"type":"MultiPolygon","coordinates":[[[[-73.1,-72.7],[-72.9,-72.4],[-72.5,-72.4],[-72.0,-72.2],[-72.0,-71.8],[-73.4,-72.0],[-74.3,-72.2],[-75.0,-72.1],[-75.3,-71.7],[-74.7,-71.4],[-74.1,-71.4],[-72.7,-71.3],[-72.1,-71.0],[-72.2,-70.6],[-71.8,-70.4],[-71.8,-69.7],[-72.4,-69.3],[-72.0,-69.0],[-71.4,-68.9],[-70.7,-68.8],[-70.3,-69.0],[-69.9,-69.3],[-69.5,-70.0],[-68.9,-70.5],[-68.4,-71.1],[-68.6,-72.1],[-69.3,-72.3],[-70.0,-72.7],[-71.6,-72.7],[-73.1,-72.7]]],[[[-102.6,-72.1],[-101.2,-71.8],[-99.7,-71.8],[-97.2,-71.8],[-95.9,-72.4],[-97.1,-72.7],[-98.8,-72.5],[-101.2,-72.4],[-102.6,-72.1]]],[[[-151.0,-76.9],[-150.4,-76.8],[-149.8,-76.9],[-149.4,-77.1],[-150.3,-77.1],[-151.0,-76.9]]],[[[-55.2,-80.9],[-55.0,-80.4],[-53.9,-79.9],[-52.6,-79.9],[-51.7,-79.8],[-51.0,-79.4],[-50.9,-78.7],[-50.2,-78.4],[-48.8,-78.1],[-46.8,-78.1],[-45.8,-78.1],[-44.2,-78.4],[-43.9,-79.2],[-43.9,-79.8],[-44.8,-80.3],[-50.2,-80.8],[-55.2,-80.9]]],[[[-164.1,-79.4],[-163.5,-79.0],[-162.6,-78.8],[-160.7,-79.0],[-158.8,-79.7],[-159.2,-79.9],[-160.4,-80.0],[-162.4,-79.7],[-164.1,-79.4]]],[[[169.8,-83.4],[171.5,-83.6],[171.9,-83.6],[172.0,-83.7],[172.6,-83.8],[173.6,-83.9],[174.6,-83.9],[176.9,-84.0],[178.3,-84.2],[178.8,-84.2],[179.2,-84.2],[180,-84.3],[180,-90],[-180,-90],[-180,-84.3],[-178.4,-84.5],[-173.9,-84.5],[-170.3,-84.7],[-167.2,-84.8],[-163.4,-85.2],[-160.5,-85.4],[-156.6,-85.5],[-154.4,-85.4],[-151.5,-85.3],[-150.4,-85.5],[-148.8,-85.1],[-141.4,-85.2],[-139.3,-85.2],[-138.8,-85.0],[-145.3,-84.8],[-149.6,-84.5],[-150.6,-84.5],[-152.0,-84.4],[-152.4,-84.3],[-153.1,-84.1],[-153.3,-83.9],[-153.2,-83.3],[-152.9,-82.9],[-152.1,-82.6],[-153.5,-82.3],[-154.6,-82.1],[-155.0,-81.9],[-154.3,-81.7],[-155.6,-81.4],[-157.0,-81.3],[-157.0,-81.2],[-155.7,-81.1],[-154.5,-81.1],[-151.5,-81.2],[-150.0,-81.2],[-148.8,-81.4],[-146.7,-80.8],[-145.7,-80.5],[-146.9,-80.1],[-148.6,-79.7],[-150.6,-79.5],[-151.8,-79.2],[-153.2,-79.1],[-154.6,-79.1],[-155.9,-78.7],[-154.7,-78.5],[-154.1,-78.4],[-154.7,-78.1],[-156.0,-78.4],[-156.6,-78.4],[-157.3,-78.2],[-158.2,-77.8],[-158.0,-77.3],[-157.2,-77.2],[-156.4,-77.1],[-154.2,-77.1],[-152.1,-77.3],[-150.6,-77.7],[-150.0,-77.7],[-148.0,-77.3],[-146.1,-77.5],[-146.1,-77.1],[-146.1,-76.9],[-147.1,-76.5],[-148.4,-76.5],[-149.6,-76.3],[-148.5,-76.0],[-146.7,-76.1],[-145.9,-76.0],[-144.5,-75.7],[-143.1,-75.6],[-140.6,-75.3],[-138.6,-75.1],[-136.8,-74.9],[-134.8,-74.6],[-133.5,-74.8],[-131.0,-74.8],[-129.0,-74.9],[-127.1,-74.7],[-123.6,-74.8],[-120.2,-74.5],[-118.8,-74.6],[-118.1,-74.3],[-117.4,-74.5],[-115.0,-74.4],[-114.9,-74.1],[-114.1,-73.9],[-113.5,-74.1],[-113.2,-74.3],[-113.4,-74.7],[-112.4,-74.8],[-111.7,-74.7],[-111.7,-74.3],[-111.1,-74.2],[-110.4,-74.3],[-110.3,-74.8],[-110.8,-75.0],[-110.6,-75.3],[-109.2,-75.1],[-108.3,-75.3],[-106.8,-75.4],[-105.6,-75.1],[-103.9,-75.1],[-101.8,-75.3],[-100.7,-75.3],[-100.0,-75.3],[-99.7,-75.1],[-100.0,-74.9],[-101.0,-74.9],[-100.4,-74.8],[-100.4,-74.6],[-100.6,-74.5],[-101.2,-74.5],[-101.5,-74.5],[-101.9,-74.1],[-102.9,-73.9],[-103.2,-73.9],[-103.2,-73.6],[-101.4,-73.8],[-99.7,-73.7],[-100.2,-73.4],[-102.9,-73.4],[-103.3,-73.3],[-103.6,-73.1],[-103.6,-72.7],[-102.6,-72.8],[-102.2,-73.1],[-99.8,-73.0],[-96.5,-73.3],[-95.4,-73.3],[-94.0,-73.2],[-92.0,-73.3],[-90,-73.3],[-89.6,-73.1],[-89.3,-72.8],[-88.7,-72.8],[-88.6,-73.3],[-87.4,-73.4],[-86.3,-73.3],[-85.9,-73.5],[-84.4,-73.8],[-82.7,-73.9],[-81.8,-74.0],[-81.3,-73.8],[-81.0,-73.3],[-79.8,-73.2],[-79.3,-73.4],[-78.5,-73.7],[-77.1,-73.6],[-75.6,-73.8],[-73.7,-73.6],[-71.5,-73.4],[-69.0,-73.0],[-67.6,-72.7],[-67.1,-72.4],[-67.1,-71.8],[-67.7,-71.3],[-68.1,-70.6],[-68.6,-70.3],[-68.8,-69.8],[-68.2,-69.3],[-67.5,-69.2],[-67.1,-68.7],[-67.2,-68.3],[-67.3,-67.8],[-67.9,-67.6],[-67.7,-66.9],[-66.9,-66.8],[-65.8,-66.2],[-65.1,-65.9],[-64.7,-65.6],[-64.2,-65.3],[-62.9,-64.7],[-61.3,-64.5],[-60.2,-63.9],[-59.1,-63.9],[-58.1,-63.4],[-57.4,-63.2],[-57.3,-63.7],[-57.9,-63.9],[-58.4,-64.1],[-58.9,-64.3],[-59.3,-64.3],[-59.8,-64.3],[-61.1,-64.9],[-61.6,-65.2],[-62.4,-65.8],[-62.4,-66.3],[-62.8,-66.6],[-63.4,-66.5],[-63.8,-66.5],[-64.4,-66.7],[-64.9,-67.0],[-65.4,-67.3],[-65.7,-67.9],[-65.5,-68.2],[-65.2,-68.5],[-64.5,-68.7],[-63.8,-68.7],[-63.5,-68.9],[-63.1,-69.4],[-62.4,-70.1],[-62.1,-70.5],[-61.7,-70.8],[-61.4,-71.4],[-61.0,-72.1],[-60.8,-72.7],[-61.0,-73.1],[-61.4,-73.9],[-62.7,-74.8],[-63.2,-74.8],[-63.7,-75.2],[-64.5,-75.7],[-65.9,-75.8],[-68.2,-76.2],[-69.2,-76.4],[-70.6,-76.7],[-73.9,-76.6],[-75.9,-76.5],[-76.3,-76.3],[-77.1,-76.1],[-77.8,-76.0],[-78.4,-76.0],[-78.8,-76.2],[-78.6,-76.6],[-77.7,-76.9],[-75.8,-77.5],[-73.6,-77.5],[-73.0,-77.8],[-74.5,-78.1],[-77.1,-77.9],[-79.3,-77.7],[-80.7,-77.6],[-81.7,-77.7],[-81.3,-78.0],[-80.8,-78.2],[-79.3,-78.3],[-78.3,-78.3],[-77.7,-78.5],[-77.8,-78.6],[-78.1,-78.7],[-79.1,-78.9],[-81.5,-78.9],[-82.1,-78.8],[-83.1,-78.2],[-84.2,-78.2],[-84.1,-78.6],[-82.9,-79.2],[-82.5,-79.2],[-81.9,-79.2],[-81.3,-79.3],[-80.2,-79.3],[-78.0,-79.1],[-76.6,-79.4],[-76.4,-79.6],[-76.4,-79.9],[-77.4,-79.9],[-78.8,-80.0],[-80.0,-79.9],[-78.3,-80.3],[-76.6,-80.2],[-76.0,-80.4],[-74.9,-80.7],[-71.8,-81.1],[-67.9,-81.5],[-63.1,-82.1],[-60.2,-82.3],[-59.3,-82.7],[-59.0,-83.2],[-57.6,-83.0],[-55.2,-82.3],[-52.2,-82.0],[-51.1,-82.0],[-48.2,-81.9],[-43.8,-81.8],[-43.0,-81.9],[-41.8,-81.4],[-38.0,-80.9],[-32.9,-80.9],[-28.9,-80.5],[-28.4,-80.1],[-28.9,-79.9],[-29.0,-79.4],[-29.6,-79.2],[-31.8,-79.2],[-32.9,-79.3],[-35.0,-79.2],[-36.4,-79.2],[-36.4,-78.6],[-34.9,-77.9],[-33.2,-77.4],[-32.1,-77.3],[-30.2,-76.8],[-26.0,-76.3],[-23.6,-75.9],[-20.6,-75.9],[-18.4,-75.7],[-17.2,-74.8],[-14.5,-74.1],[-15.0,-73.8],[-16.2,-74.1],[-17.1,-73.9],[-16.4,-73.4],[-15.7,-73.3],[-14.6,-73.2],[-14.3,-72.8],[-12.5,-72.5],[-11.8,-72.3],[-11.6,-72.1],[-12.3,-71.7],[-12.4,-71.4],[-11.8,-71.3],[-11.6,-71.6],[-11.1,-71.6],[-10.2,-71.2],[-9.8,-71.0],[-9.4,-71.1],[-8.8,-71.8],[-7.7,-71.7],[-7.6,-71.3],[-7.2,-70.9],[-6.4,-70.7],[-5.7,-70.9],[-6.3,-71.2],[-6.3,-71.4],[-4.9,-71.3],[-2.7,-71.4],[-1.3,-71.3],[-0.8,-71.7],[-0.1,-71.6],[0.7,-71.3],[3.3,-70.9],[6.6,-70.5],[8.5,-70.1],[9.4,-70.1],[10.3,-70.7],[11.1,-70.9],[12.0,-70.7],[12.7,-70.3],[16.1,-70.2],[17.6,-70.1],[19.5,-70.2],[22.5,-70.6],[23.7,-70.6],[25.6,-70.4],[28.3,-70.0],[30.7,-69.7],[31.7,-69.5],[32.7,-69.3],[33.0,-68.9],[33.5,-68.5],[34.3,-68.5],[34.7,-68.9],[35.3,-69.1],[36.1,-69.6],[36.5,-69.7],[37.0,-69.4],[37.6,-69.3],[37.7,-69.5],[37.3,-69.7],[37.6,-69.8],[38.0,-69.9],[38.1,-69.7],[38.3,-69.5],[38.4,-69.6],[38.3,-69.8],[38.3,-70.0],[38.6,-70.0],[39.5,-69.7],[39.6,-68.9],[41.9,-68.4],[42.6,-68.1],[44.2,-68.0],[44.8,-67.7],[46.0,-67.7],[46.1,-67.6],[46.1,-67.4],[46.4,-67.3],[46.9,-67.4],[47.0,-67.7],[47.3,-67.8],[48.3,-67.5],[48.8,-67.4],[48.5,-67.3],[48.3,-67.2],[48.3,-67.0],[49.0,-67.0],[49.7,-67.1],[50.0,-67.2],[50.3,-67.1],[50.2,-67.0],[50.0,-66.8],[50.0,-66.6],[50.1,-66.5],[50.5,-66.4],[52.5,-66.0],[53.8,-65.9],[55.1,-66.0],[56.2,-66.4],[56.8,-66.5],[57.1,-66.5],[57.1,-66.7],[56.7,-66.7],[56.6,-66.9],[57.4,-67.0],[59.6,-67.3],[62.1,-67.5],[62.8,-67.6],[63.6,-67.5],[67.0,-67.8],[69.4,-67.8],[69.7,-68.2],[69.8,-68.6],[69.4,-69.2],[69.1,-69.4],[69.0,-69.9],[68.6,-70.0],[68.2,-69.9],[67.8,-70.0],[67.5,-70.5],[68.2,-70.7],[68.5,-70.7],[68.9,-70.4],[69.1,-70.6],[68.7,-71.1],[68.1,-71.1],[67.4,-71.7],[67.4,-72.1],[68.2,-72.4],[69.5,-72.4],[70.3,-72.0],[71.2,-71.3],[71.9,-70.5],[72.5,-70.2],[74.4,-69.8],[75.4,-69.5],[76.9,-69.3],[77.8,-68.8],[78.3,-68.4],[79.8,-67.9],[80.9,-67.6],[81.8,-67.3],[82.7,-67.2],[85.5,-66.9],[87.2,-67.0],[87.8,-66.7],[87.8,-66.5],[88.1,-66.1],[88.3,-66.1],[88.5,-66.4],[88.7,-66.8],[90,-66.6],[93.5,-66.6],[95.7,-66.5],[97.1,-66.7],[98.1,-66.6],[98.7,-66.6],[99.1,-66.9],[99.7,-66.5],[100.9,-66.1],[101.7,-66.0],[102.0,-66.0],[102.3,-66.0],[102.6,-65.9],[103.3,-66.1],[103.8,-66.0],[105.5,-66.3],[107.2,-66.5],[107.6,-66.5],[108.1,-66.7],[108.4,-66.7],[109.4,-66.7],[110.0,-66.6],[110.6,-66.4],[110.5,-66.3],[110.6,-66.1],[111.3,-66.0],[111.7,-66.0],[112.0,-66.0],[113.0,-65.8],[114.0,-66.0],[114.3,-66.3],[114.4,-66.5],[115.3,-66.4],[115.7,-66.4],[116.1,-66.5],[117.0,-66.8],[118.3,-67.1],[119.6,-66.9],[121.5,-66.8],[122.5,-66.6],[123.5,-66.6],[125.1,-66.8],[125.4,-66.4],[126.4,-66.4],[126.8,-66.9],[129.0,-67.0],[129.4,-66.5],[130.3,-66.3],[133.0,-66.3],[133.3,-66.1],[134.2,-66.2],[134.0,-65.5],[134.0,-65.2],[134.6,-65.0],[135.0,-65.6],[134.7,-66.1],[135.1,-66.2],[136.3,-66.4],[138.7,-66.6],[141.2,-66.7],[142.2,-67.0],[142.8,-67.0],[143.4,-67.0],[144.4,-67.2],[145.3,-67.1],[145.6,-67.2],[145.4,-67.4],[145.3,-67.6],[145.5,-67.6],[146.4,-67.8],[146.9,-68.0],[148.1,-67.9],[148.3,-68.2],[148.7,-68.3],[150.9,-68.5],[150.8,-68.8],[151.1,-68.9],[152.3,-68.8],[153.8,-68.9],[153.6,-68.5],[153.9,-68.4],[154.3,-68.6],[154.4,-68.9],[154.9,-69.1],[156.1,-69.3],[157.3,-69.2],[159.1,-69.6],[159.8,-69.8],[160.6,-70.2],[161.3,-70.2],[161.6,-70.3],[161.8,-70.3],[162.1,-70.3],[162.5,-70.3],[162.9,-70.6],[163.1,-70.6],[163.4,-70.7],[163.4,-70.5],[163.7,-70.5],[164.3,-70.5],[165.0,-70.6],[167.6,-70.9],[168.0,-71.1],[168.7,-71.2],[170.1,-71.7],[170.3,-71.5],[170.5,-71.6],[170.7,-71.9],[170.4,-72.0],[169.9,-72.1],[169.8,-72.2],[169.9,-72.4],[170.1,-72.3],[170.1,-72.6],[169.9,-72.6],[169.9,-72.7],[169.7,-72.8],[169.5,-73.1],[169.2,-73.1],[169.0,-73.2],[168.9,-73.5],[168.2,-73.6],[167.6,-73.5],[166.8,-73.6],[165.8,-73.8],[164.6,-74.2],[165.2,-74.7],[164.3,-74.8],[163.8,-74.6],[163.4,-74.7],[163.4,-75.0],[162.3,-75.1],[162.4,-75.3],[162.8,-75.6],[162.8,-76.0],[162.6,-76.0],[162.4,-76.2],[162.6,-76.4],[162.7,-76.8],[162.3,-77.0],[162.6,-77.1],[163.0,-77.1],[163.3,-77.2],[163.5,-77.4],[163.5,-77.7],[164.1,-77.7],[164.5,-78.1],[165.4,-78.2],[165.6,-78.4],[166.8,-78.6],[164.9,-78.6],[163.6,-78.7],[162.6,-78.9],[161.8,-78.9],[161.4,-79.0],[160.7,-79.1],[160.1,-79.0],[159.8,-79.2],[160.3,-79.4],[160.1,-79.6],[159.8,-79.7],[159.3,-80.0],[158.1,-80.3],[158.3,-80.5],[159.3,-80.4],[159.6,-80.4],[159.9,-80.6],[160.0,-80.7],[160.2,-80.8],[160.4,-80.9],[160.5,-81.3],[160.6,-81.5],[162.0,-81.7],[163.3,-82.1],[165.0,-82.4],[167.3,-83.0],[167.9,-83.0],[168.4,-83.1],[168.3,-83.2],[167.6,-83.3],[167.4,-83.4],[167.9,-83.5],[168.9,-83.3],[169.8,-83.4]]]]}},{"type":"Feature","properties":{"NAME":"France"},"geometry":{"type":"MultiPolygon","coordinates":[[[[-1.6,43.5],[-1.3,44.6],[-1.1,44.6],[-1.2,44.7],[-1.3,44.6],[-1.3,45.1],[-1.2,45.5],[-1.1,45.4],[-0.9,45.3],[-0.8,45.1],[-0.7,45.0],[-0.9,45.3],[-1.1,45.6],[-1.2,45.7],[-1.2,45.8],[-1.1,46.0],[-1.2,46.2],[-1.3,46.3],[-1.4,46.4],[-1.7,46.4],[-1.9,46.7],[-2.1,46.9],[-2.0,47.0],[-2.1,47.1],[-2.3,47.2],[-2.5,47.2],[-2.6,47.3],[-2.5,47.5],[-2.6,47.6],[-2.8,47.5],[-3.1,47.6],[-3.4,47.7],[-3.7,47.8],[-3.9,47.8],[-4.0,47.9],[-4.4,47.8],[-4.4,47.9],[-4.5,48.0],[-4.7,48.0],[-4.7,48.1],[-4.3,48.1],[-4.4,48.2],[-4.6,48.3],[-4.4,48.3],[-4.4,48.4],[-4.5,48.4],[-4.6,48.4],[-4.8,48.4],[-4.8,48.6],[-4.6,48.5],[-4.5,48.6],[-4.3,48.7],[-4.0,48.7],[-3.9,48.6],[-3.8,48.7],[-3.6,48.7],[-3.6,48.8],[-3.4,48.8],[-3.1,48.9],[-2.9,48.7],[-2.8,48.6],[-2.6,48.6],[-2.3,48.7],[-2.2,48.6],[-2.1,48.7],[-1.9,48.7],[-1.9,48.6],[-1.6,48.6],[-1.5,48.7],[-1.6,48.8],[-1.6,48.9],[-1.6,49.0],[-1.6,49.2],[-1.9,49.5],[-1.9,49.7],[-1.5,49.7],[-1.3,49.7],[-1.3,49.5],[-1.2,49.3],[-1.0,49.4],[-0.5,49.4],[-0.2,49.3],[0.0,49.3],[0.3,49.5],[0.1,49.5],[0.1,49.6],[0.2,49.7],[0.5,49.8],[0.9,49.9],[1.3,50.0],[1.4,50.1],[1.6,50.2],[1.5,50.6],[1.6,50.8],[1.8,50.9],[2.0,51.0],[2.4,51.0],[2.5,51.1],[2.6,50.9],[2.8,50.7],[2.9,50.7],[3.1,50.8],[3.2,50.7],[3.3,50.5],[3.4,50.5],[3.6,50.5],[3.7,50.3],[3.8,50.3],[4.1,50.3],[4.2,50.2],[4.1,50.1],[4.2,50.1],[4.2,50.0],[4.3,49.9],[4.5,49.9],[4.7,50.0],[4.8,50.1],[4.9,50.1],[4.8,50.0],[4.9,49.9],[4.9,49.8],[5.1,49.8],[5.3,49.7],[5.4,49.6],[5.5,49.5],[5.8,49.6],[5.8,49.5],[6.1,49.5],[6.4,49.5],[6.4,49.4],[6.6,49.3],[6.8,49.2],[7.0,49.2],[7.0,49.1],[7.3,49.2],[7.4,49.2],[7.5,49.1],[7.7,49.1],[7.9,49.1],[8.2,49.0],[7.7,48.6],[7.7,48.5],[7.7,48.4],[7.5,48.2],[7.5,48.1],[7.5,48.0],[7.4,47.7],[7.5,47.6],[7.3,47.5],[7.1,47.5],[6.9,47.5],[6.8,47.4],[6.9,47.4],[6.9,47.3],[6.6,47.1],[6.4,46.9],[6.4,46.8],[6.1,46.6],[6.0,46.5],[6.1,46.4],[6.0,46.3],[5.9,46.2],[5.9,46.0],[5.9,45.8],[5.9,45.7],[5.9,45.5],[5.8,45.5],[5.8,45.4],[5.9,45.3],[6.1,45.2],[6.0,45.3],[6.1,45.4],[6.1,45.3],[6.2,45.3],[6.3,45.3],[6.2,45.3],[6.3,45.2],[6.5,45.1],[6.7,45.0],[6.9,44.9],[7.0,44.7],[6.9,44.7],[6.8,44.5],[6.9,44.3],[6.8,44.3],[6.8,44.2],[6.8,44.1],[6.9,44.1],[7.0,44.1],[7.0,44.0],[6.9,44.0],[7.0,43.9],[6.9,43.9],[6.9,43.8],[7.4,43.9],[7.4,43.8],[7.3,43.7],[6.9,43.4],[6.5,43.2],[6.3,43.1],[6.2,43.1],[5.8,43.0],[5.6,43.0],[5.4,43.1],[5.1,43.3],[4.9,43.4],[4.8,43.4],[4.6,43.3],[4.4,43.3],[4.1,43.5],[3.8,43.5],[3.5,43.3],[3.3,43.2],[3.1,42.9],[3.0,42.8],[3.0,42.5],[3.1,42.4],[2.9,42.4],[2.6,42.3],[2.4,42.3],[2.2,42.4],[2.0,42.3],[1.9,42.3],[1.9,42.4],[1.7,42.4],[1.6,42.4],[1.4,42.4],[1.3,42.5],[1.3,42.6],[0.7,42.8],[0.6,42.8],[0.6,42.6],[0.3,42.6],[0.2,42.6],[0.2,42.7],[-0.2,42.6],[-0.2,42.7],[-0.4,42.8],[-0.5,42.8],[-0.6,42.8],[-0.6,42.7],[-0.8,42.9],[-0.9,42.9],[-1.4,43.0],[-1.5,43.0],[-1.6,43.0],[-1.5,43.2],[-1.7,43.2],[-1.9,43.3],[-1.7,43.4],[-1.6,43.5]]],[[[9.4,42.8],[9.4,42.6],[9.5,42.6],[9.5,42.4],[9.5,42.0],[9.4,41.9],[9.3,41.6],[9.2,41.3],[9.0,41.4],[9.0,41.5],[8.8,41.5],[8.7,41.6],[8.9,41.7],[8.8,41.7],[8.6,41.7],[8.7,41.9],[8.6,41.9],[8.5,41.9],[8.6,42.0],[8.7,42.0],[8.6,42.1],[8.5,42.1],[8.5,42.2],[8.6,42.3],[8.5,42.4],[8.6,42.5],[8.9,42.6],[9.0,42.6],[9.0,42.7],[9.1,42.7],[9.2,42.7],[9.3,42.7],[9.3,42.9],[9.3,43.0],[9.4,43.0],[9.4,42.9],[9.4,42.8]]]]}},{"type":"Feature","properties":{"NAME":"Switzerland"},"geometry":{"type":"MultiPolygon","coordinates":[[[[9.5,47.3],[9.6,47.2],[9.5,47.1],[9.8,47.0],[10.1,46.9],[10.3,47.0],[10.4,47.0],[10.4,46.9],[10.3,46.7],[10.4,46.7],[10.4,46.6],[10.2,46.6],[10.2,46.7],[10.0,46.6],[10.0,46.5],[10.1,46.4],[10.0,46.3],[9.9,46.4],[9.7,46.4],[9.6,46.3],[9.5,46.3],[9.4,46.4],[9.4,46.5],[9.2,46.5],[9.2,46.3],[9.0,46.2],[9.0,45.9],[8.9,45.9],[8.7,46.0],[8.8,46.1],[8.6,46.1],[8.4,46.3],[8.4,46.5],[8.0,46.3],[8.1,46.2],[7.9,46.0],[7.8,45.9],[7.5,46.0],[7.2,45.9],[7.0,45.9],[6.9,46.1],[6.8,46.4],[6.9,46.4],[6.8,46.5],[6.7,46.5],[6.6,46.5],[6.5,46.5],[6.4,46.5],[6.3,46.5],[6.3,46.4],[6.2,46.4],[6.2,46.3],[6.1,46.2],[6.2,46.2],[6.2,46.3],[6.3,46.4],[6.4,46.3],[6.1,46.1],[5.9,46.2],[6.0,46.3],[6.1,46.4],[6.0,46.5],[6.1,46.6],[6.4,46.8],[6.4,46.9],[6.6,47.1],[6.9,47.3],[6.9,47.4],[6.8,47.4],[6.9,47.5],[7.1,47.5],[7.3,47.5],[7.5,47.6],[7.6,47.6],[7.8,47.6],[7.9,47.6],[8.1,47.6],[8.3,47.6],[8.4,47.6],[8.3,47.7],[8.6,47.8],[8.7,47.8],[8.7,47.7],[8.8,47.7],[9.0,47.7],[8.9,47.7],[8.9,47.6],[9.0,47.7],[9.1,47.7],[9.2,47.7],[9.2,47.6],[9.3,47.6],[9.4,47.6],[9.4,47.5],[9.5,47.5],[9.6,47.4],[9.5,47.3]]],[[[9.2,47.7],[9.1,47.7],[9.2,47.7]]]]}},{"type":"Feature","properties":{"NAME":"British Guiana"},"geometry":{"type":"MultiPolygon","coordinates":[[[[-59.4,8.2],[-59.2,8.0],[-58.9,7.8],[-58.6,7.5],[-58.6,7.3],[-58.6,7.0],[-58.5,6.6],[-58.4,6.8],[-58.3,6.9],[-58.0,6.8],[-58.0,6.7],[-57.7,6.6],[-57.4,6.4],[-57.2,6.1],[-57.1,5.8],[-57.1,5.7],[-57.1,5.5],[-57.2,5.1],[-57.3,5.0],[-57.8,4.9],[-57.8,4.8],[-57.8,4.5],[-57.8,4.3],[-58.0,4.0],[-57.7,3.6],[-57.5,3.3],[-57.2,3.3],[-57.2,3.1],[-57.1,2.7],[-56.8,2.2],[-56.7,2.0],[-56.7,1.9],[-57.1,1.9],[-57.6,1.7],[-57.9,1.6],[-57.9,2.8],[-58.7,2.8],[-60.1,6.6],[-59.4,8.2]]]]}},{"type":"Feature","properties":{"NAME":"Venezuela"},"geometry":{"type":"MultiPolygon","coordinates":[[[[-50.2,-1.7],[-50.5,-1.7],[-50.6,-1.4],[-50.6,-1.3],[-50.6,-1.2],[-50.6,-0.9],[-50.6,-0.7],[-50.5,-0.3],[-50.4,-0.2],[-50.2,-0.2],[-49.8,-0.2],[-49.4,-0.3],[-49.1,-0.2],[-49.0,-0.2],[-48.8,-0.3],[-48.5,-0.3],[-48.4,-0.4],[-48.6,-0.6],[-48.6,-1.1],[-48.8,-1.3],[-48.9,-1.4],[-49.1,-1.6],[-49.3,-1.6],[-49.6,-1.7],[-49.9,-1.7],[-50.2,-1.7]]],[[[-63.3,2.1],[-63.6,1.9],[-63.9,1.9],[-64.0,1.8],[-64.1,1.5],[-64.2,1.4],[-64.5,1.3],[-64.7,1.2],[-65.1,0.9],[-65.4,0.6],[-65.5,0.6],[-65.6,0.9],[-65.6,1.0],[-65.9,0.7],[-66.1,0.6],[-66.3,0.7],[-66.7,1.0],[-66.8,1.0],[-66.9,1.2],[-67.0,1.4],[-67.1,1.8],[-67.1,2.0],[-67.2,2.1],[-67.5,2.6],[-67.8,2.8],[-67.6,3.1],[-67.2,3.3],[-67.3,3.5],[-67.5,3.8],[-67.6,3.9],[-67.8,4.3],[-67.9,4.7],[-67.9,4.8],[-67.9,5.0],[-67.9,5.1],[-67.9,5.3],[-67.7,5.5],[-67.7,6.0],[-67.5,6.2],[-67.8,6.2],[-68.7,6.1],[-69.0,6.1],[-69.2,6.0],[-69.3,6.0],[-69.6,6.3],[-69.9,6.7],[-70.0,6.8],[-70.3,7.0],[-70.5,7.1],[-71.1,7.0],[-71.6,7.0],[-71.8,7.0],[-72.0,7.1],[-72.2,7.3],[-72.4,7.5],[-72.4,7.6],[-72.3,8.1],[-72.4,8.3],[-72.7,9.0],[-72.9,9.2],[-73.1,9.2],[-73.2,9.2],[-73.3,9.2],[-73.0,9.7],[-72.9,10.1],[-72.8,10.4],[-72.4,11.2],[-72.2,11.2],[-72.1,11.2],[-72.1,11.4],[-72.1,11.6],[-72.1,11.7],[-71.9,11.8],[-71.6,11.9],[-71.2,12.0],[-71.2,11.9],[-71.6,11.8],[-71.9,11.7],[-72.0,11.6],[-71.9,11.3],[-71.8,11.2],[-71.7,11.1],[-71.8,11.0],[-71.7,10.8],[-71.7,10.6],[-71.9,10.4],[-72.1,10.1],[-72.1,9.9],[-72.0,9.7],[-71.9,9.6],[-71.8,9.3],[-71.6,9.1],[-71.4,9.1],[-71.3,9.2],[-71.1,9.3],[-71.0,9.4],[-71.0,9.6],[-71.1,9.9],[-71.2,10.0],[-71.4,10.4],[-71.4,10.5],[-71.5,10.6],[-71.6,10.7],[-71.5,10.8],[-71.5,10.9],[-71.1,11.1],[-70.6,11.3],[-70.2,11.4],[-70.1,11.5],[-69.8,11.5],[-69.7,11.5],[-69.8,11.6],[-69.8,11.7],[-69.9,11.8],[-70.0,11.8],[-70.1,11.7],[-70.2,11.8],[-70.3,12.0],[-70.3,12.1],[-70.1,12.2],[-70.0,12.2],[-69.9,12.2],[-69.9,12.0],[-69.8,11.9],[-69.8,11.8],[-69.7,11.7],[-69.6,11.5],[-69.5,11.5],[-69.2,11.5],[-69.0,11.5],[-68.7,11.4],[-68.5,11.3],[-68.4,11.0],[-68.3,10.7],[-68.1,10.6],[-68.0,10.5],[-67.5,10.6],[-67.1,10.6],[-66.8,10.7],[-66.5,10.7],[-66.2,10.6],[-66.0,10.4],[-65.9,10.3],[-65.6,10.2],[-65.4,10.2],[-64.9,10.1],[-64.7,10.2],[-64.5,10.3],[-64.1,10.6],[-63.9,10.7],[-63.7,10.7],[-63.2,10.7],[-62.7,10.8],[-62.3,10.7],[-62.2,10.7],[-62.2,10.6],[-62.3,10.5],[-62.7,10.6],[-62.9,10.5],[-63.0,10.5],[-62.9,10.4],[-62.7,10.3],[-62.4,10.0],[-62.3,9.7],[-62.2,10.0],[-62.1,10.0],[-61.9,9.9],[-61.7,9.9],[-61.5,9.9],[-61.4,9.7],[-61.0,9.5],[-60.8,9.4],[-61.1,9.2],[-61.2,8.9],[-61.3,8.8],[-61.8,8.6],[-61.5,8.6],[-61.3,8.5],[-61.1,8.5],[-61.0,8.6],[-60.5,8.6],[-60.2,8.6],[-59.8,8.4],[-59.6,8.3],[-59.4,8.2],[-60.1,6.6],[-58.7,2.8],[-57.9,2.8],[-57.9,1.6],[-58.0,1.6],[-58.2,1.4],[-58.5,1.2],[-58.9,1.2],[-59.1,1.3],[-59.6,1.7],[-60.5,2.2],[-63.3,2.1]]]]}},{"type":"Feature","properties":{"NAME":"Kingdom of Brazil"},"geometry":{"type":"MultiPolygon","coordinates":[[[[-60.3,-14.6],[-60.4,-14.2],[-60.4,-13.9],[-60.4,-13.8],[-60.6,-13.7],[-60.8,-13.6],[-61.1,-13.6],[-61.6,-13.6],[-61.7,-13.6],[-61.9,-13.4],[-62.1,-13.1],[-62.5,-13.1],[-62.7,-13.0],[-63.0,-12.8],[-63.3,-12.6],[-63.6,-12.5],[-63.8,-12.5],[-64.1,-12.5],[-64.3,-12.5],[-64.8,-12.0],[-65.1,-11.6],[-65.3,-11.4],[-65.3,-11.1],[-65.4,-10.7],[-65.3,-10.4],[-65.3,-10.2],[-65.3,-9.8],[-65.9,-9.8],[-66.3,-9.8],[-66.5,-9.9],[-72.9,-9.0],[-73.0,-9.0],[-73.6,-8.0],[-73.8,-7.6],[-73.9,-7.3],[-73.8,-7.0],[-73.6,-6.9],[-73.3,-6.7],[-73.1,-6.5],[-73.2,-6.1],[-73.2,-6.0],[-73.0,-5.8],[-72.8,-5.1],[-72.6,-5.1],[-72.3,-4.9],[-71.4,-4.5],[-71.1,-4.6],[-71.0,-4.5],[-70.7,-4.3],[-70.5,-4.3],[-70.3,-4.3],[-70.0,-4.4],[-69.9,-4.4],[-69.4,-4.1],[-69.2,-3.5],[-68.0,-3.4],[-67.8,-3.1],[-67.3,-2.6],[-66.7,-2.8],[-67.1,0.9],[-66.8,1.0],[-66.7,1.0],[-66.3,0.7],[-66.1,0.6],[-65.9,0.7],[-65.6,1.0],[-65.6,0.9],[-65.5,0.6],[-65.4,0.6],[-65.1,0.9],[-64.7,1.2],[-64.5,1.3],[-64.2,1.4],[-64.1,1.5],[-64.0,1.8],[-63.9,1.9],[-63.6,1.9],[-63.3,2.1],[-60.5,2.2],[-59.6,1.7],[-59.1,1.3],[-58.9,1.2],[-58.5,1.2],[-58.2,1.4],[-58.0,1.6],[-57.9,1.6],[-57.6,1.7],[-57.1,1.9],[-56.7,1.9],[-56.5,1.9],[-56.0,1.7],[-55.8,1.7],[-56.1,2.2],[-56.0,2.3],[-55.9,2.4],[-55.6,2.3],[-55.4,2.3],[-55.2,2.3],[-55.0,2.5],[-54.9,2.5],[-54.4,2.3],[-54.1,2.0],[-54.0,2.0],[-53.6,2.3],[-53.1,2.1],[-52.8,2.1],[-52.7,2.2],[-52.5,2.5],[-52.3,2.9],[-52.1,3.3],[-51.6,4.0],[-51.6,4.2],[-51.4,4.3],[-51.3,4.3],[-51.2,4.1],[-51.1,3.7],[-50.9,3.1],[-50.9,2.8],[-50.7,2.2],[-50.6,2.0],[-50.4,1.8],[-50.0,1.7],[-49.9,1.6],[-49.9,1.3],[-49.9,1.2],[-50.1,1.1],[-50.5,0.4],[-50.6,0.3],[-50.9,0.1],[-51.1,-0.0],[-51.2,-0.1],[-51.5,-0.4],[-51.8,-0.9],[-52.0,-1.3],[-52.1,-1.5],[-52.0,-1.6],[-51.8,-1.5],[-51.6,-1.4],[-51.0,-1.1],[-50.8,-1.5],[-50.6,-1.9],[-50.5,-1.9],[-50.4,-2.0],[-49.9,-2.0],[-49.6,-1.9],[-49.3,-1.8],[-49.4,-2.1],[-49.4,-2.4],[-49.2,-2.1],[-48.7,-1.7],[-48.5,-1.6],[-48.4,-1.4],[-48.2,-1.0],[-48.0,-0.8],[-47.9,-0.8],[-47.5,-0.8],[-47.3,-0.7],[-47.2,-0.7],[-46.9,-0.9],[-46.6,-1.0],[-46.5,-1.0],[-46.1,-1.2],[-45.6,-1.4],[-45.5,-1.5],[-45.4,-1.8],[-45.3,-1.8],[-45.1,-1.6],[-44.9,-1.6],[-44.8,-1.7],[-44.6,-2.1],[-44.5,-2.3],[-44.5,-2.4],[-44.7,-2.6],[-44.7,-2.8],[-44.7,-3.0],[-44.6,-3.1],[-44.2,-2.8],[-44.1,-2.7],[-43.8,-2.6],[-43.3,-2.4],[-43.2,-2.4],[-43.1,-2.5],[-42.7,-2.6],[-42.3,-2.8],[-42.1,-2.9],[-41.6,-2.9],[-41.1,-3.0],[-40.9,-2.9],[-40.7,-2.9],[-40.4,-2.9],[-40.2,-2.9],[-39.7,-3.0],[-39.4,-3.2],[-39.1,-3.4],[-38.8,-3.6],[-38.1,-4.2],[-37.7,-4.5],[-37.4,-4.8],[-37.2,-5.0],[-37.0,-5.0],[-36.6,-5.1],[-36.1,-5.2],[-35.7,-5.2],[-35.5,-5.3],[-35.3,-5.5],[-35.3,-5.8],[-35.0,-6.7],[-34.9,-7.2],[-34.9,-7.6],[-34.9,-7.9],[-35.0,-8.3],[-35.1,-8.7],[-35.4,-9.2],[-35.6,-9.6],[-36.2,-10.2],[-36.8,-10.7],[-37.0,-10.8],[-37.2,-10.8],[-37.4,-11.1],[-37.4,-11.3],[-37.4,-11.5],[-37.6,-12.0],[-37.9,-12.4],[-38.3,-12.9],[-38.4,-13.0],[-38.5,-13.0],[-38.5,-12.8],[-38.6,-12.7],[-38.8,-12.6],[-38.8,-13.0],[-39.1,-13.7],[-39.1,-14.1],[-39.1,-14.3],[-39.0,-15.6],[-38.9,-16.0],[-39.2,-17.1],[-39.2,-17.4],[-39.2,-17.7],[-39.1,-17.8],[-39.5,-18.0],[-39.7,-18.2],[-39.8,-18.6],[-39.8,-18.7],[-39.7,-19.4],[-39.7,-19.6],[-39.8,-19.7],[-40.1,-20.0],[-40.5,-20.6],[-40.9,-21.3],[-41.0,-21.5],[-41.0,-21.7],[-41.0,-22.1],[-41.5,-22.3],[-41.8,-22.4],[-41.9,-22.5],[-42.0,-22.8],[-42.0,-22.9],[-42.1,-23.0],[-42.5,-23.0],[-43.0,-23.0],[-43.3,-23.0],[-43.6,-23.0],[-43.8,-23.0],[-44.2,-23.0],[-44.6,-23.0],[-44.7,-23.3],[-44.8,-23.4],[-45.1,-23.5],[-45.4,-23.7],[-45.5,-23.9],[-45.8,-23.7],[-46.0,-23.8],[-46.2,-23.9],[-47.0,-24.4],[-47.3,-24.6],[-47.6,-24.8],[-47.9,-25.0],[-48.1,-25.3],[-48.3,-25.4],[-48.6,-25.4],[-48.7,-25.4],[-48.7,-25.5],[-48.6,-25.6],[-48.5,-25.9],[-48.6,-26.1],[-48.6,-26.2],[-48.7,-26.3],[-48.8,-26.4],[-48.6,-26.7],[-48.6,-27.2],[-48.6,-27.7],[-48.6,-27.8],[-48.6,-28.1],[-48.7,-28.4],[-48.9,-28.7],[-49.2,-28.9],[-49.5,-29.2],[-49.9,-29.6],[-50.0,-29.8],[-50.2,-30.3],[-50.5,-30.7],[-50.8,-31.2],[-51.1,-31.5],[-51.5,-31.8],[-51.3,-31.5],[-51.1,-31.2],[-50.9,-30.9],[-50.6,-30.4],[-50.6,-30.3],[-50.8,-30.4],[-50.9,-30.4],[-51.2,-30.3],[-51.3,-30.3],[-51.3,-30.5],[-51.4,-31.0],[-51.6,-31.2],[-51.9,-31.4],[-52.0,-31.6],[-52.1,-31.7],[-52.1,-31.9],[-52.4,-32.7],[-52.6,-33.0],[-52.9,-33.4],[-53.4,-33.9],[-53.5,-33.7],[-53.6,-33.4],[-53.5,-33.3],[-53.2,-32.9],[-53.2,-32.8],[-53.4,-32.6],[-53.5,-32.6],[-53.5,-32.5],[-53.9,-32.0],[-54.1,-31.8],[-54.6,-31.6],[-54.8,-31.5],[-55.1,-31.4],[-55.3,-31.2],[-55.4,-31.0],[-55.8,-31.2],[-55.9,-31.2],[-56.0,-31.0],[-56.2,-30.6],[-56.4,-30.5],[-56.6,-30.3],[-56.7,-30.2],[-56.9,-30.3],[-57.3,-30.4],[-57.6,-30.4],[-57.5,-30.3],[-57.1,-29.9],[-56.3,-29.1],[-55.6,-28.5],[-54.9,-27.8],[-54.8,-27.7],[-54.0,-27.4],[-53.7,-27.2],[-53.7,-27.0],[-53.6,-26.3],[-53.8,-25.8],[-53.9,-25.7],[-54.1,-25.7],[-54.6,-25.7],[-54.6,-25.6],[-54.6,-25.2],[-54.5,-24.8],[-54.4,-24.5],[-54.2,-24.1],[-54.4,-23.9],[-54.6,-23.9],[-55.1,-24.1],[-55.2,-24.0],[-55.3,-23.8],[-55.6,-22.6],[-55.6,-22.4],[-56.0,-22.3],[-56.3,-22.1],[-56.4,-22.1],[-56.7,-22.3],[-56.9,-22.3],[-57.3,-22.2],[-57.6,-22.2],[-57.8,-22.2],[-57.8,-21.8],[-57.8,-21.5],[-57.7,-21.1],[-57.8,-20.7],[-58.0,-20.3],[-58.0,-20.0],[-58.1,-19.8],[-57.9,-19.5],[-57.8,-19.2],[-57.7,-18.8],[-57.6,-18.3],[-57.6,-18.0],[-57.7,-17.7],[-57.9,-17.5],[-58.2,-17.3],[-58.4,-17.1],[-58.4,-16.9],[-58.3,-16.5],[-58.3,-16.4],[-58.6,-16.4],[-59.4,-16.4],[-59.6,-16.3],[-60.0,-16.3],[-60.1,-16.3],[-60.2,-15.9],[-60.3,-14.9],[-60.3,-14.6]]]]}},{"type":"Feature","properties":{"NAME":"Ecuador"},"geometry":{"type":"MultiPolygon","coordinates":[[[[-80.2,-3.5],[-80.1,-3.4],[-80.0,-3.3],[-79.8,-2.8],[-79.7,-2.7],[-79.8,-2.3],[-79.8,-2.2],[-80.0,-2.4],[-80.4,-2.7],[-80.5,-2.7],[-80.8,-2.5],[-81.0,-2.4],[-80.8,-2.2],[-80.7,-2.1],[-80.8,-1.9],[-80.8,-1.7],[-80.8,-1.5],[-80.8,-1.3],[-81.0,-1.0],[-80.9,-1.0],[-80.7,-0.9],[-80.3,-0.7],[-80.5,-0.5],[-80.5,-0.4],[-80.4,-0.2],[-80.2,-0.0],[-80.1,0.0],[-80.0,0.4],[-80.1,0.6],[-80.1,0.7],[-80.1,0.8],[-79.8,0.9],[-79.4,1.0],[-79.2,1.1],[-79.0,1.3],[-78.9,1.4],[-78.3,1.0],[-77.6,0.7],[-77.5,0.6],[-77.4,0.4],[-77.3,0.3],[-76.9,0.1],[-76.5,0.2],[-76.1,0.3],[-75.8,0.0],[-75.7,-0.0],[-75.6,-0.1],[-75.5,-0.1],[-75.1,-0.2],[-74.7,-0.4],[-74.5,-0.6],[-74.4,-0.7],[-74.3,-1.0],[-74.0,-1.2],[-73.6,-1.5],[-73.5,-1.8],[-73.5,-1.9],[-73.3,-2.0],[-73.1,-2.0],[-73.0,-2.1],[-73.0,-2.3],[-73.0,-2.5],[-72.7,-2.5],[-72.2,-2.5],[-72.0,-2.5],[-71.9,-2.4],[-71.7,-2.2],[-71.4,-2.4],[-71.2,-2.5],[-70.9,-2.3],[-70.7,-2.4],[-70.1,-2.8],[-70.1,-2.9],[-70.6,-3.8],[-71.1,-3.9],[-71.7,-3.6],[-71.9,-3.3],[-72.2,-3.5],[-72.9,-3.4],[-73.3,-3.6],[-73.1,-3.9],[-73.4,-4.0],[-73.6,-4.4],[-73.9,-4.6],[-74.2,-4.4],[-74.3,-4.6],[-74.6,-4.4],[-75.0,-4.8],[-75.5,-4.7],[-75.7,-5.1],[-77.3,-4.8],[-77.4,-4.3],[-78.9,-4.9],[-79.0,-5.0],[-79.1,-5.0],[-79.3,-5.0],[-79.5,-4.8],[-79.6,-4.6],[-79.7,-4.5],[-80.1,-4.5],[-80.3,-4.4],[-80.3,-4.3],[-80.3,-4.1],[-80.2,-3.9],[-80.2,-3.7],[-80.2,-3.5]]]]}},{"type":"Feature","properties":{"NAME":"Chile"},"geometry":{"type":"MultiPolygon","coordinates":[[[[-68.5,-52.4],[-68.6,-52.5],[-69.0,-52.4],[-69.2,-52.3],[-69.3,-52.3],[-69.5,-52.4],[-69.7,-52.5],[-69.9,-52.6],[-70.4,-52.7],[-70.6,-52.7],[-70.7,-52.8],[-70.9,-53.1],[-70.9,-53.2],[-70.9,-53.5],[-71.0,-53.8],[-71.2,-53.8],[-71.4,-53.9],[-71.9,-53.7],[-71.6,-53.4],[-71.4,-53.2],[-71.2,-53.0],[-71.3,-52.9],[-71.4,-52.8],[-72.1,-53.1],[-72.5,-53.1],[-72.8,-53.1],[-72.8,-53.0],[-72.8,-52.9],[-72.4,-52.8],[-72.2,-52.8],[-71.9,-52.7],[-71.7,-52.6],[-72.0,-52.6],[-72.2,-52.6],[-72.6,-52.6],[-72.6,-52.4],[-72.4,-52.2],[-72.6,-52.1],[-72.8,-51.9],[-73.1,-52.1],[-73.4,-52.0],[-73.3,-51.8],[-73.3,-51.7],[-73.4,-51.7],[-73.6,-51.8],[-73.8,-51.6],[-73.9,-51.6],[-73.7,-51.4],[-73.6,-51.4],[-73.7,-51.2],[-73.9,-51.2],[-74.2,-51.0],[-74.3,-51.0],[-73.9,-50.9],[-73.8,-50.8],[-73.7,-50.7],[-73.6,-50.5],[-73.5,-50.4],[-73.8,-50.5],[-73.9,-50.5],[-74.1,-50.5],[-74.2,-50.2],[-73.9,-50.0],[-74.2,-49.8],[-74.2,-49.6],[-73.9,-49.4],[-74.0,-49.2],[-74.3,-49.4],[-74.3,-48.7],[-74.1,-48.5],[-74.2,-48.1],[-74.2,-48.0],[-73.9,-48.0],[-73.8,-48.1],[-73.4,-48.2],[-73.4,-48.0],[-73.8,-47.8],[-74.2,-47.8],[-74.3,-47.8],[-74.5,-47.8],[-74.5,-47.7],[-74.4,-47.5],[-74.4,-47.4],[-74.3,-47.3],[-74.1,-47.3],[-74.0,-47.1],[-74.0,-47.0],[-74.3,-46.9],[-74.5,-46.8],[-74.9,-46.8],[-75.0,-46.8],[-75.0,-46.6],[-75.4,-46.6],[-75.5,-46.6],[-75.4,-46.5],[-75.0,-46.3],[-74.9,-46.2],[-74.7,-46.0],[-74.6,-45.9],[-74.2,-45.8],[-74.1,-45.9],[-74.0,-46.1],[-74.3,-46.2],[-74.5,-46.3],[-74.4,-46.5],[-74.4,-46.6],[-74.3,-46.5],[-74.2,-46.3],[-74.1,-46.3],[-74.0,-46.3],[-74.0,-46.5],[-74.0,-46.7],[-73.6,-46.3],[-73.5,-46.0],[-73.5,-45.7],[-73.4,-45.5],[-73.3,-45.5],[-73.0,-45.4],[-73.1,-45.3],[-73.3,-45.3],[-73.4,-45.2],[-73.3,-45.1],[-73.2,-45.1],[-72.9,-44.9],[-72.7,-44.7],[-72.6,-44.5],[-72.6,-44.4],[-72.8,-44.4],[-73.1,-44.2],[-73.1,-44.0],[-73.0,-43.9],[-73.0,-43.7],[-73.0,-43.3],[-72.8,-43.2],[-72.5,-43.1],[-72.7,-42.8],[-72.7,-42.4],[-72.4,-42.3],[-72.4,-42.2],[-72.5,-42.0],[-72.6,-42.0],[-72.7,-41.9],[-72.6,-41.8],[-72.6,-41.6],[-72.8,-41.5],[-72.9,-41.5],[-73.0,-41.6],[-73.2,-41.8],[-73.4,-41.8],[-73.5,-41.8],[-73.6,-41.7],[-73.7,-41.5],[-73.8,-41.2],[-73.9,-40.8],[-73.8,-40.4],[-73.8,-40.2],[-73.4,-39.9],[-73.2,-39.6],[-73.2,-39.4],[-73.4,-38.6],[-73.4,-38.4],[-73.4,-38.1],[-73.4,-37.9],[-73.7,-37.5],[-73.7,-37.4],[-73.6,-37.3],[-73.4,-37.3],[-73.3,-37.3],[-73.2,-37.2],[-73.1,-37.2],[-73.0,-36.6],[-72.8,-36.4],[-72.7,-35.9],[-72.6,-35.6],[-72.3,-35.3],[-72.2,-35.0],[-72.1,-34.7],[-72.0,-34.2],[-71.8,-33.9],[-71.7,-33.9],[-71.6,-33.7],[-71.6,-33.6],[-71.8,-33.2],[-71.7,-33.1],[-71.5,-32.9],[-71.4,-32.8],[-71.4,-32.6],[-71.4,-32.5],[-71.5,-32.2],[-71.7,-31.2],[-71.7,-30.9],[-71.7,-30.6],[-71.5,-30.3],[-71.3,-30.1],[-71.2,-29.8],[-71.2,-29.5],[-71.4,-29.3],[-71.4,-29.1],[-71.3,-28.7],[-71.2,-28.2],[-71.1,-28.0],[-70.9,-27.7],[-70.9,-27.3],[-70.8,-27.3],[-70.3,-26.8],[-69.5,-26.9],[-69.2,-26.1],[-68.5,-25.9],[-68.4,-26.1],[-68.3,-26.2],[-68.5,-26.4],[-68.5,-26.5],[-68.5,-26.8],[-68.3,-27.0],[-68.2,-27.1],[-68.3,-27.2],[-68.5,-27.2],[-68.8,-27.3],[-69.0,-27.6],[-69.2,-28.0],[-69.5,-28.3],[-69.6,-28.5],[-70.0,-29.4],[-69.9,-30.0],[-69.9,-30.4],[-70.1,-30.6],[-70.3,-30.7],[-70.4,-31.3],[-70.5,-31.7],[-70.4,-32.0],[-70.2,-32.5],[-69.8,-33.8],[-69.8,-34.1],[-69.8,-34.3],[-70.3,-35.1],[-70.5,-35.4],[-70.4,-35.5],[-70.4,-36.0],[-70.4,-36.2],[-71.0,-36.7],[-71.1,-36.8],[-71.2,-37.3],[-71.2,-37.8],[-71.0,-38.3],[-70.8,-38.7],[-70.9,-38.8],[-71.4,-39.0],[-71.4,-39.1],[-71.4,-39.2],[-71.7,-40.3],[-71.8,-40.6],[-71.9,-40.7],[-71.8,-41.6],[-71.7,-42.0],[-71.7,-42.2],[-72.0,-42.3],[-72.0,-42.4],[-72.1,-42.5],[-72.0,-43.1],[-71.7,-43.2],[-71.7,-43.5],[-71.8,-44.1],[-71.7,-44.4],[-71.6,-44.5],[-71.2,-44.5],[-71.1,-44.6],[-71.1,-44.7],[-71.2,-44.8],[-71.3,-44.8],[-71.7,-44.8],[-72.0,-44.9],[-71.9,-45.0],[-71.6,-45.1],[-71.4,-45.3],[-71.4,-45.4],[-71.7,-45.7],[-71.8,-46.2],[-71.7,-46.7],[-71.8,-47.1],[-71.9,-47.3],[-72.0,-47.4],[-72.3,-47.5],[-72.4,-47.6],[-72.5,-47.9],[-72.3,-48.2],[-72.3,-48.3],[-72.5,-48.9],[-72.6,-49.0],[-73.4,-49.4],[-73.5,-49.6],[-73.5,-49.8],[-73.4,-50.3],[-73.2,-50.9],[-73.1,-50.9],[-72.6,-50.7],[-72.3,-50.7],[-72.2,-50.8],[-72.1,-51.8],[-71.8,-52.1],[-71.5,-52.1],[-70.9,-52.1],[-69.6,-52.1],[-69.2,-52.2],[-68.6,-52.4],[-68.5,-52.4]]],[[[-68.7,-54.9],[-69.2,-54.9],[-69.4,-54.9],[-69.7,-54.8],[-69.9,-54.8],[-70.1,-54.8],[-70.5,-54.9],[-70.7,-54.9],[-70.7,-54.8],[-70.6,-54.6],[-70.6,-54.5],[-70.2,-54.4],[-69.6,-54.5],[-69.4,-54.6],[-69.1,-54.6],[-69.3,-54.3],[-69.5,-54.2],[-69.7,-54.2],[-69.8,-54.1],[-69.9,-54.1],[-70.0,-54.0],[-70.1,-53.8],[-69.4,-53.5],[-69.4,-53.4],[-69.5,-53.3],[-70.3,-53.5],[-70.5,-53.4],[-70.3,-53.2],[-70.3,-53.1],[-69.8,-52.9],[-69.4,-52.6],[-69.2,-52.7],[-68.7,-52.7],[-68.7,-53.2],[-68.7,-54.9]]],[[[-73.8,-43.5],[-73.9,-43.5],[-74.1,-43.4],[-74.2,-43.4],[-74.3,-43.3],[-74.2,-43.1],[-74.1,-42.8],[-74.2,-42.5],[-74.2,-42.3],[-74.0,-42.0],[-73.6,-42.0],[-73.5,-42.1],[-73.5,-42.3],[-73.8,-42.5],[-73.8,-42.6],[-73.6,-42.9],[-73.7,-43.4],[-73.8,-43.5]]],[[[-73.1,-53.0],[-73.3,-53.0],[-73.2,-52.6],[-73.6,-52.6],[-73.7,-52.4],[-73.6,-52.3],[-73.2,-52.3],[-73.0,-52.2],[-72.9,-52.3],[-72.8,-52.6],[-73.0,-52.8],[-73.1,-53.0]]]]}},{"type":"Feature","properties":{"NAME":"Peru"},"geometry":{"type":"MultiPolygon","coordinates":[[[[-68.9,-13.2],[-69.0,-13.5],[-68.9,-13.8],[-68.8,-14.2],[-68.9,-14.3],[-69.0,-14.5],[-69.2,-14.7],[-69.3,-14.9],[-69.1,-15.3],[-69.2,-15.5],[-69.3,-15.6],[-69.3,-15.9],[-69.0,-16.4],[-69.0,-16.6],[-69.1,-16.8],[-69.5,-17.1],[-69.5,-17.2],[-69.5,-17.4],[-69.4,-17.5],[-69.4,-17.6],[-69.4,-17.7],[-69.1,-18.1],[-69.0,-18.3],[-68.9,-18.9],[-68.8,-19.1],[-68.4,-19.5],[-68.4,-19.6],[-68.6,-20.3],[-68.6,-20.4],[-68.5,-20.7],[-68.2,-21.2],[-68.1,-21.5],[-68.0,-21.9],[-67.9,-22.1],[-69.1,-22.4],[-70.2,-22.2],[-70.1,-21.7],[-70.1,-20.7],[-70.2,-19.8],[-70.2,-19.1],[-70.3,-18.6],[-70.4,-18.5],[-70.5,-18.2],[-70.6,-18.1],[-71.2,-17.8],[-71.4,-17.7],[-71.5,-17.4],[-71.6,-17.2],[-71.9,-17.1],[-72.1,-17.0],[-72.3,-16.9],[-72.6,-16.7],[-73.0,-16.5],[-73.3,-16.4],[-73.7,-16.2],[-74.0,-16.0],[-74.6,-15.7],[-75.2,-15.2],[-75.8,-14.7],[-76.1,-14.4],[-76.2,-14.1],[-76.2,-13.9],[-76.2,-13.5],[-76.4,-13.2],[-76.7,-12.8],[-77.3,-11.5],[-77.5,-11.4],[-77.7,-11.3],[-77.7,-11.0],[-77.7,-10.8],[-77.8,-10.7],[-78.3,-9.7],[-78.8,-8.8],[-79.1,-8.2],[-79.7,-7.4],[-79.8,-7.2],[-80.1,-6.8],[-80.3,-6.6],[-80.6,-6.4],[-81.0,-6.2],[-81.3,-6.0],[-81.2,-6.0],[-81.2,-5.9],[-80.9,-5.9],[-80.8,-5.7],[-80.9,-5.6],[-81.1,-5.2],[-81.3,-5.0],[-81.4,-4.7],[-81.4,-4.6],[-81.3,-4.3],[-81.0,-4.1],[-80.6,-3.7],[-80.4,-3.6],[-80.2,-3.5],[-80.2,-3.7],[-80.2,-3.9],[-80.3,-4.1],[-80.3,-4.3],[-80.3,-4.4],[-80.1,-4.5],[-79.7,-4.5],[-79.6,-4.6],[-79.5,-4.8],[-79.3,-5.0],[-79.1,-5.0],[-79.0,-5.0],[-78.9,-4.9],[-77.4,-4.3],[-77.3,-4.8],[-75.7,-5.1],[-75.5,-4.7],[-75.0,-4.8],[-74.6,-4.4],[-74.3,-4.6],[-74.2,-4.4],[-73.9,-4.6],[-73.6,-4.4],[-73.4,-4.0],[-73.1,-3.9],[-73.3,-3.6],[-72.9,-3.4],[-72.2,-3.5],[-71.9,-3.3],[-71.7,-3.6],[-71.1,-3.9],[-70.6,-3.8],[-70.4,-3.8],[-70.3,-3.8],[-70.2,-3.8],[-69.9,-4.1],[-69.9,-4.2],[-69.8,-4.3],[-69.9,-4.4],[-70.0,-4.4],[-70.3,-4.3],[-70.5,-4.3],[-70.7,-4.3],[-71.0,-4.5],[-71.1,-4.6],[-71.4,-4.5],[-72.3,-4.9],[-72.6,-5.1],[-72.8,-5.1],[-73.0,-5.8],[-73.2,-6.0],[-73.2,-6.1],[-73.1,-6.5],[-73.3,-6.7],[-73.6,-6.9],[-73.8,-7.0],[-73.9,-7.3],[-73.8,-7.6],[-73.6,-8.0],[-73.0,-9.0],[-72.9,-9.0],[-73.0,-9.3],[-73.1,-9.4],[-70.2,-12.2],[-69.8,-12.8],[-69.8,-13.2],[-69.6,-13.4],[-69.4,-13.5],[-68.9,-13.2]]]]}},{"type":"Feature","properties":{"NAME":"Morocco"},"geometry":{"type":"MultiPolygon","coordinates":[[[[-2.2,35.1],[-2.1,34.8],[-1.8,34.7],[-1.7,34.6],[-1.7,34.2],[-1.7,33.8],[-1.7,33.3],[-1.6,33.0],[-1.3,32.7],[-1.1,32.5],[-1.2,32.0],[-2.1,32.0],[-2.4,32.0],[-2.8,32.0],[-3.0,31.7],[-3.1,31.7],[-3.7,31.6],[-3.8,31.6],[-3.8,31.5],[-3.8,31.3],[-3.7,31.0],[-3.7,30.9],[-4.4,30.6],[-4.9,30.4],[-5.1,30.1],[-5.4,30.0],[-5.6,29.9],[-6.0,29.8],[-6.3,29.8],[-6.4,29.5],[-6.6,29.4],[-7.2,29.5],[-7.6,29.2],[-8.3,28.8],[-8.6,28.6],[-8.6,28.5],[-8.6,27.6],[-9.3,27.6],[-10.1,27.6],[-11.3,27.6],[-12.4,27.6],[-13.1,27.5],[-13.1,27.7],[-12.9,27.9],[-12.7,27.9],[-12.1,28.0],[-11.6,28.2],[-11.4,28.4],[-10.9,28.8],[-10.3,29.1],[-9.9,29.6],[-9.7,30.0],[-9.6,30.2],[-9.6,30.4],[-9.8,30.8],[-9.9,31.1],[-9.8,31.3],[-9.6,31.6],[-9.3,32.0],[-9.2,32.3],[-9.3,32.4],[-9.2,32.6],[-8.6,33.1],[-8.3,33.3],[-7.9,33.5],[-7.3,33.7],[-7.0,33.9],[-6.8,34.1],[-6.5,34.5],[-6.3,34.9],[-5.9,35.7],[-5.8,35.8],[-5.6,35.9],[-5.5,35.8],[-5.2,35.4],[-5.1,35.4],[-4.6,35.2],[-4.3,35.2],[-4.0,35.1],[-3.4,35.2],[-3.2,35.3],[-3.0,35.4],[-2.8,35.1],[-2.7,35.1],[-2.4,35.1],[-2.3,35.1],[-2.2,35.1]]]]}},{"type":"Feature","properties":{"NAME":"Mexico"},"geometry":{"type":"MultiPolygon","coordinates":[[[[-97.8,23.4],[-97.9,22.8],[-97.9,22.3],[-97.6,21.6],[-97.5,21.2],[-97.2,20.8],[-96.9,20.4],[-96.8,20.2],[-96.6,19.9],[-96.3,19.5],[-96.0,18.9],[-95.8,18.8],[-95.5,18.8],[-95.3,18.8],[-95.1,18.7],[-94.8,18.5],[-94.6,18.3],[-94.2,18.2],[-93.8,18.3],[-93.1,18.6],[-92.5,18.7],[-92.1,18.8],[-92.1,18.5],[-91.7,18.4],[-91.6,18.5],[-91.5,18.6],[-91.5,18.7],[-91.7,18.8],[-91.2,19.1],[-90.8,19.2],[-90.7,19.8],[-90.4,20.0],[-90.5,20.5],[-90.4,20.9],[-90.3,21.1],[-90,21.1],[-90,21.2],[-89.9,21.2],[-89.5,21.3],[-89.1,21.4],[-88.6,21.6],[-88.3,21.6],[-88.1,21.6],[-87.6,21.5],[-87.4,21.6],[-87.2,21.5],[-86.9,21.3],[-86.9,21.2],[-86.9,21.0],[-87.1,20.8],[-87.3,20.6],[-87.5,20.4],[-87.7,20.2],[-87.7,19.9],[-87.8,19.7],[-87.9,19.6],[-87.8,19.5],[-87.6,19.6],[-87.7,19.3],[-87.8,18.7],[-87.8,18.5],[-87.9,18.4],[-88.0,18.6],[-88.1,18.8],[-88.1,18.9],[-88.3,18.7],[-88.3,18.5],[-88.5,18.5],[-88.6,18.3],[-88.9,17.9],[-89.0,18.0],[-89.2,18.0],[-89.2,17.8],[-90,17.8],[-91.0,17.8],[-91.0,17.3],[-91.5,17.3],[-91.3,17.2],[-91.1,16.9],[-90,16.8],[-90,16.5],[-90,16.4],[-90,16.1],[-91.3,16.1],[-91.8,16.1],[-92.2,15.3],[-92.1,15.1],[-92.2,15.0],[-92.2,14.7],[-92.2,14.5],[-92.5,14.8],[-92.9,15.2],[-93.3,15.5],[-93.8,15.9],[-94.1,16.1],[-94.4,16.2],[-94.8,16.3],[-95.1,16.3],[-95.5,16.1],[-96.0,15.9],[-96.3,15.8],[-96.8,15.8],[-97.1,15.9],[-97.3,16.0],[-97.9,16.1],[-98.1,16.2],[-98.4,16.4],[-98.9,16.6],[-99.2,16.7],[-100.0,16.9],[-100.4,17.1],[-100.7,17.2],[-101.2,17.4],[-101.5,17.6],[-102.0,18.0],[-102.1,18.1],[-102.4,18.0],[-102.7,18.1],[-103.5,18.4],[-103.7,18.6],[-104.0,18.9],[-104.2,19.1],[-104.7,19.3],[-104.9,19.4],[-105.2,19.7],[-105.5,20.1],[-105.7,20.4],[-105.6,20.5],[-105.4,20.5],[-105.3,20.6],[-105.3,20.7],[-105.4,20.8],[-105.2,21.1],[-105.2,21.3],[-105.3,21.5],[-105.6,22.0],[-105.6,22.1],[-105.5,22.2],[-105.5,22.3],[-105.8,22.6],[-106.5,23.4],[-106.8,23.6],[-107.2,24.1],[-107.4,24.3],[-107.8,24.6],[-107.9,24.6],[-108.0,24.8],[-108.0,25.0],[-108.1,25.1],[-108.2,25.2],[-108.5,25.2],[-108.7,25.4],[-108.8,25.6],[-109.0,25.6],[-109.2,25.6],[-109.3,25.6],[-109.3,25.8],[-109.3,26.0],[-109.1,26.3],[-109.2,26.4],[-109.5,26.7],[-109.7,26.6],[-109.9,26.9],[-109.9,27.0],[-110.1,27.1],[-110.4,27.2],[-110.5,27.3],[-110.6,27.5],[-110.6,27.6],[-110.5,27.8],[-110.6,27.9],[-110.9,28.0],[-111.1,28.0],[-111.3,28.1],[-111.7,28.5],[-111.9,28.8],[-112.0,29.1],[-112.3,29.4],[-112.7,29.9],[-112.7,30.1],[-112.9,30.4],[-113.0,30.6],[-113.1,30.8],[-113.1,31.0],[-113.1,31.1],[-113.3,31.2],[-113.7,31.3],[-113.7,31.5],[-113.7,31.6],[-114.0,31.7],[-114.1,31.5],[-114.2,31.5],[-114.8,31.8],[-115.0,31.4],[-115.0,31.2],[-115.0,31.1],[-114.9,31.0],[-114.7,30.8],[-114.7,30.4],[-114.7,30.1],[-114.5,29.8],[-114.4,29.8],[-114.1,29.6],[-113.8,29.4],[-113.6,29.1],[-113.3,28.6],[-113.1,28.4],[-113.0,28.4],[-112.9,28.3],[-112.7,27.7],[-112.7,27.6],[-112.6,27.6],[-112.3,27.5],[-112.2,27.3],[-112.1,27.0],[-111.9,26.7],[-111.7,26.7],[-111.6,26.8],[-111.5,26.6],[-111.3,25.9],[-111.1,25.4],[-110.8,24.9],[-110.8,24.6],[-110.8,24.4],[-110.7,24.2],[-110.5,24.1],[-110.3,24.2],[-110.2,24.3],[-109.9,24.0],[-109.8,23.7],[-109.6,23.6],[-109.5,23.6],[-109.4,23.4],[-109.5,23.2],[-109.6,23.1],[-109.9,22.9],[-110.0,22.9],[-110.1,23.1],[-110.2,23.4],[-110.5,23.7],[-110.8,23.8],[-111.0,24.0],[-111.4,24.2],[-111.9,24.7],[-112.1,24.9],[-112.2,25.0],[-112.1,25.5],[-112.1,25.6],[-112.3,26.0],[-112.4,26.2],[-112.6,26.3],[-112.8,26.4],[-113.0,26.5],[-113.3,26.8],[-113.4,26.7],[-113.6,26.8],[-114.2,27.1],[-114.5,27.2],[-114.9,27.7],[-115.1,27.9],[-114.7,27.8],[-114.5,27.8],[-114.2,27.9],[-114.1,28.1],[-114.1,28.3],[-114.1,28.4],[-114.3,28.7],[-114.5,28.9],[-115.0,29.3],[-115.4,29.5],[-115.6,29.7],[-115.7,29.9],[-115.8,30.2],[-115.9,30.3],[-116.1,30.3],[-116.1,30.5],[-116.1,30.8],[-116.2,30.9],[-116.5,31.3],[-116.7,31.6],[-116.7,31.7],[-116.6,31.9],[-117.0,32.2],[-117.1,32.3],[-117.2,32.5],[-117.0,32.5],[-116.0,32.6],[-114.9,32.6],[-114.7,32.5],[-114.6,32.4],[-114.1,32.3],[-112.8,31.8],[-111.2,31.3],[-111.1,31.3],[-110.3,31.3],[-109.6,31.3],[-109.2,31.3],[-108.4,31.3],[-108.3,31.3],[-108.2,31.7],[-107.4,31.7],[-106.5,31.7],[-106.2,31.4],[-105.8,31.1],[-105.4,30.8],[-105.1,30.6],[-105.0,30.5],[-104.9,30.2],[-104.8,29.8],[-104.6,29.6],[-104.1,29.3],[-103.6,29.1],[-103.4,29.0],[-103.2,29.0],[-103.0,29.1],[-102.9,29.3],[-102.7,29.4],[-102.4,29.7],[-102.2,29.8],[-101.9,29.8],[-101.7,29.7],[-101.4,29.6],[-101.2,29.5],[-101.0,29.3],[-100.7,28.9],[-100.4,28.3],[-100.0,27.8],[-99.7,27.6],[-99.6,27.5],[-99.6,27.3],[-99.4,26.8],[-99.3,26.6],[-99.1,26.4],[-98.7,26.3],[-98.2,26.0],[-98.1,26.0],[-97.9,26.0],[-97.8,26.0],[-97.4,25.9],[-97.3,25.8],[-97.4,25.4],[-97.7,25.1],[-97.7,24.7],[-97.8,24.2],[-97.8,23.4]]]]}},{"type":"Feature","properties":{"NAME":"Portuguese East Africa"},"geometry":{"type":"MultiPolygon","coordinates":[[[[31.7,-26.2],[31.8,-25.6],[33.5,-24.5],[34.0,-23.2],[33.7,-20.3],[34.0,-19.0],[34.2,-18.5],[34.4,-18.2],[34.3,-17.6],[33.6,-17.0],[33.1,-16.4],[32.6,-15.8],[32.9,-15.4],[33.8,-15.7],[34.3,-15.9],[35.5,-17.0],[36.4,-17.0],[37.6,-16.0],[39.2,-15.7],[39.6,-15.3],[39.7,-13.7],[39.5,-12.2],[39.1,-11.2],[40.5,-10.6],[40.6,-10.8],[40.5,-11.0],[40.4,-11.2],[40.3,-11.3],[40.4,-11.5],[40.5,-11.9],[40.4,-12.1],[40.5,-12.6],[40.5,-12.8],[40.4,-13.0],[40.5,-13.3],[40.6,-13.5],[40.6,-14.0],[40.6,-14.4],[40.6,-14.5],[40.7,-14.5],[40.8,-14.6],[40.9,-14.7],[40.8,-14.9],[40.5,-15.2],[40.6,-15.4],[40.6,-15.5],[40.4,-15.7],[40.0,-16.1],[39.8,-16.4],[39.5,-16.7],[38.9,-17.1],[38.2,-17.3],[37.9,-17.5],[37.3,-17.7],[36.9,-18.0],[36.3,-18.6],[35.9,-19.0],[35.4,-19.4],[34.8,-19.8],[34.7,-19.9],[34.7,-20.3],[34.7,-20.5],[34.7,-20.6],[35.0,-20.8],[35.1,-21.0],[35.0,-21.2],[35.0,-21.3],[35.2,-22.0],[35.2,-22.2],[35.3,-22.3],[35.4,-22.3],[35.4,-22.2],[35.5,-22.2],[35.5,-22.5],[35.4,-23.5],[35.3,-23.8],[35.4,-23.9],[35.5,-23.9],[35.5,-24.1],[35.4,-24.2],[35.2,-24.5],[34.9,-24.7],[34.6,-24.9],[34.0,-25.1],[33.7,-25.2],[33.3,-25.3],[32.9,-25.5],[32.7,-25.8],[32.5,-26.1],[32.6,-26.2],[32.9,-26.4],[32.9,-26.5],[32.8,-27.0],[32.8,-27.1],[31.7,-27.0],[31.7,-26.2]]]]}},{"type":"Feature","properties":{"NAME":"Cape Colony"},"geometry":{"type":"MultiPolygon","coordinates":[[[[16.3,-28.6],[16.4,-28.5],[16.7,-28.4],[16.8,-28.2],[16.9,-28.1],[17.0,-28.1],[17.2,-28.1],[17.4,-28.3],[17.5,-28.4],[17.5,-28.5],[17.6,-28.8],[17.7,-28.9],[17.9,-28.9],[18.3,-28.9],[18.7,-28.9],[18.9,-29.0],[19.1,-28.9],[19.4,-28.7],[19.6,-28.6],[19.8,-28.4],[20.7,-28.7],[21.5,-28.2],[22.0,-28.6],[22.6,-29.7],[23.5,-29.1],[24.2,-29.5],[25.7,-30.5],[26.4,-30.4],[26.9,-30.6],[27.4,-30.2],[27.5,-30.4],[27.9,-30.0],[28.7,-30.0],[29.2,-30.9],[29.8,-31.1],[30.0,-31.3],[29.8,-31.4],[29.3,-31.9],[28.9,-32.3],[28.3,-32.8],[27.7,-33.3],[27.4,-33.4],[27.0,-33.7],[26.7,-33.8],[26.3,-33.9],[25.9,-33.9],[25.6,-33.9],[25.6,-34.1],[25.5,-34.2],[25.3,-34.1],[25.1,-34.1],[24.9,-34.1],[24.8,-34.2],[24.7,-34.3],[24.6,-34.4],[24.4,-34.3],[24.1,-34.2],[23.7,-34.1],[23.5,-34.1],[23.4,-34.1],[23.2,-34.2],[23.0,-34.2],[22.7,-34.1],[22.5,-34.1],[22.3,-34.2],[22.0,-34.3],[21.7,-34.5],[21.3,-34.5],[21.1,-34.5],[20.8,-34.5],[20.5,-34.5],[20.3,-34.6],[19.9,-35.0],[19.3,-34.7],[19.3,-34.5],[19.2,-34.4],[19.0,-34.4],[18.8,-34.4],[18.7,-34.2],[18.6,-34.2],[18.5,-34.3],[18.5,-34.4],[18.3,-34.3],[18.3,-34.2],[18.4,-34.0],[18.5,-33.8],[18.1,-33.2],[17.9,-33.1],[17.9,-33.0],[17.9,-32.9],[18.2,-32.9],[18.3,-32.7],[18.3,-32.3],[18.3,-32.0],[18.2,-31.8],[17.9,-31.3],[17.6,-30.8],[17.4,-30.4],[17.1,-29.8],[16.8,-29.1],[16.5,-28.8],[16.3,-28.6]]]]}},{"type":"Feature","properties":{"NAME":"Natal"},"geometry":{"type":"MultiPolygon","coordinates":[[[[28.7,-30.0],[28.7,-29.7],[28.8,-29.4],[29.0,-29.2],[29.0,-28.9],[29.1,-28.5],[30.0,-28.4],[30.4,-28.5],[31.0,-28.7],[31.3,-29.5],[30.7,-30.4],[30.5,-30.7],[30.4,-30.8],[30.0,-31.3],[29.8,-31.1],[29.2,-30.9],[28.7,-30.0]]]]}},{"type":"Feature","properties":{"NAME":"Basutoland"},"geometry":{"type":"MultiPolygon","coordinates":[[[[28.7,-30.0],[27.9,-30.0],[27.5,-30.4],[27.4,-30.2],[26.9,-30.6],[26.4,-30.4],[27.2,-29.2],[28.6,-28.5],[28.9,-28.5],[29.1,-28.5],[29.0,-28.9],[29.0,-29.2],[28.8,-29.4],[28.7,-29.7],[28.7,-30.0]]]]}},{"type":"Feature","properties":{"NAME":"Zululand"},"geometry":{"type":"MultiPolygon","coordinates":[[[[32.3,-28.1],[32.4,-28.4],[32.3,-28.6],[32.2,-28.7],[32.0,-28.9],[31.6,-29.2],[31.3,-29.5],[31.0,-28.7],[30.4,-28.5],[30.2,-27.5],[30.7,-27.6],[31.2,-27.6],[31.3,-27.6],[32.3,-28.1]]]]}},{"type":"Feature","properties":{"NAME":null},"geometry":{"type":"MultiPolygon","coordinates":[[[[32.3,-28.0],[32.3,-28.1],[31.3,-27.6],[31.7,-27.0],[32.8,-27.1],[32.8,-27.5],[32.6,-27.9],[32.5,-28.0],[32.3,-28.0]]]]}},{"type":"Feature","properties":{"NAME":"Swaziland"},"geometry":{"type":"MultiPolygon","coordinates":[[[[31.3,-27.6],[31.2,-27.6],[30.7,-27.6],[30.8,-27.1],[30.6,-26.8],[30.6,-26.3],[31.3,-25.7],[31.7,-26.2],[31.7,-27.0],[31.3,-27.6]]]]}},{"type":"Feature","properties":{"NAME":"Orange Free State"},"geometry":{"type":"MultiPolygon","coordinates":[[[[28.9,-28.5],[28.6,-28.5],[27.2,-29.2],[26.4,-30.4],[25.7,-30.5],[24.2,-29.5],[24.6,-29.0],[25.1,-27.5],[25.6,-27.2],[27.2,-27.0],[27.1,-26.7],[28.4,-26.5],[29.3,-27.0],[29.4,-27.5],[28.9,-28.5]]]]}},{"type":"Feature","properties":{"NAME":null},"geometry":{"type":"MultiPolygon","coordinates":[[[[30.7,-27.6],[30.2,-27.5],[30.4,-28.5],[30.0,-28.4],[29.1,-28.5],[28.9,-28.5],[29.4,-27.5],[29.3,-27.0],[29.9,-27.0],[30.6,-26.8],[30.8,-27.1],[30.7,-27.6]]]]}},{"type":"Feature","properties":{"NAME":"Transvaal"},"geometry":{"type":"MultiPolygon","coordinates":[[[[25.1,-27.5],[25.0,-26.1],[25.4,-24.7],[26.4,-24.2],[26.5,-23.3],[27.1,-23.2],[27.2,-22.8],[28.5,-22.0],[29.1,-22.0],[29.5,-21.5],[30.2,-21.5],[30.8,-21.8],[31.5,-21.8],[31.9,-22.4],[31.9,-23.7],[31.9,-24.8],[31.3,-25.7],[30.6,-26.3],[30.6,-26.8],[29.9,-27.0],[29.3,-27.0],[28.4,-26.5],[27.1,-26.7],[27.2,-27.0],[25.6,-27.2],[25.1,-27.5]]]]}},{"type":"Feature","properties":{"NAME":"Griqualand West"},"geometry":{"type":"MultiPolygon","coordinates":[[[[24.2,-29.5],[23.5,-29.1],[22.6,-29.7],[22.0,-28.6],[22.6,-28.1],[23.3,-27.3],[23.9,-27.2],[25.1,-27.5],[24.6,-29.0],[24.2,-29.5]]]]}},{"type":"Feature","properties":{"NAME":"Ndebele"},"geometry":{"type":"MultiPolygon","coordinates":[[[[28.0,-18.4],[28.7,-18.5],[29.2,-18.9],[29.2,-19.2],[29.0,-19.5],[28.0,-19.8],[26.8,-20.6],[26.2,-20.5],[25.8,-20.3],[25.6,-19.7],[26.4,-18.6],[27.1,-18.4],[28.0,-18.4]]]]}},{"type":"Feature","properties":{"NAME":"Ngwato"},"geometry":{"type":"MultiPolygon","coordinates":[[[[27.5,-22.2],[26.4,-22.9],[25.9,-23.3],[25.4,-23.2],[25.1,-22.5],[25.4,-22.1],[27.0,-21.5],[27.5,-21.5],[27.8,-21.9],[27.5,-22.2]]]]}},{"type":"Feature","properties":{"NAME":"Lozi"},"geometry":{"type":"MultiPolygon","coordinates":[[[[27.5,-16.9],[27.3,-17.1],[27.0,-17.3],[26.7,-17.5],[26.4,-17.6],[26.0,-17.7],[25.7,-17.8],[25.3,-17.8],[24.9,-17.8],[24.5,-17.7],[24.1,-17.6],[23.8,-17.5],[23.5,-17.3],[23.3,-17.0],[23.2,-16.8],[23.2,-16.5],[23.1,-16.2],[23.1,-15.9],[23.1,-15.5],[23.2,-15.1],[23.4,-14.8],[23.7,-14.5],[23.9,-14.3],[24.2,-14.1],[24.6,-14.0],[25.0,-13.9],[25.4,-13.9],[25.7,-13.9],[26.1,-13.9],[26.6,-14.0],[27.1,-14.2],[27.6,-14.4],[28.0,-14.7],[28.0,-15.0],[28.0,-15.5],[27.9,-16.0],[27.8,-16.4],[27.6,-16.6],[27.5,-16.9]]]]}},{"type":"Feature","properties":{"NAME":"Sultanate of Zanzibar"},"geometry":{"type":"MultiPolygon","coordinates":[[[[39.1,-11.2],[38.3,-9.1],[36.0,-8.5],[36.2,-7.4],[38.0,-6.8],[38.0,-4.9],[38.3,-3.9],[37.7,-3.4],[37.7,-2.3],[40.0,-1.0],[39.9,0.0],[40.9,0.0],[41.7,1.2],[43.3,0.4],[43.1,0.2],[42.9,0.0],[42.4,-0.5],[41.9,-1.2],[41.6,-1.6],[41.7,-1.8],[41.6,-1.9],[41.3,-2.1],[41.1,-2.1],[40.9,-2.1],[40.9,-2.4],[40.7,-2.6],[40.4,-2.6],[40.3,-2.8],[40.2,-3.0],[40.2,-3.2],[40.1,-3.5],[39.6,-4.1],[39.7,-4.3],[39.5,-4.6],[39.4,-4.7],[39.3,-4.8],[39.2,-4.8],[39.1,-5.0],[38.9,-5.6],[38.9,-6.1],[38.9,-6.3],[39.2,-6.8],[39.6,-7.0],[39.6,-7.2],[39.4,-7.3],[39.3,-7.8],[39.3,-7.9],[39.4,-7.9],[39.5,-8.0],[39.4,-8.3],[39.4,-8.7],[39.6,-9.5],[39.7,-9.8],[39.8,-10.0],[40.2,-10.3],[40.4,-10.4],[40.5,-10.5],[40.5,-10.6],[39.1,-11.2]]]]}},{"type":"Feature","properties":{"NAME":"Shona"},"geometry":{"type":"MultiPolygon","coordinates":[[[[33.8,-15.7],[32.9,-15.4],[32.6,-15.8],[33.1,-16.4],[32.4,-16.8],[31.7,-16.8],[30.9,-16.7],[30.2,-16.1],[30.0,-15.4],[30.0,-14.9],[30.7,-13.6],[31.7,-12.8],[32.5,-12.5],[32.9,-12.7],[33.7,-13.5],[34.1,-14.8],[33.8,-15.7]]]]}},{"type":"Feature","properties":{"NAME":"Barotse"},"geometry":{"type":"MultiPolygon","coordinates":[[[[24.4,-13.7],[23.7,-13.8],[23.1,-13.8],[22.6,-13.6],[22.4,-12.9],[22.4,-12.1],[22.9,-11.5],[24.2,-10.9],[25.0,-10.8],[25.3,-11.0],[25.8,-11.4],[26.1,-11.9],[25.9,-12.5],[25.5,-13.0],[24.9,-13.4],[24.4,-13.7]]]]}},{"type":"Feature","properties":{"NAME":"Bunyoro"},"geometry":{"type":"MultiPolygon","coordinates":[[[[32.9,1.5],[32.5,1.4],[31.7,0.7],[30.9,-0.2],[30.9,-0.4],[30.0,-0.2],[30.1,0.4],[29.9,0.5],[29.8,0.8],[30.2,0.9],[30.3,1.1],[30.6,1.3],[31.4,2.3],[32.2,2.6],[32.7,2.7],[33.1,2.6],[33.3,1.9],[32.9,1.5]]]]}},{"type":"Feature","properties":{"NAME":"Buganda"},"geometry":{"type":"MultiPolygon","coordinates":[[[[33.0,0.9],[33.3,-0.1],[32.1,-1.5],[31.5,-1.5],[31.1,-1.5],[30.8,-1.1],[30.8,-1.0],[30.9,-0.4],[30.9,-0.2],[31.7,0.7],[32.5,1.4],[32.9,1.5],[33.0,0.9]]]]}},{"type":"Feature","properties":{"NAME":"Yeke"},"geometry":{"type":"MultiPolygon","coordinates":[[[[26.8,-11.8],[26.7,-11.3],[26.7,-10.8],[27.1,-9.1],[27.4,-8.3],[28.3,-8.1],[29.0,-8.2],[29.7,-8.6],[30.4,-8.8],[31.1,-9.2],[31.3,-9.7],[31.3,-10.9],[30.7,-11.5],[29.2,-11.9],[28.7,-12.6],[28.1,-12.6],[27.2,-12.3],[26.8,-11.8]]]]}},{"type":"Feature","properties":{"NAME":"Mirambo Unyanyembe Ukimbu"},"geometry":{"type":"MultiPolygon","coordinates":[[[[31.1,-8.6],[30.3,-7.1],[29.5,-6.4],[29.4,-4.5],[30.2,-4.3],[30.7,-3.7],[31.1,-4.2],[32.1,-4.7],[33.0,-4.8],[33.0,-5.1],[34.2,-5.4],[33.2,-7.4],[32.3,-8.3],[31.6,-8.6],[31.1,-8.6]]]]}},{"type":"Feature","properties":{"NAME":"Burundi"},"geometry":{"type":"MultiPolygon","coordinates":[[[[30.7,-3.7],[30.2,-4.3],[29.4,-4.5],[29.3,-3.9],[29.8,-3.2],[30.2,-3.0],[30.5,-3.0],[30.7,-3.2],[30.7,-3.7]]]]}},{"type":"Feature","properties":{"NAME":"Nguni"},"geometry":{"type":"MultiPolygon","coordinates":[[[[32.8,-3.0],[33.7,-3.2],[33.8,-3.8],[33.5,-4.1],[32.7,-4.4],[31.3,-4.1],[31.1,-3.5],[31.2,-3.1],[32.8,-3.0]]]]}},{"type":"Feature","properties":{"NAME":"Rwanda"},"geometry":{"type":"MultiPolygon","coordinates":[[[[30.8,-1.1],[31.1,-1.5],[31.2,-1.9],[31.1,-2.4],[30.4,-2.7],[29.7,-2.5],[29.5,-2.2],[29.5,-1.9],[29.8,-1.5],[30.1,-1.2],[30.8,-1.1]]]]}},{"type":"Feature","properties":{"NAME":"Sultanate of Utetera"},"geometry":{"type":"MultiPolygon","coordinates":[[[[25.9,0.3],[26.4,0.3],[27.2,-1.1],[27.3,-2.7],[28.8,-3.0],[29.0,-3.7],[28.1,-4.5],[28.2,-5.1],[28.7,-5.3],[28.8,-6.4],[27.7,-6.4],[27.3,-6.4],[26.3,-6.5],[25.3,-6.2],[24.7,-5.8],[24.6,-5.2],[24.4,-4.7],[24.7,-3.8],[24.5,-3.4],[23.7,-2.2],[23.0,-1.8],[22.8,-1.4],[23.3,-0.7],[25.9,0.3]]]]}},{"type":"Feature","properties":{"NAME":"Lunda"},"geometry":{"type":"MultiPolygon","coordinates":[[[[25.3,-6.2],[26.3,-6.5],[27.3,-6.4],[27.7,-6.4],[27.7,-6.9],[27.1,-8.3],[26.5,-8.5],[25.5,-8.6],[24.7,-8.5],[24.3,-7.5],[24.5,-6.8],[25.3,-6.2]]]]}},{"type":"Feature","properties":{"NAME":"Luba"},"geometry":{"type":"MultiPolygon","coordinates":[[[[24.6,-5.2],[24.7,-5.8],[25.3,-6.2],[24.5,-6.8],[24.1,-6.8],[23.6,-6.4],[23.6,-6.0],[23.8,-5.5],[24.6,-5.2]]]]}},{"type":"Feature","properties":{"NAME":"Kuba"},"geometry":{"type":"MultiPolygon","coordinates":[[[[22.7,-4.8],[22.8,-5.4],[22.3,-6.6],[21.6,-6.9],[21.2,-6.7],[20.7,-5.5],[20.9,-4.1],[21.4,-3.7],[22.3,-3.8],[22.7,-4.8]]]]}},{"type":"Feature","properties":{"NAME":"Angola"},"geometry":{"type":"MultiPolygon","coordinates":[[[[12.3,-14.6],[12.3,-14.3],[12.4,-13.9],[12.6,-13.5],[12.8,-13.2],[12.9,-12.9],[13.1,-12.8],[13.3,-12.6],[13.5,-12.5],[13.6,-12.2],[13.8,-11.7],[13.8,-11.4],[13.8,-11.0],[13.7,-10.5],[13.6,-10.3],[13.4,-10.0],[13.2,-9.6],[13.1,-9.3],[13.1,-9.1],[13.4,-8.9],[13.4,-8.8],[13.5,-8.6],[13.5,-8.4],[13.4,-8.2],[13.2,-7.8],[13.0,-7.6],[13.6,-7.5],[14.1,-7.7],[14.3,-8.2],[14.3,-8.9],[14.4,-9.6],[14.7,-11.8],[14.4,-12.6],[14.4,-12.7],[12.3,-14.6]]]]}},{"type":"Feature","properties":{"NAME":"Ovimbundu"},"geometry":{"type":"MultiPolygon","coordinates":[[[[14.4,-12.7],[14.4,-12.6],[14.7,-11.8],[14.4,-9.6],[14.8,-9.8],[15.1,-9.7],[15.4,-9.9],[15.7,-9.6],[16.1,-9.8],[16.1,-10.5],[16.3,-10.6],[16.2,-10.9],[16.1,-13.1],[15.7,-13.1],[15.2,-12.6],[14.4,-12.7]]]]}},{"type":"Feature","properties":{"NAME":"Mbailundu"},"geometry":{"type":"MultiPolygon","coordinates":[[[[16.1,-9.8],[15.7,-9.6],[15.4,-9.9],[15.1,-9.7],[14.8,-9.8],[14.4,-9.6],[14.3,-8.9],[14.3,-8.2],[14.1,-7.7],[15.0,-7.7],[15.1,-7.7],[15.6,-7.7],[16.0,-7.8],[16.9,-8.1],[17.6,-9.3],[17.5,-9.5],[16.9,-9.9],[16.1,-9.8]]]]}},{"type":"Feature","properties":{"NAME":"Congo"},"geometry":{"type":"MultiPolygon","coordinates":[[[[15.0,-7.7],[14.1,-7.7],[13.6,-7.5],[13.0,-7.6],[13.0,-7.5],[12.9,-7.1],[12.8,-6.9],[12.7,-6.7],[12.4,-6.3],[12.3,-6.2],[12.2,-5.8],[12.3,-5.5],[12.2,-5.4],[12.0,-5.0],[11.9,-4.9],[11.9,-4.7],[12.6,-4.3],[13.3,-4.4],[13.4,-4.6],[14.0,-5.1],[14.6,-6.3],[15.1,-7.4],[15.0,-7.7]]]]}},{"type":"Feature","properties":{"NAME":"Teke"},"geometry":{"type":"MultiPolygon","coordinates":[[[[14.6,-6.3],[14.0,-5.1],[13.4,-4.6],[14.4,-3.2],[15.1,-2.9],[16.0,-3.1],[16.4,-3.5],[16.7,-4.1],[16.4,-4.4],[16.0,-4.8],[15.4,-5.8],[14.6,-6.3]]]]}},{"type":"Feature","properties":{"NAME":null},"geometry":{"type":"MultiPolygon","coordinates":[[[[15.6,-7.7],[15.1,-7.7],[15.0,-7.7],[15.1,-7.4],[14.6,-6.3],[15.4,-5.8],[16.0,-4.8],[15.6,-7.7]]],[[[8.6,3.1],[8.4,3.1],[8.3,3.2],[8.4,3.3],[8.5,3.4],[8.5,3.6],[8.6,3.6],[8.6,3.7],[8.7,3.6],[8.8,3.6],[8.9,3.5],[8.8,3.4],[8.7,3.3],[8.6,3.2],[8.6,3.1]]]]}},{"type":"Feature","properties":{"NAME":"Yaka"},"geometry":{"type":"MultiPolygon","coordinates":[[[[16.9,-8.1],[16.0,-7.8],[15.6,-7.7],[16.0,-4.8],[16.4,-4.4],[17.7,-5.1],[18.1,-5.8],[17.4,-7.1],[17.6,-7.7],[17.1,-8.1],[16.9,-8.1]]]]}},{"type":"Feature","properties":{"NAME":"Oman"},"geometry":{"type":"MultiPolygon","coordinates":[[[[55.0,17.0],[54.8,17.8],[54.9,18.2],[56.1,18.9],[56.4,19.6],[57.4,21.0],[58.4,22.0],[58.2,22.6],[57.7,22.7],[56.1,24.1],[56.1,24.5],[56.0,24.8],[56.0,25.1],[56.1,25.3],[56.3,25.5],[56.4,25.5],[56.4,25.3],[56.4,25.1],[56.4,24.9],[56.4,24.8],[56.6,24.5],[56.8,24.3],[57.1,24.0],[57.5,23.8],[57.9,23.6],[58.1,23.5],[58.2,23.5],[58.5,23.5],[58.6,23.5],[59.0,23.0],[59.3,22.7],[59.5,22.5],[59.8,22.4],[59.8,22.3],[59.5,21.8],[59.3,21.5],[58.9,21.1],[58.5,20.4],[58.4,20.4],[58.2,20.4],[58.0,20.4],[57.9,20.4],[57.8,20.2],[57.8,19.7],[57.8,19.3],[57.8,19.0],[57.7,19.0],[57.2,18.9],[56.9,18.8],[56.7,18.7],[56.6,18.5],[56.5,18.2],[56.5,18.1],[56.3,18.0],[56.0,17.9],[55.9,17.9],[55.7,18.0],[55.6,17.9],[55.4,17.8],[55.3,17.7],[55.2,17.4],[55.2,17.3],[55.2,17.1],[55.0,17.0]]]]}},{"type":"Feature","properties":{"NAME":"Arabia"},"geometry":{"type":"MultiPolygon","coordinates":[[[[56.1,24.1],[57.7,22.7],[58.2,22.6],[58.4,22.0],[57.4,21.0],[56.4,19.6],[56.1,18.9],[54.9,18.2],[54.8,17.8],[55.0,17.0],[54.9,17.0],[54.8,17.0],[54.4,17.0],[54.1,17.0],[53.7,16.9],[53.3,16.8],[53.2,16.7],[53.0,16.7],[52.9,16.6],[52.7,16.5],[52.4,16.2],[52.2,16.1],[52.2,15.9],[52.1,15.7],[52.0,15.5],[51.3,15.2],[50.3,15.0],[49.7,14.8],[49.3,14.6],[49.2,14.5],[49.0,14.2],[48.8,14.1],[48.5,14.0],[48.3,14.1],[48.0,14.0],[47.7,13.8],[47.4,13.7],[46.9,13.5],[46.6,13.4],[46.1,13.4],[45.8,13.4],[45.7,13.3],[45.5,13.2],[45.4,13.1],[45.3,13.8],[45.7,16.2],[45.6,17.2],[41.9,20.8],[41.8,21.7],[41.1,22.3],[40.9,25.0],[39.8,25.4],[37.6,27.4],[37.4,28.0],[36.6,29.8],[36.5,31.2],[37.2,33.6],[38.0,34.6],[39.3,34.6],[40.0,34.4],[44.1,30.3],[44.8,30.0],[45.9,29.9],[46.9,29.4],[46.7,29.2],[46.5,29.0],[47.3,28.9],[47.4,28.8],[47.6,28.6],[47.7,28.4],[48.5,26.7],[49.4,26.1],[49.7,24.4],[50.6,23.9],[50.8,24.2],[51.2,23.9],[51.5,23.4],[52.7,23.4],[53.3,23.4],[55.0,23.4],[55.6,23.9],[56.1,24.1]]]]}},{"type":"Feature","properties":{"NAME":"Trucial Oman"},"geometry":{"type":"MultiPolygon","coordinates":[[[[56.3,25.5],[56.1,25.3],[56.0,25.1],[56.0,24.8],[56.1,24.5],[56.1,24.1],[55.6,23.9],[55.0,23.4],[53.3,23.4],[52.7,23.4],[51.5,23.4],[51.2,23.9],[50.8,24.2],[51.0,24.4],[51.3,24.3],[51.5,24.2],[51.6,24.2],[51.6,24.0],[51.8,24.0],[51.9,23.9],[52.3,24.0],[52.3,24.1],[52.4,24.1],[52.5,24.1],[52.7,24.1],[52.9,24.0],[53.0,24.0],[53.1,24.1],[53.7,24.0],[54.0,24.1],[54.0,24.2],[54.1,24.1],[54.3,24.1],[54.3,24.2],[54.5,24.3],[54.6,24.4],[54.7,24.6],[54.8,24.7],[55.1,25.0],[55.5,25.4],[55.6,25.5],[56.0,25.8],[56.2,26.0],[56.3,26.2],[56.4,26.2],[56.4,25.9],[56.2,25.5],[56.3,25.5]]]]}},{"type":"Feature","properties":{"NAME":"Qatar"},"geometry":{"type":"MultiPolygon","coordinates":[[[[51.0,24.4],[51.0,24.7],[50.9,24.9],[50.8,25.3],[50.9,25.5],[51.0,25.6],[51.0,25.7],[51.1,25.9],[51.2,26.1],[51.4,26.0],[51.4,25.9],[51.5,25.8],[51.6,25.6],[51.5,25.4],[51.6,25.1],[51.6,25.0],[51.6,24.8],[51.4,24.6],[51.3,24.4],[51.3,24.3],[51.0,24.4]]]]}},{"type":"Feature","properties":{"NAME":"Egypt"},"geometry":{"type":"MultiPolygon","coordinates":[[[[32.6,29.9],[32.4,29.8],[32.3,29.5],[32.6,28.9],[32.6,28.8],[32.9,28.4],[33.4,27.9],[33.6,27.4],[33.8,26.9],[33.9,26.6],[34.1,26.4],[34.5,25.6],[35.0,24.7],[35.2,24.4],[35.5,24.2],[35.7,24.0],[35.7,23.9],[35.6,23.8],[35.5,23.8],[35.5,23.7],[35.6,23.2],[35.7,23.0],[35.7,22.9],[36.1,22.6],[36.3,22.6],[36.5,22.3],[36.7,22.2],[36.8,21.9],[36.9,21.7],[37.1,21.2],[37.3,19.7],[37.4,18.9],[37.5,18.8],[37.8,18.6],[38.0,18.5],[38.3,18.2],[38.5,18.2],[38.6,18.1],[38.7,18.0],[39.0,17.2],[38.6,17.0],[37.7,16.9],[36.8,17.1],[35.8,16.7],[35.0,15.8],[34.2,14.1],[33.8,11.9],[32.7,9.4],[32.4,7.1],[32.4,5.6],[32.2,4.8],[31.5,4.8],[30.9,5.2],[30.4,6.4],[29.6,7.3],[29.3,9.3],[29.3,10.4],[29.6,11.8],[29.5,13.0],[28.9,13.6],[28.3,13.8],[27.8,14.3],[27.7,15.2],[28.2,16.1],[29.0,16.4],[29.0,17.3],[28.7,18.2],[28.7,19.1],[29.1,20.3],[29.3,21.5],[28.6,21.3],[28.5,22.1],[25.6,22.8],[24.8,24.7],[25.9,25.7],[25.6,26.6],[24.8,27.0],[24.7,28.3],[25.3,28.8],[25.3,29.9],[24.3,30.5],[24.3,31.9],[24.8,31.9],[25.0,31.8],[25.0,31.6],[25.1,31.5],[25.3,31.4],[25.5,31.4],[25.8,31.5],[26.1,31.5],[26.8,31.4],[27.1,31.3],[27.4,31.3],[27.8,31.2],[27.9,31.0],[28.1,31.0],[28.5,31.0],[29.0,30.8],[29.2,30.8],[29.4,30.8],[29.7,31.1],[30.1,31.2],[30.5,31.3],[30.8,31.4],[31.0,31.5],[31.2,31.4],[31.4,31.4],[31.7,31.4],[31.8,31.2],[32.1,31.0],[32.3,31.1],[32.6,31.0],[32.6,29.9]]]]}},{"type":"Feature","properties":{"NAME":"Tunisia"},"geometry":{"type":"MultiPolygon","coordinates":[[[[8.3,32.6],[8.3,32.9],[8.1,33.1],[7.7,33.2],[7.7,33.5],[7.6,33.8],[7.6,34.0],[8.0,34.4],[8.2,34.6],[8.3,34.8],[8.3,35.0],[8.3,35.3],[8.3,35.7],[8.3,36.3],[8.3,36.5],[8.6,36.8],[8.6,36.9],[8.9,37.0],[9.2,37.2],[9.4,37.3],[9.7,37.3],[10.0,37.2],[10.1,37.1],[10.2,37.0],[10.3,36.8],[10.4,36.7],[10.6,36.8],[10.8,37.0],[11.0,37.1],[11.0,36.9],[10.9,36.7],[10.6,36.4],[10.5,36.2],[10.5,36.1],[10.6,35.9],[10.8,35.7],[11.0,35.6],[11.1,35.2],[11.1,35.1],[10.8,34.8],[10.6,34.6],[10.1,34.2],[10.0,34.1],[10.1,33.9],[10.4,33.6],[10.7,33.5],[10.8,33.5],[11.0,33.6],[11.1,33.5],[11.2,33.3],[11.5,33.1],[11.5,32.3],[10.5,31.8],[10.5,30.8],[10.1,30.4],[9.3,30.1],[8.9,32.1],[8.3,32.6]]]]}},{"type":"Feature","properties":{"NAME":"Algeria"},"geometry":{"type":"MultiPolygon","coordinates":[[[[8.3,32.6],[6.7,33.0],[4.8,33.3],[1.4,30.9],[-1.2,32.0],[-1.1,32.5],[-1.3,32.7],[-1.6,33.0],[-1.7,33.3],[-1.7,33.8],[-1.7,34.2],[-1.7,34.6],[-1.8,34.7],[-2.1,34.8],[-2.2,35.1],[-2.0,35.1],[-1.7,35.1],[-1.5,35.2],[-1.3,35.5],[-1.1,35.6],[-0.9,35.7],[-0.7,35.7],[-0.4,35.9],[-0.3,35.8],[-0.2,35.8],[-0.1,35.7],[0.0,35.8],[0.2,36.0],[0.5,36.2],[0.8,36.4],[1.1,36.5],[1.6,36.5],[2.3,36.5],[2.5,36.6],[2.8,36.7],[3.1,36.6],[3.3,36.7],[3.6,36.8],[3.7,36.8],[4.2,36.8],[4.4,36.8],[4.5,36.8],[4.6,36.8],[4.8,36.7],[5.1,36.7],[5.4,36.7],[5.7,36.8],[6.0,36.8],[6.3,37.1],[6.8,36.9],[6.9,36.8],[7.1,36.9],[7.2,37.0],[7.3,37.1],[7.5,37.0],[7.7,37.0],[7.8,36.8],[7.9,36.8],[8.1,36.8],[8.6,36.9],[8.6,36.8],[8.3,36.5],[8.3,36.3],[8.3,35.7],[8.3,35.3],[8.3,35.0],[8.3,34.8],[8.2,34.6],[8.0,34.4],[7.6,34.0],[7.6,33.8],[7.7,33.5],[7.7,33.2],[8.1,33.1],[8.3,32.9],[8.3,32.6]]]]}},{"type":"Feature","properties":{"NAME":"Kanem-Bornu"},"geometry":{"type":"MultiPolygon","coordinates":[[[[15.8,12.0],[12.5,12.2],[11.6,14.1],[11.9,15.0],[12.2,15.5],[13.9,15.9],[15.2,17.3],[15.6,18.6],[17.2,18.2],[17.3,16.7],[17.7,16.0],[17.6,15.5],[17.7,14.6],[17.0,13.2],[16.5,12.0],[15.8,12.0]]]]}},{"type":"Feature","properties":{"NAME":"Ibadan"},"geometry":{"type":"MultiPolygon","coordinates":[[[[4.9,8.2],[6.0,8.2],[6.2,7.4],[5.5,6.9],[3.2,7.3],[2.9,7.8],[3.5,8.3],[4.9,8.2]]]]}},{"type":"Feature","properties":{"NAME":"Benin"},"geometry":{"type":"MultiPolygon","coordinates":[[[[5.4,5.0],[5.3,5.2],[5.4,5.4],[5.4,5.5],[5.4,5.6],[5.2,5.6],[5.1,5.8],[4.9,6.0],[4.6,6.2],[5.2,6.3],[6.1,5.8],[6.1,5.2],[5.4,5.0]]]]}},{"type":"Feature","properties":{"NAME":"Lagos"},"geometry":{"type":"MultiPolygon","coordinates":[[[[3.4,6.4],[3.1,6.4],[2.8,6.4],[2.9,6.8],[3.3,7.1],[4.0,6.7],[4.1,6.4],[3.9,6.6],[3.7,6.5],[3.6,6.4],[3.5,6.4],[3.4,6.4]]]]}},{"type":"Feature","properties":{"NAME":"Cotonou"},"geometry":{"type":"MultiPolygon","coordinates":[[[[2.7,6.3],[2.6,6.3],[2.2,6.3],[2.2,6.8],[2.7,6.9],[2.7,6.3]]]]}},{"type":"Feature","properties":{"NAME":"Accra"},"geometry":{"type":"MultiPolygon","coordinates":[[[[-0.1,5.6],[-0.2,5.5],[-0.6,5.3],[-1.2,5.1],[-1.6,5.0],[-2.0,4.7],[-2.3,4.8],[-2.5,4.9],[-2.7,5.0],[-2.6,5.5],[-1.9,5.9],[-1.0,6.1],[-0.8,6.2],[-0.5,5.9],[-0.1,5.6]]]]}},{"type":"Feature","properties":{"NAME":"Ivory Coast"},"geometry":{"type":"MultiPolygon","coordinates":[[[[-3.7,5.2],[-3.9,5.3],[-4.7,5.2],[-5.0,5.2],[-5.2,5.2],[-4.7,6.1],[-4.3,6.2],[-3.8,6.1],[-3.3,5.8],[-3.1,5.2],[-3.1,5.1],[-3.4,5.2],[-3.7,5.2]]]]}},{"type":"Feature","properties":{"NAME":"Asante"},"geometry":{"type":"MultiPolygon","coordinates":[[[[0.8,5.7],[0.5,5.7],[0.1,5.7],[-0.1,5.6],[-0.5,5.9],[-0.8,6.2],[-1.0,6.1],[-1.9,5.9],[-2.6,5.5],[-2.7,5.0],[-2.7,5.1],[-2.8,5.2],[-2.3,7.3],[-1.7,7.3],[-1.0,7.5],[0.2,6.9],[0.4,6.4],[0.8,5.7]]]]}},{"type":"Feature","properties":{"NAME":"Sierra Leone"},"geometry":{"type":"MultiPolygon","coordinates":[[[[-12.3,7.6],[-12.5,7.7],[-12.9,8.0],[-13.0,8.1],[-13.2,8.3],[-13.0,8.5],[-12.9,8.6],[-13.1,8.7],[-13.2,8.8],[-13.2,8.9],[-13.1,9.0],[-13.2,9.1],[-12.6,9.4],[-12.2,9.8],[-11.4,9.5],[-11.6,8.9],[-11.6,8.5],[-11.6,8.3],[-12.1,8.1],[-12.3,7.6]]]]}},{"type":"Feature","properties":{"NAME":"Liberia"},"geometry":{"type":"MultiPolygon","coordinates":[[[[-11.5,6.8],[-11.7,7.1],[-12.0,7.3],[-12.3,7.4],[-12.3,7.5],[-12.3,7.6],[-12.1,8.1],[-11.6,8.3],[-11.6,8.5],[-10.9,8.3],[-10.9,7.6],[-10.1,7.6],[-9.9,7.4],[-9.9,6.9],[-9.5,6.4],[-9.8,5.7],[-9.9,5.9],[-10.4,6.2],[-10.8,6.4],[-11.2,6.6],[-11.5,6.8]]]]}},{"type":"Feature","properties":{"NAME":"Gambia"},"geometry":{"type":"MultiPolygon","coordinates":[[[[-16.8,13.4],[-16.7,13.4],[-16.5,13.5],[-16.5,13.6],[-16.5,13.7],[-15.9,13.8],[-15.0,13.7],[-15.0,13.3],[-15.5,13.3],[-16.3,13.3],[-16.8,13.4]]]]}},{"type":"Feature","properties":{"NAME":"Portuguese Guinea"},"geometry":{"type":"MultiPolygon","coordinates":[[[[-16.8,13.1],[-16.8,13.4],[-16.3,13.3],[-15.5,13.3],[-15.6,13.1],[-15.7,12.6],[-16.0,12.3],[-16.4,12.2],[-16.6,12.3],[-16.7,12.4],[-16.8,12.6],[-16.7,12.8],[-16.8,13.0],[-16.8,13.1]]]]}},{"type":"Feature","properties":{"NAME":"Tukular Caliphate"},"geometry":{"type":"MultiPolygon","coordinates":[[[[-11.4,13.2],[-11.3,14.2],[-11.0,14.7],[-11.0,15.4],[-9.4,16.1],[-7.1,15.9],[-5.1,16.6],[-3.6,16.5],[-3.0,15.1],[-3.6,13.7],[-4.0,13.5],[-4.5,13.2],[-4.7,12.9],[-6.4,11.7],[-7.5,11.9],[-8.2,11.7],[-9.9,12.3],[-10.9,11.9],[-11.4,13.2]]]]}},{"type":"Feature","properties":{"NAME":"Senegal"},"geometry":{"type":"MultiPolygon","coordinates":[[[[-16.2,17.1],[-16.1,17.3],[-15.4,17.1],[-14.3,16.5],[-12.7,16.0],[-12.4,15.8],[-12.3,15.5],[-12.1,14.9],[-12.1,14.1],[-12.3,13.9],[-12.8,13.8],[-13.1,14.0],[-13.8,14.5],[-14.2,14.7],[-15.3,15.5],[-15.7,15.6],[-15.9,15.4],[-16.0,14.2],[-15.9,13.8],[-16.5,13.7],[-16.6,13.8],[-16.7,13.9],[-16.7,14.1],[-16.9,14.4],[-17.1,14.6],[-17.2,14.7],[-17.4,14.8],[-17.2,15.0],[-16.9,15.3],[-16.6,15.7],[-16.5,16.1],[-16.4,16.5],[-16.4,16.7],[-16.2,17.1]]]]}},{"type":"Feature","properties":{"NAME":"Futa Toro"},"geometry":{"type":"MultiPolygon","coordinates":[[[[-16.0,14.2],[-15.9,15.4],[-15.7,15.6],[-15.3,15.5],[-14.2,14.7],[-13.8,14.5],[-13.1,14.0],[-12.8,13.8],[-12.8,13.6],[-13.1,13.0],[-13.6,13.0],[-14.1,13.3],[-14.8,13.7],[-14.9,14.1],[-15.1,14.2],[-16.0,14.2]]]]}},{"type":"Feature","properties":{"NAME":"Kong"},"geometry":{"type":"MultiPolygon","coordinates":[[[[-4.0,13.5],[-3.6,13.7],[-3.1,13.2],[-3.2,12.6],[-3.9,12.5],[-4.0,12.9],[-4.0,13.5]]]]}},{"type":"Feature","properties":{"NAME":"Mossi States"},"geometry":{"type":"MultiPolygon","coordinates":[[[[-2.9,13.9],[-2.0,14.3],[-1.0,14.5],[-0.6,14.1],[0.1,14.0],[0.8,13.4],[1.4,13.0],[-0.0,11.3],[1.0,10.6],[1.2,8.7],[-0.1,8.4],[-1.3,8.8],[-1.9,8.8],[-1.7,10.7],[-2.3,11.6],[-3.1,11.9],[-3.2,12.3],[-2.4,13.2],[-2.9,13.9]]]]}},{"type":"Feature","properties":{"NAME":"Futa Jalon"},"geometry":{"type":"MultiPolygon","coordinates":[[[[-14.4,12.7],[-13.9,12.7],[-13.1,12.4],[-12.3,11.6],[-12.0,11.0],[-12.3,10.6],[-12.7,10.5],[-13.1,10.7],[-14.5,11.6],[-14.6,12.1],[-14.4,12.7]]]]}},{"type":"Feature","properties":{"NAME":"Second Samori Empire"},"geometry":{"type":"MultiPolygon","coordinates":[[[[-7.5,8.8],[-6.9,10.0],[-6.5,10.2],[-6.0,10.0],[-6.1,9.7],[-5.8,9.5],[-5.7,9.1],[-5.8,8.8],[-5.5,8.6],[-5.1,8.8],[-4.8,8.8],[-4.5,9.1],[-4.1,9.2],[-3.9,8.9],[-4.0,8.7],[-4.3,8.2],[-3.9,7.5],[-4.2,7.3],[-4.7,7.2],[-5.1,8.0],[-5.5,8.2],[-5.8,7.7],[-6.5,7.6],[-7.4,7.8],[-7.7,8.1],[-7.5,8.8]]]]}},{"type":"Feature","properties":{"NAME":"Ato trading confederacy"},"geometry":{"type":"MultiPolygon","coordinates":[[[[7.1,6.7],[7.6,6.5],[7.7,5.8],[7.3,5.6],[7.0,5.8],[6.5,5.3],[6.5,5.5],[6.5,6.5],[7.1,6.7]]]]}},{"type":"Feature","properties":{"NAME":"Spanish Guinea"},"geometry":{"type":"MultiPolygon","coordinates":[[[[9.4,1.2],[9.5,1.4],[9.7,1.6],[9.9,1.9],[9.9,2.1],[10.2,2.0],[10.5,2.1],[11.0,2.0],[11.1,1.7],[10.8,1.3],[10.5,1.1],[10.0,1.3],[9.4,1.2]]]]}},{"type":"Feature","properties":{"NAME":"Gabon"},"geometry":{"type":"MultiPolygon","coordinates":[[[[9.2,-1.4],[9.1,-1.4],[9.0,-1.1],[8.8,-0.9],[9.0,-0.8],[9.2,-0.6],[9.3,-0.5],[9.4,-0.0],[9.5,0.1],[9.7,0.1],[9.9,0.1],[9.9,0.2],[9.6,0.3],[9.4,0.5],[9.4,0.6],[9.6,0.6],[9.6,0.9],[10.0,0.9],[10.2,0.8],[10.3,0.2],[10.5,-0.0],[10.7,-0.1],[10.7,-0.6],[10.0,-1.1],[9.2,-1.4]]]]}},{"type":"Feature","properties":{"NAME":"Egypt"},"geometry":{"type":"MultiPolygon","coordinates":[[[[39.5,15.5],[39.8,15.1],[39.5,14.6],[39.1,14.7],[39.1,15.1],[39.2,15.5],[39.5,15.5]]]]}},{"type":"Feature","properties":{"NAME":"Ethiopia"},"geometry":{"type":"MultiPolygon","coordinates":[[[[39.5,14.6],[39.8,15.1],[40.2,13.5],[41.2,13.1],[41.2,12.5],[38.7,11.9],[38.5,10.2],[37.8,8.5],[36.6,7.3],[36.2,7.2],[36.0,7.5],[35.7,9.9],[35.4,10.1],[35.2,10.6],[35.1,11.5],[34.7,11.9],[34.7,12.5],[35.1,12.8],[36.9,13.4],[37.1,13.7],[37.7,14.5],[38.0,14.6],[39.2,14.5],[39.5,14.6]]]]}},{"type":"Feature","properties":{"NAME":"Harer (Egypt)"},"geometry":{"type":"MultiPolygon","coordinates":[[[[47.4,11.2],[47.6,11.1],[47.8,11.1],[48.0,11.1],[48.4,11.3],[48.5,11.3],[48.7,11.3],[49.0,11.2],[49.3,11.2],[49.6,11.3],[49.8,10.7],[49.6,9.9],[48.9,9.6],[47.4,9.7],[46.5,9.5],[45.4,9.8],[44.1,9.5],[43.0,8.8],[42.4,8.7],[42.0,8.9],[42.2,9.8],[42.5,9.9],[43.2,11.1],[43.4,11.5],[43.8,10.9],[44.1,10.7],[44.2,10.5],[44.3,10.4],[44.4,10.4],[44.6,10.4],[44.8,10.4],[45.0,10.4],[45.3,10.6],[45.6,10.8],[45.9,10.8],[46.1,10.8],[46.4,10.7],[46.7,10.7],[46.9,10.8],[47.3,11.1],[47.4,11.2]]]]}},{"type":"Feature","properties":{"NAME":"Paraguay"},"geometry":{"type":"MultiPolygon","coordinates":[[[[-54.6,-25.7],[-54.6,-25.9],[-54.8,-26.6],[-55.0,-26.8],[-55.4,-27.1],[-55.6,-27.2],[-55.7,-27.5],[-56.0,-27.3],[-56.2,-27.2],[-56.3,-27.3],[-56.4,-27.3],[-56.8,-27.4],[-57.1,-27.4],[-57.4,-27.4],[-57.8,-27.2],[-58.1,-27.2],[-58.6,-27.3],[-58.7,-27.3],[-58.7,-27.2],[-58.5,-27.0],[-58.3,-26.9],[-58.2,-26.8],[-58.3,-26.5],[-58.3,-26.4],[-58.0,-26.0],[-57.7,-25.5],[-57.7,-25.3],[-58.1,-25.1],[-58.4,-25.0],[-59.1,-24.7],[-59.8,-24.2],[-60.1,-24.1],[-60.6,-24.0],[-60.9,-23.9],[-61.2,-23.6],[-61.5,-23.4],[-62.1,-22.7],[-62.4,-22.3],[-62.5,-22.2],[-62.6,-22.2],[-57.8,-22.2],[-57.6,-22.2],[-57.3,-22.2],[-56.9,-22.3],[-56.7,-22.3],[-56.4,-22.1],[-56.3,-22.1],[-56.0,-22.3],[-55.6,-22.4],[-55.6,-22.6],[-55.3,-23.8],[-55.2,-24.0],[-55.1,-24.1],[-54.6,-23.9],[-54.4,-23.9],[-54.2,-24.1],[-54.4,-24.5],[-54.5,-24.8],[-54.6,-25.2],[-54.6,-25.6],[-54.6,-25.7]]]]}},{"type":"Feature","properties":{"NAME":"Bolivia"},"geometry":{"type":"MultiPolygon","coordinates":[[[[-66.5,-9.9],[-66.3,-9.8],[-65.9,-9.8],[-65.3,-9.8],[-65.3,-10.2],[-65.3,-10.4],[-65.4,-10.7],[-65.3,-11.1],[-65.3,-11.4],[-65.1,-11.6],[-64.8,-12.0],[-64.3,-12.5],[-64.1,-12.5],[-63.8,-12.5],[-63.6,-12.5],[-63.3,-12.6],[-63.0,-12.8],[-62.7,-13.0],[-62.5,-13.1],[-62.1,-13.1],[-61.9,-13.4],[-61.7,-13.6],[-61.6,-13.6],[-61.1,-13.6],[-60.8,-13.6],[-60.6,-13.7],[-60.4,-13.8],[-60.4,-13.9],[-60.4,-14.2],[-60.3,-14.6],[-60.3,-14.9],[-60.2,-15.9],[-60.1,-16.3],[-60.0,-16.3],[-59.6,-16.3],[-59.4,-16.4],[-58.6,-16.4],[-58.3,-16.4],[-58.3,-16.5],[-58.4,-16.9],[-58.4,-17.1],[-58.2,-17.3],[-57.9,-17.5],[-57.7,-17.7],[-57.6,-18.0],[-57.6,-18.3],[-57.7,-18.8],[-57.8,-19.2],[-57.9,-19.5],[-58.1,-19.8],[-58.0,-20.0],[-58.0,-20.3],[-57.8,-20.7],[-57.7,-21.1],[-57.8,-21.5],[-57.8,-21.8],[-57.8,-22.2],[-62.6,-22.2],[-62.9,-22.1],[-63.5,-22.1],[-63.8,-22.1],[-64.2,-22.9],[-64.4,-22.4],[-64.6,-22.3],[-64.8,-22.2],[-65.0,-22.1],[-65.2,-22.2],[-65.6,-22.2],[-65.9,-22.1],[-66.0,-22.0],[-66.1,-21.9],[-66.3,-22.0],[-67.2,-23.0],[-67.1,-23.0],[-67.0,-23.1],[-67.0,-23.4],[-67.3,-24.1],[-67.4,-24.2],[-68.0,-24.4],[-68.4,-24.6],[-68.5,-24.7],[-68.4,-25.1],[-68.6,-25.4],[-68.6,-25.7],[-68.5,-25.9],[-69.2,-26.1],[-69.5,-26.9],[-70.3,-26.8],[-70.8,-27.3],[-70.7,-26.9],[-70.7,-26.5],[-70.7,-26.3],[-70.7,-25.8],[-70.5,-25.5],[-70.4,-25.2],[-70.5,-24.8],[-70.5,-24.5],[-70.5,-24.3],[-70.5,-23.9],[-70.4,-23.7],[-70.4,-23.5],[-70.6,-23.5],[-70.6,-23.3],[-70.6,-23.2],[-70.5,-23.1],[-70.3,-23.0],[-70.2,-22.8],[-70.2,-22.4],[-70.2,-22.2],[-69.1,-22.4],[-67.9,-22.1],[-68.0,-21.9],[-68.1,-21.5],[-68.2,-21.2],[-68.5,-20.7],[-68.6,-20.4],[-68.6,-20.3],[-68.4,-19.6],[-68.4,-19.5],[-68.8,-19.1],[-68.9,-18.9],[-69.0,-18.3],[-69.1,-18.1],[-69.4,-17.7],[-69.4,-17.6],[-69.4,-17.5],[-69.5,-17.4],[-69.5,-17.2],[-69.5,-17.1],[-69.1,-16.8],[-69.0,-16.6],[-69.0,-16.4],[-69.3,-15.9],[-69.3,-15.6],[-69.2,-15.5],[-69.1,-15.3],[-69.3,-14.9],[-69.2,-14.7],[-69.0,-14.5],[-68.9,-14.3],[-68.8,-14.2],[-68.9,-13.8],[-69.0,-13.5],[-68.9,-13.2],[-69.4,-13.5],[-69.6,-13.4],[-69.8,-13.2],[-69.8,-12.8],[-70.2,-12.2],[-73.1,-9.4],[-73.0,-9.3],[-72.9,-9.0],[-66.5,-9.9]]]]}},{"type":"Feature","properties":{"NAME":"Persia"},"geometry":{"type":"MultiPolygon","coordinates":[[[[60.9,25.1],[60.8,25.2],[60.5,25.3],[60.3,25.3],[59.7,25.3],[59.3,25.3],[59.0,25.3],[58.8,25.5],[58.7,25.5],[58.4,25.5],[58.1,25.5],[57.9,25.5],[57.8,25.6],[57.5,25.7],[57.3,25.8],[57.2,26.0],[57.1,26.1],[57.1,26.3],[56.9,26.5],[56.9,26.8],[56.8,27.0],[56.7,27.0],[56.4,27.1],[56.1,27.1],[55.9,27.1],[55.8,27.0],[55.7,27.0],[55.4,27.0],[55.3,26.8],[55.1,26.7],[54.9,26.5],[54.8,26.4],[54.6,26.4],[54.1,26.7],[53.6,26.7],[53.4,26.9],[52.9,27.1],[52.8,27.2],[52.6,27.3],[52.4,27.6],[52.0,27.8],[51.7,27.8],[51.6,27.8],[51.4,28.0],[51.1,28.5],[50.8,29.0],[50.7,29.1],[50.7,29.4],[50.4,29.7],[50.1,30.1],[49.7,30.0],[49.5,30.0],[49.5,30.1],[49.3,30.1],[49.2,30.2],[49.2,30.5],[49.0,30.4],[48.9,30.4],[48.8,30.1],[48.7,30.0],[48.6,30.0],[48.5,30.0],[48.4,30.1],[48.1,30.4],[48.1,30.5],[48.1,30.7],[48.0,30.9],[47.9,30.9],[47.7,30.9],[47.7,31.0],[47.7,31.3],[47.8,31.6],[47.8,31.8],[47.7,31.9],[47.6,32.0],[47.3,32.3],[47.1,32.4],[46.5,32.8],[46.3,32.8],[46.1,32.8],[46.1,33.2],[45.6,33.6],[45.5,33.8],[45.5,33.9],[45.6,34.3],[45.7,34.6],[46.2,35.1],[46.0,35.4],[46.0,35.5],[46.2,35.8],[45.7,35.8],[45.4,35.9],[45.4,36.0],[45.1,36.5],[44.8,37.1],[44.8,37.3],[44.7,37.3],[44.5,37.5],[44.4,37.6],[44.5,37.8],[44.3,37.8],[44.2,37.9],[44.4,38.2],[44.5,38.3],[44.4,38.4],[44.3,38.5],[44.3,38.4],[44.2,38.5],[44.1,38.7],[44.2,38.9],[44.1,39.2],[44.1,39.3],[44.3,39.4],[44.3,39.6],[44.5,39.7],[44.6,39.7],[44.7,39.8],[44.4,40.0],[43.8,40.0],[43.7,40.1],[43.7,40.3],[43.9,40.7],[43.8,40.7],[43.5,41.1],[42.9,41.5],[44.0,42.6],[44.1,42.6],[44.2,42.6],[44.3,42.6],[44.4,42.7],[44.5,42.8],[44.7,42.8],[44.8,42.7],[44.9,42.7],[45.0,42.8],[45.1,42.7],[45.2,42.7],[45.3,42.7],[45.4,42.6],[45.5,42.5],[45.6,42.5],[45.8,42.5],[45.9,42.5],[45.8,42.4],[45.8,42.3],[45.9,42.1],[46.0,42.0],[46.2,42.0],[46.3,42.0],[46.4,42.0],[46.5,42.0],[46.6,41.9],[46.7,41.9],[46.7,41.8],[46.8,41.8],[46.9,41.8],[47.1,41.6],[47.2,41.6],[47.4,41.4],[47.4,41.3],[47.6,41.3],[47.8,41.2],[48.0,41.2],[48.1,41.3],[48.2,41.5],[47.2,42.8],[47.2,43.4],[47.5,43.6],[47.5,43.5],[47.6,43.6],[47.6,43.8],[47.7,43.9],[47.7,43.7],[47.6,43.5],[47.6,43.3],[47.7,43.3],[47.6,43.2],[47.6,43.0],[47.7,42.9],[47.8,42.9],[47.8,42.6],[48.0,42.6],[48.1,42.4],[48.2,42.3],[48.4,42.1],[48.5,41.9],[48.7,41.9],[48.7,41.8],[48.9,41.7],[49.0,41.5],[49.1,41.4],[49.2,41.3],[49.3,41.1],[49.3,41.0],[49.5,40.8],[49.6,40.8],[49.6,40.7],[49.8,40.6],[50.0,40.6],[50.2,40.6],[50.3,40.5],[50.4,40.4],[50.5,40.3],[50.3,40.3],[50.1,40.3],[50.0,40.3],[49.9,40.3],[49.8,40.3],[49.7,40.2],[49.6,40.2],[49.6,40.1],[49.5,39.9],[49.5,39.8],[49.4,39.7],[49.4,39.5],[49.5,39.4],[49.5,39.3],[49.4,39.3],[49.3,39.3],[49.3,39.1],[49.3,39.0],[49.2,39.0],[49.2,39.1],[49.1,39.2],[49.0,39.1],[49.0,39.0],[49.1,38.9],[49.0,38.9],[48.9,38.8],[49.0,38.7],[48.8,38.3],[48.8,38.0],[48.7,37.7],[48.8,37.5],[49.1,37.4],[49.5,37.3],[49.8,37.3],[50.0,37.2],[50.1,37.1],[50.3,36.9],[50.6,36.7],[51.4,36.5],[51.8,36.4],[52.0,36.5],[52.6,36.6],[53.1,36.6],[53.8,36.7],[54.0,36.8],[54.1,36.9],[54.0,37.3],[54.2,37.3],[54.5,37.4],[54.7,37.5],[55.0,37.8],[55.2,38.0],[55.4,38.0],[55.6,38.1],[56.0,38.0],[56.1,38.0],[56.4,38.2],[56.5,38.3],[56.8,38.2],[57.2,38.2],[57.4,38.0],[57.7,37.9],[58.1,37.7],[58.4,37.7],[58.7,37.7],[59.0,37.6],[59.2,37.4],[60.1,36.8],[60.3,36.6],[60.7,36.6],[61.0,36.6],[61.1,36.5],[61.1,36.2],[61.1,35.9],[61.2,35.6],[61.2,35.5],[61.1,35.3],[61.0,35.0],[60.8,34.4],[60.7,34.3],[60.4,34.1],[60.4,34.0],[60.5,33.7],[60.8,33.6],[60.9,33.5],[60.6,33.1],[60.5,33.0],[60.7,32.5],[60.7,31.9],[60.8,31.6],[60.9,31.5],[61.0,31.5],[61.5,31.3],[61.7,31.3],[61.8,31.1],[61.8,30.9],[61.6,30.7],[61.2,30.3],[60.8,29.8],[61.0,29.1],[61.6,28.7],[61.7,28.7],[62.0,28.5],[62.1,28.4],[62.2,27.6],[62.6,27.6],[62.6,27.0],[62.3,27.0],[61.7,26.5],[61.7,25.6],[61.7,25.5],[61.6,25.0],[61.3,25.0],[60.9,25.1]]]]}},{"type":"Feature","properties":{"NAME":"central Asian khanates"},"geometry":{"type":"MultiPolygon","coordinates":[[[[73.9,39.9],[73.8,39.8],[73.8,39.5],[73.8,39.4],[73.8,39.0],[73.7,38.9],[73.7,38.7],[73.9,38.5],[74.1,38.6],[74.2,38.6],[74.3,38.6],[74.6,38.6],[74.7,38.5],[74.8,38.3],[74.8,38.2],[74.8,38.1],[74.9,38.1],[74.9,38.0],[74.9,37.8],[75.0,37.7],[74.9,37.5],[75.0,37.5],[74.9,37.4],[74.9,37.3],[74.7,37.2],[74.5,37.3],[74.3,37.3],[74.1,37.4],[73.9,37.3],[73.4,37.2],[73.4,37.3],[73.0,37.3],[72.7,37.2],[72.1,39.1],[71.5,39.1],[71.5,39.7],[72.2,39.9],[72.8,40.6],[73.2,40.5],[73.9,39.9]]],[[[65.7,37.5],[65.5,37.3],[65.3,37.2],[64.8,37.1],[64.6,36.8],[64.5,36.3],[64.3,36.2],[63.4,35.9],[63.1,35.8],[63.1,35.7],[63.1,35.5],[63.0,35.4],[62.7,35.3],[62.4,35.3],[62.2,35.3],[61.7,35.4],[61.3,35.5],[61.2,35.6],[61.1,35.9],[61.1,36.2],[61.1,36.5],[61.0,36.6],[60.7,36.6],[60.3,36.6],[60.1,36.8],[59.2,37.4],[59.0,37.6],[58.7,37.7],[58.4,37.7],[58.1,37.7],[57.7,37.9],[57.4,38.0],[57.2,38.2],[58.6,38.7],[59.8,39.2],[61.6,39.3],[63.3,38.9],[64.8,38.2],[65.7,37.5]]]]}},{"type":"Feature","properties":{"NAME":"India"},"geometry":{"type":"MultiPolygon","coordinates":[[[[62.3,27.0],[62.6,27.0],[62.6,27.6],[62.2,27.6],[62.1,28.4],[62.5,28.3],[62.7,28.2],[62.7,28.0],[62.8,27.4],[62.9,27.3],[63.2,27.2],[63.3,27.1],[63.2,26.7],[63.2,26.6],[63.1,26.5],[62.6,26.5],[62.3,26.4],[61.9,26.2],[61.8,26.0],[61.7,25.6],[61.7,26.5],[62.3,27.0]]],[[[60.8,29.8],[61.2,29.3],[61.5,28.9],[61.6,28.7],[61.0,29.1],[60.8,29.8]]]]}},{"type":"Feature","properties":{"NAME":"Romania"},"geometry":{"type":"MultiPolygon","coordinates":[[[[27.0,48.7],[27.1,48.6],[27.1,48.8],[27.5,48.7],[27.5,48.8],[27.6,48.8],[27.7,48.4],[27.8,48.4],[27.9,48.3],[28.0,48.3],[28.1,48.3],[28.1,48.2],[28.2,48.2],[28.3,48.2],[28.4,48.2],[28.3,48.2],[28.3,48.1],[28.3,48.2],[28.4,48.1],[28.9,47.8],[29.1,47.3],[29.4,46.8],[29.8,46.5],[30.0,46.4],[30.1,46.3],[30.4,46.2],[30.1,45.9],[29.7,45.8],[29.6,45.8],[29.5,45.5],[29.6,45.4],[29.7,45.4],[29.7,45.3],[29.6,45.1],[29.5,44.9],[29.3,44.9],[29.1,44.9],[28.9,44.8],[28.7,44.5],[28.6,44.2],[28.5,43.8],[28.5,43.7],[28.2,43.8],[27.6,43.9],[27.4,44.1],[27.2,44.1],[26.9,44.2],[26.7,44.3],[26.6,44.2],[26.4,44.2],[25.5,43.8],[25.4,43.8],[24.8,43.9],[24.6,43.9],[24.3,43.8],[24.2,43.8],[23.6,44.0],[23.4,44.0],[23.1,43.9],[22.9,43.9],[22.9,44.0],[23.0,44.1],[22.9,44.2],[22.7,44.3],[22.5,44.3],[22.4,44.5],[22.6,44.6],[22.7,44.6],[22.4,44.8],[22.3,45.0],[22.5,45.7],[23.0,45.9],[23.3,46.1],[23.6,45.9],[23.8,46.1],[24.1,46.1],[24.4,45.9],[24.9,46.0],[25.5,45.8],[25.4,46.3],[25.7,46.4],[25.9,46.7],[26.2,46.8],[26.3,47.2],[25.7,47.6],[25.2,47.7],[25.4,47.9],[25.8,48.0],[26.1,47.9],[26.1,48.1],[26.4,48.1],[26.1,48.6],[26.5,48.6],[27.0,48.7]]]]}},{"type":"Feature","properties":{"NAME":"Serbia"},"geometry":{"type":"MultiPolygon","coordinates":[[[[20.3,43.3],[20.0,43.3],[20.0,43.4],[19.7,43.4],[19.7,43.5],[19.5,43.6],[19.5,43.7],[19.5,43.8],[19.4,43.9],[19.3,43.9],[19.2,44.0],[19.3,44.0],[19.4,44.0],[19.5,43.9],[19.6,44.0],[19.6,44.1],[19.5,44.1],[19.4,44.1],[19.4,44.2],[19.3,44.2],[19.3,44.3],[19.2,44.3],[19.1,44.3],[19.1,44.4],[19.1,44.5],[19.2,44.5],[19.2,44.6],[19.3,44.6],[19.3,44.7],[19.3,44.8],[19.4,44.9],[19.6,44.9],[19.7,44.7],[20.0,44.7],[20.2,44.9],[20.4,44.7],[21.0,44.8],[21.4,44.8],[21.5,44.8],[21.6,44.8],[21.6,44.7],[21.9,44.7],[21.9,44.6],[22.1,44.5],[22.2,44.6],[22.3,44.7],[22.4,44.8],[22.7,44.6],[22.6,44.6],[22.4,44.5],[22.5,44.3],[22.7,44.3],[22.5,44.1],[22.4,43.9],[22.3,43.8],[22.3,43.7],[22.6,43.1],[22.4,42.8],[22.3,42.7],[21.1,42.5],[21.1,42.8],[20.4,42.9],[20.3,43.3]]]]}},{"type":"Feature","properties":{"NAME":"Montenegro"},"geometry":{"type":"MultiPolygon","coordinates":[[[[19.2,43.5],[19.3,43.6],[19.4,43.6],[19.5,43.6],[19.7,43.5],[19.7,43.4],[20.0,43.4],[20.0,43.3],[20.3,43.3],[20.4,42.9],[20.4,42.8],[20.3,42.8],[20.2,42.8],[20.2,42.7],[20.1,42.8],[20.0,42.7],[20.1,42.7],[20.1,42.6],[20.0,42.5],[19.9,42.5],[19.8,42.5],[19.7,42.2],[19.6,41.8],[19.5,41.8],[19.4,41.8],[19.3,41.9],[19.1,41.9],[19.1,42.0],[18.9,42.2],[18.5,42.4],[18.5,42.5],[18.4,42.5],[18.5,42.6],[18.4,42.6],[18.3,42.6],[18.2,42.7],[18.3,43.1],[18.6,43.6],[18.9,43.8],[19.2,43.5]]]]}},{"type":"Feature","properties":{"NAME":"Bosnia-Herzegovina"},"geometry":{"type":"MultiPolygon","coordinates":[[[[17.6,42.9],[17.5,42.9],[17.6,43.1],[17.5,43.1],[17.5,43.2],[17.4,43.2],[17.3,43.3],[17.3,43.4],[17.2,43.5],[17.1,43.5],[17.0,43.6],[16.8,43.7],[16.7,43.8],[16.5,44.0],[16.4,44.0],[16.3,44.1],[16.3,44.2],[16.2,44.2],[16.2,44.3],[16.2,44.4],[16.1,44.4],[16.1,44.5],[16.0,44.6],[16.0,44.7],[15.9,44.7],[15.8,44.8],[15.7,44.8],[15.8,44.9],[15.8,45.0],[15.8,45.1],[15.8,45.2],[15.9,45.2],[16.0,45.2],[16.1,45.2],[16.1,45.1],[16.3,45.0],[16.4,45.1],[16.5,45.2],[16.6,45.2],[16.7,45.2],[16.8,45.2],[16.9,45.2],[17.0,45.2],[17.1,45.2],[17.2,45.2],[17.2,45.1],[17.3,45.2],[17.4,45.1],[17.5,45.1],[17.6,45.1],[17.7,45.1],[17.8,45.1],[17.9,45.0],[17.9,45.1],[18.0,45.1],[18.1,45.1],[18.2,45.1],[18.3,45.1],[18.4,45.1],[18.5,45.1],[18.6,45.1],[18.7,45.1],[18.7,45.0],[18.8,45.0],[18.8,44.9],[18.9,44.8],[19.0,44.9],[19.1,44.9],[19.2,44.9],[19.3,44.9],[19.4,44.9],[19.3,44.8],[19.3,44.7],[19.3,44.6],[19.2,44.6],[19.2,44.5],[19.1,44.5],[19.1,44.4],[19.1,44.3],[19.2,44.3],[19.3,44.3],[19.3,44.2],[19.4,44.2],[19.4,44.1],[19.5,44.1],[19.6,44.1],[19.6,44.0],[19.5,43.9],[19.4,44.0],[19.3,44.0],[19.2,44.0],[19.3,43.9],[19.4,43.9],[19.5,43.8],[19.5,43.7],[19.5,43.6],[19.4,43.6],[19.3,43.6],[19.2,43.5],[18.9,43.8],[18.6,43.6],[18.3,43.1],[18.2,42.7],[18.3,42.6],[18.4,42.6],[18.5,42.6],[18.4,42.5],[18.5,42.5],[18.5,42.4],[18.2,42.5],[18.0,42.7],[17.6,42.9]]]]}},{"type":"Feature","properties":{"NAME":"Kingdom of Hawaii"},"geometry":{"type":"MultiPolygon","coordinates":[[[[-156.8,21.0],[-156.7,21.1],[-156.6,21.0],[-156.4,21.0],[-156.1,20.8],[-156.1,20.7],[-156.3,20.6],[-156.5,20.6],[-156.6,20.6],[-156.6,20.8],[-156.8,20.9],[-156.8,21.0]]],[[[-155.9,20.0],[-156.0,20.1],[-156.0,20.2],[-156.0,20.3],[-155.9,20.3],[-155.8,20.2],[-155.5,20.1],[-155.2,19.9],[-155.2,19.8],[-155.1,19.8],[-155.1,19.6],[-154.9,19.6],[-154.9,19.5],[-155.1,19.4],[-155.1,19.3],[-155.5,19.2],[-155.7,19.1],[-155.8,18.9],[-156.0,19.1],[-156.1,19.5],[-156.2,19.8],[-155.9,20.0]]],[[[-158.2,21.3],[-158.3,21.3],[-158.4,21.5],[-158.5,21.6],[-158.3,21.6],[-158.2,21.7],[-158.1,21.6],[-158.0,21.5],[-157.9,21.4],[-157.8,21.3],[-157.9,21.3],[-158.0,21.2],[-158.1,21.3],[-158.2,21.3]]]]}},{"type":"Feature","properties":{"NAME":"Manchu Empire"},"geometry":{"type":"MultiPolygon","coordinates":[[[[108.7,19.3],[108.9,19.4],[109.2,19.7],[109.4,19.7],[109.6,19.9],[109.7,19.9],[109.9,19.8],[110.1,19.9],[110.3,19.9],[110.6,20.0],[110.9,19.7],[110.8,19.6],[110.6,19.5],[110.4,19.2],[110.3,18.9],[110.4,18.8],[110.3,18.6],[110.1,18.6],[109.7,18.4],[109.4,18.1],[108.9,18.3],[108.7,18.5],[108.6,19.1],[108.6,19.2],[108.7,19.3]]],[[[129.5,42.4],[129.0,42.2],[128.8,42.1],[128.5,42.1],[128.3,42.1],[128.2,42.1],[128.0,42.1],[127.9,42.0],[127.8,41.8],[128.1,41.5],[128.1,41.4],[127.9,41.4],[127.4,41.4],[127.2,41.4],[127.0,41.5],[126.8,41.7],[126.6,41.7],[126.5,41.7],[126.2,41.2],[125.9,40.9],[125.4,40.7],[124.7,40.4],[124.5,40.3],[124.3,40.1],[124.1,39.8],[124.1,39.9],[123.9,39.8],[123.4,39.7],[123.0,39.7],[122.0,39.3],[121.7,39.1],[121.5,38.9],[121.2,38.8],[121.1,38.8],[121.1,38.9],[121.5,39.2],[121.7,39.3],[121.4,39.4],[121.3,39.3],[121.2,39.5],[121.2,39.6],[121.7,39.9],[121.8,40.1],[122.0,40.3],[122.1,40.4],[122.1,40.5],[121.8,40.7],[121.4,40.9],[121.1,40.9],[121.0,40.9],[120.8,40.7],[120.3,40.2],[120.1,40.1],[119.8,40.0],[119.5,39.9],[119.4,39.8],[119.2,39.6],[119.1,39.5],[119.1,39.3],[119.0,39.2],[118.8,39.2],[118.6,39.2],[118.4,39.1],[118.3,39.0],[118.1,39.3],[117.9,39.3],[117.8,39.2],[117.6,38.9],[117.4,38.6],[117.5,38.4],[117.6,38.3],[117.8,38.2],[118.2,38.0],[118.7,38.1],[118.9,37.9],[118.9,37.7],[118.8,37.4],[118.8,37.2],[119.0,37.1],[119.3,37.0],[119.6,37.1],[119.9,37.4],[120.2,37.6],[120.4,37.7],[120.7,37.7],[120.8,37.7],[121.2,37.4],[121.4,37.3],[121.9,37.4],[122.1,37.4],[122.3,37.3],[122.4,37.3],[122.3,37.0],[122.3,36.7],[122.0,36.8],[121.8,36.9],[121.6,36.8],[120.9,36.6],[120.5,36.4],[120.5,36.1],[120.3,36.0],[120.2,36.0],[120.2,36.2],[120.1,36.2],[119.9,36.1],[120.0,35.9],[119.9,35.8],[119.7,35.5],[119.1,35.0],[119.0,34.9],[119.0,34.7],[119.3,34.6],[119.6,34.4],[120.0,34.1],[120.1,33.9],[120.3,33.3],[120.6,33.0],[120.7,32.8],[120.7,32.5],[121.1,32.3],[121.2,32.1],[121.5,31.9],[121.6,31.8],[121.6,31.7],[121.6,31.6],[121.3,31.5],[121.3,31.4],[121.5,31.3],[121.6,30.9],[121.6,30.8],[121.6,30.7],[121.3,30.7],[121.0,30.6],[120.6,30.3],[120.2,30.3],[119.9,30.1],[120.3,30.0],[120.4,30.0],[120.9,30.2],[121.1,30.2],[121.2,30.2],[121.4,29.9],[121.6,29.8],[121.8,29.8],[121.7,29.6],[121.5,29.5],[121.4,29.4],[121.4,29.3],[121.6,29.4],[121.6,29.3],[121.6,29.2],[121.4,28.8],[121.3,28.5],[121.4,28.4],[121.3,28.2],[121.2,28.1],[121.0,28.3],[120.9,28.2],[120.7,27.9],[120.5,27.6],[120.4,27.3],[120.4,27.2],[120.1,27.0],[120.0,26.8],[119.9,26.7],[119.6,26.7],[119.4,26.6],[119.6,26.3],[119.4,26.0],[119.5,25.8],[119.4,25.7],[119.3,25.5],[119.1,25.4],[119.0,25.3],[118.9,25.1],[118.8,24.8],[118.5,24.7],[118.3,24.5],[118.1,24.5],[117.9,24.6],[117.9,24.5],[117.8,24.4],[117.8,24.0],[117.4,23.7],[117.2,23.6],[117.0,23.6],[116.7,23.3],[116.5,23.3],[116.4,23.2],[116.4,23.0],[116.3,22.9],[116.1,22.9],[115.9,22.8],[115.7,22.6],[115.5,22.7],[115.3,22.8],[115.2,22.7],[115.0,22.6],[114.8,22.5],[114.6,22.5],[114.5,22.7],[114.3,22.6],[114.0,22.6],[113.8,22.5],[113.7,22.5],[113.5,22.7],[113.5,22.8],[113.4,22.6],[113.4,22.5],[113.4,22.2],[113.3,22.0],[113.1,22.0],[112.9,22.1],[112.8,21.9],[112.8,21.8],[112.7,21.8],[112.5,21.7],[112.3,21.7],[112.0,21.7],[111.8,21.8],[111.7,21.7],[111.5,21.5],[111.4,21.5],[111.1,21.5],[110.7,21.4],[110.6,21.2],[110.4,21.2],[110.2,21.3],[110.2,21.1],[110.1,20.9],[110.3,20.6],[110.4,20.5],[110.4,20.4],[110.3,20.3],[109.9,20.2],[109.7,20.6],[109.6,20.9],[109.6,21.1],[109.8,21.4],[109.8,21.5],[109.5,21.6],[109.4,21.6],[109.3,21.4],[109.1,21.4],[108.8,21.5],[108.6,21.8],[108.5,21.8],[108.5,21.7],[108.4,21.5],[108.3,21.5],[108.1,21.5],[107.9,21.5],[107.8,21.5],[107.4,21.6],[107.1,21.6],[106.7,21.9],[106.6,22.1],[106.5,22.3],[106.7,22.7],[106.7,22.8],[106.6,22.9],[106.2,22.9],[105.9,22.9],[105.6,23.0],[105.3,23.3],[105.2,23.3],[104.9,23.1],[104.6,22.9],[104.5,22.8],[104.1,22.7],[103.4,22.7],[103.2,22.7],[103.0,22.5],[102.8,22.5],[102.6,22.7],[102.4,22.7],[102.2,22.6],[102.0,22.5],[101.7,22.4],[101.6,22.3],[101.5,22.1],[101.6,21.9],[101.7,21.7],[101.8,21.5],[101.7,21.3],[101.6,21.2],[101.2,21.3],[101.1,21.4],[101.0,21.4],[100.9,21.5],[100.9,21.7],[100.6,21.5],[100.3,21.5],[100.2,21.5],[100.0,21.6],[99.9,22.0],[99.8,22.1],[99.5,22.1],[99.3,22.1],[99.2,22.1],[99.2,22.3],[99.5,23.0],[99.5,23.1],[99.2,23.2],[99.0,23.2],[98.9,23.3],[98.8,24.1],[98.7,24.1],[98.5,24.1],[98.1,24.1],[97.8,23.9],[97.7,23.9],[97.6,23.9],[97.5,23.9],[97.5,24.0],[97.6,24.3],[97.6,24.6],[97.5,24.8],[97.8,25.2],[97.9,25.3],[98.1,25.4],[98.4,25.6],[98.6,26.0],[98.7,26.3],[98.7,26.7],[98.6,27.5],[98.3,27.5],[98.2,27.5],[98.1,27.7],[98.0,28.1],[97.8,28.3],[97.6,28.4],[97.5,28.4],[97.3,28.2],[97.1,28.2],[96.7,28.3],[96.4,28.3],[96.3,28.4],[96.3,28.5],[96.5,28.7],[96.5,28.9],[96.1,29.2],[95.9,29.4],[95.3,29.0],[95.1,29.0],[94.7,29.1],[94.6,29.2],[94.4,29.2],[94.2,29.0],[93.7,28.7],[93.3,28.6],[93.1,28.4],[92.5,27.9],[92.4,27.8],[92.0,27.7],[91.7,27.7],[91.6,27.6],[91.5,27.9],[91.3,28.0],[91.2,28.0],[90,28.1],[90,28.3],[89.9,28.3],[89.8,28.2],[89.6,28.1],[89.4,27.9],[88.8,27.2],[88.7,27.5],[88.7,27.9],[88.6,28.0],[88.4,27.9],[88.2,27.9],[87.9,27.9],[87.7,27.8],[87.6,27.9],[87.2,27.8],[87.1,28.0],[86.8,28.1],[86.6,28.1],[86.6,28.0],[86.4,27.9],[86.1,28.1],[86.1,28.0],[86.0,27.9],[86.0,28.1],[85.7,28.3],[85.6,28.3],[85.1,28.3],[85.1,28.5],[85.2,28.6],[85.1,28.6],[84.9,28.5],[84.3,28.9],[84.3,29.1],[84.2,29.2],[84.1,29.3],[83.8,29.3],[83.7,29.2],[83.4,29.5],[83.2,29.7],[83.1,29.6],[82.9,29.7],[82.6,30.0],[82.2,30.1],[82.1,30.4],[81.7,30.5],[81.6,30.4],[81.4,30.4],[81.4,30.2],[81.3,30.0],[81.1,30.1],[81.0,30.2],[80.6,30.5],[80.2,30.6],[80.3,30.8],[79.8,31.0],[79.6,31.0],[79.3,31.3],[79.1,31.5],[78.9,31.3],[78.8,31.3],[78.8,31.5],[78.9,31.6],[78.7,31.8],[78.8,32.0],[78.5,32.3],[78.5,32.6],[78.8,32.7],[78.8,32.5],[79.0,32.4],[79.1,32.4],[79.3,32.5],[79.6,32.7],[79.4,33.0],[79.4,33.2],[79.1,33.2],[79.1,33.3],[79.1,33.4],[78.8,33.4],[78.6,33.5],[78.6,33.8],[78.6,34.0],[78.7,34.1],[78.8,34.2],[78.7,34.3],[78.5,34.5],[78.1,34.5],[78.0,34.8],[77.8,35.2],[77.8,35.5],[77.6,35.4],[77.6,35.5],[77.4,35.5],[76.8,35.6],[76.6,35.8],[76.5,35.8],[76.4,35.9],[76.3,35.9],[76.1,35.8],[76.0,35.9],[75.9,36.0],[75.8,36.1],[75.9,36.3],[75.9,36.5],[75.8,36.6],[75.6,36.8],[75.3,36.8],[75.2,36.7],[75.2,36.9],[75.0,37.0],[74.8,37.0],[74.7,36.9],[74.5,37.0],[74.4,37.0],[74.4,37.2],[74.6,37.1],[74.7,37.2],[74.9,37.3],[74.9,37.4],[75.0,37.5],[74.9,37.5],[75.0,37.7],[74.9,37.8],[74.9,38.0],[74.9,38.1],[74.8,38.1],[74.8,38.2],[74.8,38.3],[74.7,38.5],[74.6,38.6],[74.3,38.6],[74.2,38.6],[74.1,38.6],[73.9,38.5],[73.7,38.7],[73.7,38.9],[73.8,39.0],[73.8,39.4],[73.8,39.5],[73.8,39.8],[73.9,39.9],[74.0,40.0],[74.6,40.3],[75.4,40.6],[75.6,40.6],[75.7,40.3],[75.9,40.3],[76.1,40.4],[76.5,40.4],[76.6,40.5],[76.8,40.9],[77.0,41.1],[77.1,41.1],[77.7,41.0],[77.9,41.0],[78.1,41.1],[78.4,41.2],[78.7,41.5],[78.9,41.7],[79.1,41.7],[79.7,41.9],[80.1,42.0],[80.3,42.1],[80.3,42.2],[80.2,42.6],[80.2,42.8],[80.4,43.0],[80.7,43.2],[80.8,43.4],[80.7,43.6],[80.6,43.8],[80.4,44.1],[80.4,44.7],[80.2,44.7],[80.0,44.7],[79.9,44.8],[80.0,44.9],[80.1,45.0],[80.2,45.1],[81.0,45.2],[81.5,45.3],[81.7,45.4],[81.9,45.3],[82.4,45.2],[82.6,45.2],[82.7,45.3],[82.8,45.4],[82.7,45.5],[82.4,45.7],[82.5,45.9],[82.6,46.2],[82.8,46.6],[83.1,47.1],[83.3,47.3],[83.7,47.2],[84.1,47.1],[84.3,47.1],[85.0,47.0],[85.3,47.0],[85.5,47.1],[85.7,47.3],[85.7,47.4],[85.7,47.8],[85.6,48.1],[85.8,48.4],[86.0,48.5],[86.5,48.5],[86.6,48.6],[86.8,48.7],[86.8,48.9],[86.8,49.0],[86.9,49.1],[87.2,49.2],[87.4,49.2],[87.5,49.2],[87.8,49.2],[87.9,49.2],[87.9,49.3],[88.3,49.4],[88.6,49.5],[89.2,49.6],[89.5,49.6],[89.8,49.8],[90,50.1],[90,50.3],[91.1,50.5],[91.8,50.7],[92.2,50.8],[92.6,50.7],[93.0,50.6],[93.3,50.6],[94.2,51.3],[93.6,52.3],[95.2,53.8],[95.9,53.8],[97.3,52.8],[97.6,52.1],[98.9,52.0],[99.3,51.9],[99.8,51.9],[100.2,51.8],[101.0,51.7],[101.3,51.6],[101.8,51.4],[102.1,51.4],[102.2,51.3],[102.2,51.0],[102.3,50.8],[102.4,50.6],[102.6,50.5],[103.4,50.2],[103.7,50.2],[104.8,50.4],[105.2,50.4],[105.7,50.4],[106.3,50.4],[106.7,50.3],[107.3,50.0],[107.5,49.8],[108.1,49.7],[108.4,49.5],[109.0,49.4],[109.4,49.3],[109.9,49.3],[110.2,49.2],[110.9,49.3],[111.4,49.3],[111.6,49.4],[112.0,49.4],[112.5,49.5],[112.8,49.5],[113.0,49.7],[113.2,49.8],[113.6,50.1],[114.1,50.3],[114.2,50.3],[114.5,50.3],[114.9,50.2],[115.2,50.0],[115.3,49.9],[115.7,49.9],[116.3,50.0],[116.6,50.0],[116.8,49.9],[117.0,49.8],[117.5,49.6],[117.6,49.6],[117.8,49.6],[118.9,50.0],[119.3,50.1],[119.3,50.2],[119.3,50.4],[119.2,50.5],[119.1,50.6],[119.2,50.7],[119.4,50.9],[119.6,51.1],[119.9,51.5],[120.1,51.7],[120.7,52.0],[120.8,52.4],[120.8,52.5],[120.6,52.6],[120.3,52.6],[119.9,52.6],[120.0,52.7],[120.2,52.8],[120.7,53.2],[120.9,53.3],[121.2,53.3],[122.0,53.4],[122.4,53.4],[122.9,53.5],[123.4,53.5],[123.9,53.4],[124.3,53.2],[124.6,53.1],[125.3,53.2],[125.5,53.2],[125.9,52.9],[126.2,52.5],[126.7,51.4],[127.1,50.7],[127.5,49.9],[127.7,49.7],[127.9,49.6],[128.5,49.5],[129.2,49.3],[130.4,49.0],[130.5,48.9],[130.6,48.5],[130.8,47.9],[130.9,47.7],[131.2,47.7],[131.5,47.8],[132.3,47.8],[132.5,47.9],[133.0,48.0],[133.6,48.2],[134.1,48.2],[134.5,48.3],[134.6,48.2],[134.7,48.1],[134.7,47.9],[134.7,47.7],[134.5,47.5],[134.2,47.3],[134.0,47.0],[133.9,46.6],[133.7,46.1],[133.4,45.6],[133.2,45.5],[133.0,45.1],[132.8,45.0],[132.5,45.0],[132.2,45.1],[131.9,45.2],[131.7,45.3],[131.0,44.8],[131.0,44.6],[131.1,44.2],[131.1,43.9],[131.1,43.6],[131.1,43.4],[131.1,43.2],[131.1,43.1],[130.8,42.9],[130.3,42.7],[130.2,42.7],[130.0,43.0],[129.9,43.0],[129.7,42.9],[129.6,42.7],[129.5,42.4]]]]}},{"type":"Feature","properties":{"NAME":"Imerina"},"geometry":{"type":"MultiPolygon","coordinates":[[[[45.8,-22.4],[45.7,-22.1],[45.7,-21.8],[45.9,-21.5],[46.1,-21.1],[45.9,-20.8],[45.9,-20.3],[46.5,-19.3],[46.3,-18.2],[46.6,-17.8],[46.9,-18.0],[47.5,-17.9],[47.2,-16.9],[47.5,-16.9],[47.5,-16.7],[47.8,-16.5],[47.8,-16.3],[49.4,-14.4],[49.7,-14.4],[50.1,-14.1],[50.2,-14.4],[50.3,-14.8],[50.4,-15.1],[50.5,-15.3],[50.5,-15.5],[50.4,-15.6],[50.2,-16.0],[50.1,-15.9],[50.0,-15.7],[49.8,-15.4],[49.6,-15.5],[49.6,-15.7],[49.7,-16.0],[49.9,-16.3],[49.9,-16.5],[49.8,-16.7],[49.4,-17.2],[49.4,-17.4],[49.4,-17.8],[49.3,-18.2],[49.0,-19.2],[48.7,-20.3],[48.1,-22.0],[47.6,-23.6],[47.0,-23.1],[47.0,-23.3],[46.9,-23.4],[46.5,-23.1],[45.9,-22.9],[46.0,-22.8],[45.8,-22.4]]]]}},{"type":"Feature","properties":{"NAME":"Madagascar"},"geometry":{"type":"MultiPolygon","coordinates":[[[[50.1,-14.1],[49.7,-14.4],[49.4,-14.4],[47.8,-16.3],[47.8,-16.5],[47.5,-16.7],[47.5,-16.9],[47.2,-16.9],[47.5,-17.9],[46.9,-18.0],[46.6,-17.8],[46.3,-18.2],[46.5,-19.3],[45.9,-20.3],[45.9,-20.8],[46.1,-21.1],[45.9,-21.5],[45.7,-21.8],[45.7,-22.1],[45.8,-22.4],[46.0,-22.8],[45.9,-22.9],[46.5,-23.1],[46.9,-23.4],[47.0,-23.3],[47.0,-23.1],[47.6,-23.6],[47.5,-24.1],[47.3,-24.8],[47.2,-24.9],[46.9,-25.2],[46.2,-25.3],[45.8,-25.4],[45.6,-25.6],[45.2,-25.7],[45.0,-25.5],[45.0,-25.4],[44.7,-25.3],[44.5,-25.3],[44.4,-25.3],[44.0,-25.0],[44.0,-24.9],[44.0,-24.6],[43.9,-24.5],[43.7,-24.4],[43.7,-24.2],[43.7,-23.9],[43.8,-23.4],[43.8,-23.3],[43.7,-23.1],[43.4,-22.6],[43.3,-22.4],[43.3,-22.1],[43.5,-21.5],[43.6,-21.4],[43.8,-21.3],[44.2,-20.7],[44.5,-20.2],[44.5,-20.0],[44.6,-19.5],[44.5,-19.4],[44.4,-19.3],[44.3,-19.1],[44.3,-19.0],[44.4,-18.8],[44.2,-18.4],[44.1,-18.1],[44.1,-17.9],[44.0,-17.6],[44.0,-17.5],[44.2,-17.2],[44.4,-16.9],[44.5,-16.7],[44.5,-16.2],[44.7,-16.2],[44.9,-16.2],[45.2,-16.0],[45.3,-16.0],[45.4,-16.1],[45.6,-16.1],[45.7,-15.9],[46.1,-15.8],[46.3,-16.0],[46.4,-15.9],[46.5,-15.9],[46.4,-15.7],[46.7,-15.4],[46.9,-15.4],[47.1,-15.5],[47.2,-15.4],[47.1,-15.1],[47.2,-15.0],[47.4,-14.8],[47.5,-15.0],[47.6,-15.0],[47.9,-14.7],[47.8,-14.6],[47.7,-14.4],[47.7,-14.3],[47.9,-14.3],[48.0,-14.3],[48.0,-14.1],[47.9,-13.7],[47.9,-13.6],[48.1,-13.6],[48.2,-13.8],[48.3,-13.8],[48.4,-13.7],[48.8,-13.4],[48.9,-13.3],[48.9,-13.0],[49.0,-12.7],[48.9,-12.6],[48.9,-12.5],[49.2,-12.3],[49.3,-12.4],[49.5,-12.7],[49.8,-12.8],[49.9,-12.9],[50.0,-13.3],[50.1,-14.1]]]]}},{"type":"Feature","properties":{"NAME":"Dahomey"},"geometry":{"type":"MultiPolygon","coordinates":[[[[2.2,6.8],[2.2,6.3],[2.1,6.3],[1.9,6.3],[1.8,6.3],[1.6,6.2],[1.3,6.2],[1.4,6.7],[1.3,7.1],[0.8,7.0],[0.7,7.6],[1.3,7.8],[1.4,8.7],[2.3,8.8],[2.4,7.9],[2.3,7.4],[2.2,6.8]]]]}},{"type":"Feature","properties":{"NAME":"Sokoto Caliphate"},"geometry":{"type":"MultiPolygon","coordinates":[[[[11.6,14.1],[12.5,12.2],[13.2,11.2],[13.1,10.2],[12.5,8.9],[11.8,9.0],[11.0,8.0],[9.6,7.8],[9.2,7.2],[8.5,7.5],[7.0,7.2],[6.0,8.2],[4.4,8.9],[4.7,9.3],[4.5,10.5],[4.8,10.9],[2.5,12.6],[2.4,13.4],[1.5,13.7],[2.5,15.4],[3.1,15.9],[3.6,16.7],[4.9,16.8],[6.4,18.6],[7.6,18.4],[7.8,18.7],[9.1,18.3],[9.5,18.0],[9.4,17.0],[11.1,16.2],[11.6,14.1]]]]}},{"type":"Feature","properties":{"NAME":"Borgu States"},"geometry":{"type":"MultiPolygon","coordinates":[[[[2.4,9.0],[1.5,9.0],[1.8,10.6],[0.8,11.5],[1.7,12.7],[1.5,13.7],[2.4,13.4],[2.5,12.6],[4.8,10.9],[4.5,10.5],[4.7,9.3],[2.4,9.0]]]]}},{"type":"Feature","properties":{"NAME":"Oyo"},"geometry":{"type":"MultiPolygon","coordinates":[[[[3.5,8.3],[2.4,9.0],[4.7,9.3],[4.4,8.9],[6.0,8.2],[4.9,8.2],[3.5,8.3]]]]}},{"type":"Feature","properties":{"NAME":"Calabar"},"geometry":{"type":"MultiPolygon","coordinates":[[[[9.3,4.0],[9.0,4.1],[9.0,4.3],[8.9,4.5],[8.9,4.6],[8.6,4.7],[8.5,4.8],[8.4,4.8],[8.3,4.8],[8.3,4.7],[8.3,5.3],[8.7,5.4],[9.3,5.3],[9.5,4.8],[9.3,4.0]]]]}},{"type":"Feature","properties":{"NAME":null},"geometry":{"type":"MultiPolygon","coordinates":[[[[49.6,11.3],[50.1,11.5],[50.5,11.8],[50.7,11.9],[51.0,11.9],[51.1,11.8],[51.2,11.8],[51.2,11.7],[51.1,11.2],[51.1,11.0],[51.1,10.7],[51.1,10.5],[50.9,10.3],[50.9,10.0],[50.9,9.6],[50.8,9.4],[50.2,8.4],[49.8,8.0],[49.8,7.9],[49.8,7.7],[49.4,7.0],[49.0,6.4],[48.9,6.0],[48.8,5.7],[48.5,5.2],[48.1,4.7],[47.6,4.0],[47.4,3.8],[46.4,2.7],[46.2,2.6],[45.5,2.0],[44.6,1.5],[44.3,1.3],[43.7,0.8],[43.3,0.4],[41.7,1.2],[40.9,0.0],[39.9,0.0],[40.0,-1.0],[37.7,-2.3],[37.7,-3.4],[38.3,-3.9],[38.0,-4.9],[38.0,-6.8],[36.2,-7.4],[36.0,-8.5],[38.3,-9.1],[39.1,-11.2],[39.5,-12.2],[39.7,-13.7],[39.6,-15.3],[39.2,-15.7],[37.6,-16.0],[36.4,-17.0],[35.5,-17.0],[34.3,-15.9],[33.8,-15.7],[34.1,-14.8],[33.7,-13.5],[32.9,-12.7],[32.5,-12.5],[31.7,-12.8],[30.7,-13.6],[30.0,-14.9],[30.0,-15.4],[30.2,-16.1],[30.9,-16.7],[31.7,-16.8],[32.4,-16.8],[33.1,-16.4],[33.6,-17.0],[34.3,-17.6],[34.4,-18.2],[34.2,-18.5],[34.0,-19.0],[33.7,-20.3],[34.0,-23.2],[33.5,-24.5],[31.8,-25.6],[31.7,-26.2],[31.3,-25.7],[31.9,-24.8],[31.9,-23.7],[31.9,-22.4],[31.5,-21.8],[30.8,-21.8],[30.2,-21.5],[29.5,-21.5],[29.1,-22.0],[28.5,-22.0],[27.2,-22.8],[27.1,-23.2],[26.5,-23.3],[26.4,-24.2],[25.4,-24.7],[25.0,-26.1],[25.1,-27.5],[23.9,-27.2],[23.3,-27.3],[22.6,-28.1],[22.0,-28.6],[21.5,-28.2],[20.7,-28.7],[19.8,-28.4],[19.6,-28.6],[19.4,-28.7],[19.1,-28.9],[18.9,-29.0],[18.7,-28.9],[18.3,-28.9],[17.9,-28.9],[17.7,-28.9],[17.6,-28.8],[17.5,-28.5],[17.5,-28.4],[17.4,-28.3],[17.2,-28.1],[17.0,-28.1],[16.9,-28.1],[16.8,-28.2],[16.7,-28.4],[16.4,-28.5],[16.3,-28.6],[16.1,-28.3],[15.7,-27.9],[15.5,-27.6],[15.3,-27.2],[15.1,-26.8],[15.1,-26.6],[15.1,-26.5],[15.2,-26.3],[14.9,-26.0],[14.8,-25.6],[14.9,-25.2],[14.9,-25.0],[14.7,-24.4],[14.4,-23.4],[14.4,-23.3],[14.4,-23.1],[14.5,-22.9],[14.6,-22.8],[14.6,-22.7],[14.5,-22.5],[14.4,-22.3],[14.0,-21.7],[13.8,-21.4],[13.3,-20.5],[12.9,-19.7],[12.5,-19.1],[12.1,-18.5],[11.8,-18.0],[11.8,-17.8],[11.8,-17.6],[11.8,-17.3],[11.8,-16.5],[11.8,-16.2],[11.8,-15.9],[12.0,-15.7],[12.1,-15.6],[12.2,-15.3],[12.3,-14.9],[12.3,-14.6],[14.4,-12.7],[15.2,-12.6],[15.7,-13.1],[16.1,-13.1],[16.2,-10.9],[16.3,-10.6],[16.1,-10.5],[16.1,-9.8],[16.9,-9.9],[17.5,-9.5],[17.6,-9.3],[16.9,-8.1],[17.1,-8.1],[17.6,-7.7],[17.4,-7.1],[18.1,-5.8],[17.7,-5.1],[16.4,-4.4],[16.7,-4.1],[16.4,-3.5],[16.0,-3.1],[15.1,-2.9],[14.4,-3.2],[13.4,-4.6],[13.3,-4.4],[12.6,-4.3],[11.9,-4.7],[11.8,-4.5],[11.2,-3.9],[11.1,-3.9],[10.9,-3.7],[10.6,-3.4],[10.5,-3.2],[9.9,-2.7],[10.1,-2.6],[9.9,-2.4],[9.7,-2.4],[9.2,-1.8],[9.4,-1.6],[9.5,-1.6],[9.3,-1.4],[9.2,-1.4],[10.0,-1.1],[10.7,-0.6],[10.7,-0.1],[10.5,-0.0],[10.3,0.2],[10.2,0.8],[10.0,0.9],[9.6,0.9],[9.6,1.0],[9.6,1.1],[9.4,1.2],[10.0,1.3],[10.5,1.1],[10.8,1.3],[11.1,1.7],[11.0,2.0],[10.5,2.1],[10.2,2.0],[9.9,2.1],[9.8,2.4],[9.9,2.8],[9.9,3.1],[9.8,3.4],[9.6,3.7],[9.8,3.9],[9.7,4.0],[9.5,4.0],[9.3,4.0],[9.5,4.8],[9.3,5.3],[8.7,5.4],[8.3,5.3],[8.3,4.7],[8.3,4.6],[8.1,4.5],[7.9,4.5],[7.8,4.9],[7.1,5.3],[6.7,4.9],[7.1,4.7],[7.0,4.5],[6.9,4.3],[6.8,4.3],[6.7,4.3],[6.1,4.3],[5.9,4.4],[5.6,4.6],[5.4,5.0],[6.1,5.2],[6.1,5.8],[5.2,6.3],[4.6,6.2],[4.4,6.3],[4.1,6.4],[4.0,6.7],[3.3,7.1],[2.9,6.8],[2.8,6.4],[2.8,6.3],[2.7,6.3],[2.7,6.9],[2.2,6.8],[2.3,7.4],[2.4,7.9],[2.3,8.8],[1.4,8.7],[1.3,7.8],[0.7,7.6],[0.8,7.0],[1.3,7.1],[1.4,6.7],[1.3,6.2],[1.2,6.1],[0.9,5.8],[0.8,5.7],[0.4,6.4],[0.2,6.9],[-1.0,7.5],[-1.7,7.3],[-2.3,7.3],[-2.8,5.2],[-2.9,5.3],[-3.0,5.3],[-3.1,5.2],[-3.3,5.8],[-3.8,6.1],[-4.3,6.2],[-4.7,6.1],[-5.2,5.2],[-5.6,5.1],[-5.8,5.0],[-6.3,4.9],[-7.1,4.5],[-7.4,4.3],[-7.5,4.3],[-7.6,4.4],[-8.2,4.6],[-8.8,4.9],[-9.2,5.2],[-9.4,5.4],[-9.8,5.7],[-9.5,6.4],[-9.9,6.9],[-9.9,7.4],[-10.1,7.6],[-10.9,7.6],[-10.9,8.3],[-11.6,8.5],[-11.6,8.9],[-11.4,9.5],[-12.2,9.8],[-12.6,9.4],[-13.2,9.1],[-13.3,9.3],[-13.6,9.6],[-13.7,9.9],[-14.1,10.1],[-14.5,10.3],[-14.6,10.5],[-14.6,10.6],[-14.6,10.8],[-14.8,10.8],[-15.0,10.8],[-15.0,10.9],[-15.0,11.1],[-15.0,11.2],[-15.1,11.2],[-15.3,11.2],[-15.4,11.3],[-15.4,11.5],[-15.2,11.7],[-15.1,11.8],[-15.2,11.9],[-15.3,11.9],[-15.5,11.9],[-15.7,11.8],[-15.8,11.8],[-16.1,12.0],[-16.2,12.1],[-16.3,12.2],[-16.4,12.2],[-16.0,12.3],[-15.7,12.6],[-15.6,13.1],[-15.5,13.3],[-15.0,13.3],[-15.0,13.7],[-15.9,13.8],[-16.0,14.2],[-15.1,14.2],[-14.9,14.1],[-14.8,13.7],[-14.1,13.3],[-13.6,13.0],[-13.1,13.0],[-12.8,13.6],[-12.8,13.8],[-12.3,13.9],[-12.1,14.1],[-12.1,14.9],[-12.3,15.5],[-12.4,15.8],[-12.7,16.0],[-14.3,16.5],[-15.4,17.1],[-16.1,17.3],[-16.0,17.7],[-16.0,18.2],[-16.1,18.7],[-16.2,19.0],[-16.5,19.4],[-16.4,19.5],[-16.3,19.7],[-16.2,20.1],[-16.3,20.4],[-16.3,20.5],[-16.7,20.9],[-16.8,20.9],[-17.0,20.7],[-17.0,20.8],[-17.1,21.0],[-17.0,21.3],[-17.0,21.6],[-16.8,22.0],[-16.6,22.2],[-16.4,22.5],[-16.2,22.7],[-15.7,23.9],[-15.6,24.0],[-15.0,24.5],[-14.8,24.7],[-14.8,25.1],[-14.7,25.6],[-14.4,26.1],[-14.2,26.3],[-14.0,26.4],[-13.6,26.6],[-13.5,26.8],[-13.3,27.2],[-13.1,27.5],[-12.4,27.6],[-11.3,27.6],[-10.1,27.6],[-9.3,27.6],[-8.6,27.6],[-8.6,28.5],[-8.6,28.6],[-8.3,28.8],[-7.6,29.2],[-7.2,29.5],[-6.6,29.4],[-6.4,29.5],[-6.3,29.8],[-6.0,29.8],[-5.6,29.9],[-5.4,30.0],[-5.1,30.1],[-4.9,30.4],[-4.4,30.6],[-3.7,30.9],[-3.7,31.0],[-3.8,31.3],[-3.8,31.5],[-3.8,31.6],[-3.7,31.6],[-3.1,31.7],[-3.0,31.7],[-2.8,32.0],[-2.4,32.0],[-2.1,32.0],[-1.2,32.0],[1.4,30.9],[4.8,33.3],[6.7,33.0],[8.3,32.6],[8.9,32.1],[9.3,30.1],[11.4,28.6],[11.4,27.7],[10.0,25.5],[10.2,24.7],[11.1,24.6],[11.3,24.4],[11.8,24.1],[13.1,25.0],[14.1,24.6],[13.8,22.9],[14.6,22.5],[18.6,23.6],[20.2,27.6],[21.0,28.5],[21.6,28.6],[22.1,28.5],[23.3,27.6],[24.8,27.0],[25.6,26.6],[25.9,25.7],[24.8,24.7],[25.6,22.8],[28.5,22.1],[28.6,21.3],[29.3,21.5],[29.1,20.3],[28.7,19.1],[28.7,18.2],[29.0,17.3],[29.0,16.4],[28.2,16.1],[27.7,15.2],[27.8,14.3],[28.3,13.8],[28.9,13.6],[29.5,13.0],[29.6,11.8],[29.3,10.4],[29.3,9.3],[29.6,7.3],[30.4,6.4],[30.9,5.2],[31.5,4.8],[32.2,4.8],[32.4,5.6],[32.4,7.1],[32.7,9.4],[33.8,11.9],[34.2,14.1],[35.0,15.8],[35.8,16.7],[36.8,17.1],[37.7,16.9],[38.6,17.0],[39.0,17.2],[39.0,17.1],[39.2,16.3],[39.5,15.5],[39.2,15.5],[39.1,15.1],[39.1,14.7],[39.5,14.6],[39.2,14.5],[38.0,14.6],[37.7,14.5],[37.1,13.7],[36.9,13.4],[35.1,12.8],[34.7,12.5],[34.7,11.9],[35.1,11.5],[35.2,10.6],[35.4,10.1],[35.7,9.9],[36.0,7.5],[36.2,7.2],[36.6,7.3],[37.8,8.5],[38.5,10.2],[38.7,11.9],[41.2,12.5],[41.2,13.1],[40.2,13.5],[39.8,15.1],[39.9,15.2],[39.9,15.4],[39.9,15.5],[40.0,15.4],[40.2,15.1],[40.4,14.9],[40.6,14.9],[40.7,14.9],[41.3,14.3],[41.7,13.9],[41.8,13.9],[42.1,13.9],[42.4,13.5],[42.4,13.4],[42.4,13.3],[42.4,13.2],[42.6,13.1],[43.0,12.7],[43.3,12.4],[43.5,12.2],[43.5,12.1],[43.4,12.0],[43.3,12.0],[43.1,11.9],[42.8,11.8],[42.6,11.6],[42.7,11.5],[43.0,11.5],[43.1,11.5],[43.3,11.5],[43.4,11.5],[43.2,11.1],[42.5,9.9],[42.2,9.8],[42.0,8.9],[42.4,8.7],[43.0,8.8],[44.1,9.5],[45.4,9.8],[46.5,9.5],[47.4,9.7],[48.9,9.6],[49.6,9.9],[49.8,10.7],[49.6,11.3]],[[7.1,6.7],[6.5,6.5],[6.5,5.5],[6.5,5.3],[7.0,5.8],[7.3,5.6],[7.7,5.8],[7.6,6.5],[7.1,6.7]],[[-14.4,12.7],[-14.6,12.1],[-14.5,11.6],[-13.1,10.7],[-12.7,10.5],[-12.3,10.6],[-12.0,11.0],[-12.3,11.6],[-13.1,12.4],[-13.9,12.7],[-14.4,12.7]],[[-2.9,13.9],[-2.4,13.2],[-3.2,12.3],[-3.1,11.9],[-2.3,11.6],[-1.7,10.7],[-1.9,8.8],[-1.3,8.8],[-0.1,8.4],[1.2,8.7],[1.0,10.6],[-0.0,11.3],[1.4,13.0],[0.8,13.4],[0.1,14.0],[-0.6,14.1],[-1.0,14.5],[-2.0,14.3],[-2.9,13.9]],[[22.3,-3.8],[21.4,-3.7],[20.9,-4.1],[20.7,-5.5],[21.2,-6.7],[21.6,-6.9],[22.3,-6.6],[22.8,-5.4],[22.7,-4.8],[22.3,-3.8]],[[31.2,-3.1],[31.1,-3.5],[31.3,-4.1],[32.7,-4.4],[33.5,-4.1],[33.8,-3.8],[33.7,-3.2],[32.8,-3.0],[31.2,-3.1]],[[27.2,-12.3],[28.1,-12.6],[28.7,-12.6],[29.2,-11.9],[30.7,-11.5],[31.3,-10.9],[31.3,-9.7],[31.1,-9.2],[30.4,-8.8],[29.7,-8.6],[29.0,-8.2],[28.3,-8.1],[27.4,-8.3],[27.1,-9.1],[26.7,-10.8],[26.7,-11.3],[26.8,-11.8],[27.2,-12.3]],[[24.9,-13.4],[25.5,-13.0],[25.9,-12.5],[26.1,-11.9],[25.8,-11.4],[25.3,-11.0],[25.0,-10.8],[24.2,-10.9],[22.9,-11.5],[22.4,-12.1],[22.4,-12.9],[22.6,-13.6],[23.1,-13.8],[23.7,-13.8],[24.4,-13.7],[24.9,-13.4]],[[27.6,-16.6],[27.8,-16.4],[27.9,-16.0],[28.0,-15.5],[28.0,-15.0],[28.0,-14.7],[27.6,-14.4],[27.1,-14.2],[26.6,-14.0],[26.1,-13.9],[25.7,-13.9],[25.4,-13.9],[25.0,-13.9],[24.6,-14.0],[24.2,-14.1],[23.9,-14.3],[23.7,-14.5],[23.4,-14.8],[23.2,-15.1],[23.1,-15.5],[23.1,-15.9],[23.1,-16.2],[23.2,-16.5],[23.2,-16.8],[23.3,-17.0],[23.5,-17.3],[23.8,-17.5],[24.1,-17.6],[24.5,-17.7],[24.9,-17.8],[25.3,-17.8],[25.7,-17.8],[26.0,-17.7],[26.4,-17.6],[26.7,-17.5],[27.0,-17.3],[27.3,-17.1],[27.5,-16.9],[27.6,-16.6]],[[27.1,-18.4],[26.4,-18.6],[25.6,-19.7],[25.8,-20.3],[26.2,-20.5],[26.8,-20.6],[28.0,-19.8],[29.0,-19.5],[29.2,-19.2],[29.2,-18.9],[28.7,-18.5],[28.0,-18.4],[27.1,-18.4]],[[27.8,-21.9],[27.5,-21.5],[27.0,-21.5],[25.4,-22.1],[25.1,-22.5],[25.4,-23.2],[25.9,-23.3],[26.4,-22.9],[27.5,-22.2],[27.8,-21.9]],[[29.5,-6.4],[30.3,-7.1],[31.1,-8.6],[31.6,-8.6],[32.3,-8.3],[33.2,-7.4],[34.2,-5.4],[33.0,-5.1],[33.0,-4.8],[32.1,-4.7],[31.1,-4.2],[30.7,-3.7],[30.7,-3.2],[30.5,-3.0],[30.2,-3.0],[29.8,-3.2],[29.3,-3.9],[29.4,-4.5],[29.5,-6.4]],[[31.5,-1.5],[32.1,-1.5],[33.3,-0.1],[33.0,0.9],[32.9,1.5],[33.3,1.9],[33.1,2.6],[32.7,2.7],[32.2,2.6],[31.4,2.3],[30.6,1.3],[30.3,1.1],[30.2,0.9],[29.8,0.8],[29.9,0.5],[30.1,0.4],[30.0,-0.2],[30.9,-0.4],[30.8,-1.0],[30.8,-1.1],[30.1,-1.2],[29.8,-1.5],[29.5,-1.9],[29.5,-2.2],[29.7,-2.5],[30.4,-2.7],[31.1,-2.4],[31.2,-1.9],[31.1,-1.5],[31.5,-1.5]],[[24.3,-7.5],[24.7,-8.5],[25.5,-8.6],[26.5,-8.5],[27.1,-8.3],[27.7,-6.9],[27.7,-6.4],[28.8,-6.4],[28.7,-5.3],[28.2,-5.1],[28.1,-4.5],[29.0,-3.7],[28.8,-3.0],[27.3,-2.7],[27.2,-1.1],[26.4,0.3],[25.9,0.3],[23.3,-0.7],[22.8,-1.4],[23.0,-1.8],[23.7,-2.2],[24.5,-3.4],[24.7,-3.8],[24.4,-4.7],[24.6,-5.2],[23.8,-5.5],[23.6,-6.0],[23.6,-6.4],[24.1,-6.8],[24.5,-6.8],[24.3,-7.5]],[[1.5,13.7],[1.7,12.7],[0.8,11.5],[1.8,10.6],[1.5,9.0],[2.4,9.0],[3.5,8.3],[2.9,7.8],[3.2,7.3],[5.5,6.9],[6.2,7.4],[6.0,8.2],[7.0,7.2],[8.5,7.5],[9.2,7.2],[9.6,7.8],[11.0,8.0],[11.8,9.0],[12.5,8.9],[13.1,10.2],[13.2,11.2],[12.5,12.2],[15.8,12.0],[16.5,12.0],[17.0,13.2],[17.7,14.6],[17.6,15.5],[17.7,16.0],[17.3,16.7],[17.2,18.2],[15.6,18.6],[15.2,17.3],[13.9,15.9],[12.2,15.5],[11.9,15.0],[11.6,14.1],[11.1,16.2],[9.4,17.0],[9.5,18.0],[9.1,18.3],[7.8,18.7],[7.6,18.4],[6.4,18.6],[4.9,16.8],[3.6,16.7],[3.1,15.9],[2.5,15.4],[1.5,13.7]],[[-7.5,8.8],[-7.3,9.6],[-7.2,10.5],[-6.4,10.9],[-5.9,11.5],[-6.4,11.7],[-4.7,12.9],[-4.5,13.2],[-4.0,13.5],[-4.0,12.9],[-3.9,12.5],[-3.2,12.6],[-3.1,13.2],[-3.6,13.7],[-3.0,15.1],[-3.6,16.5],[-5.1,16.6],[-7.1,15.9],[-9.4,16.1],[-11.0,15.4],[-11.0,14.7],[-11.3,14.2],[-11.4,13.2],[-10.9,11.9],[-9.9,12.3],[-10.4,11.7],[-11.5,11.3],[-11.3,10.1],[-11.0,9.1],[-10.5,8.9],[-10.0,9.1],[-9.6,8.9],[-9.6,7.8],[-8.9,8.0],[-8.3,7.7],[-7.7,8.1],[-7.4,7.8],[-6.5,7.6],[-5.8,7.7],[-5.5,8.2],[-5.1,8.0],[-4.7,7.2],[-4.2,7.3],[-3.9,7.5],[-4.3,8.2],[-4.0,8.7],[-3.9,8.9],[-4.1,9.2],[-4.5,9.1],[-4.8,8.8],[-5.1,8.8],[-5.5,8.6],[-5.8,8.8],[-5.7,9.1],[-5.8,9.5],[-6.1,9.7],[-6.0,10.0],[-6.5,10.2],[-6.9,10.0],[-7.5,8.8]]]]}},{"type":"Feature","properties":{"NAME":"Opobo"},"geometry":{"type":"MultiPolygon","coordinates":[[[[7.9,4.5],[7.4,4.4],[7.2,4.5],[7.0,4.5],[7.1,4.7],[6.7,4.9],[7.1,5.3],[7.8,4.9],[7.9,4.5]]]]}},{"type":"Feature","properties":{"NAME":"First Samori Empire"},"geometry":{"type":"MultiPolygon","coordinates":[[[[-9.9,12.3],[-8.2,11.7],[-7.5,11.9],[-6.4,11.7],[-5.9,11.5],[-6.4,10.9],[-7.2,10.5],[-7.3,9.6],[-7.5,8.8],[-7.7,8.1],[-8.3,7.7],[-8.9,8.0],[-9.6,7.8],[-9.6,8.9],[-10.0,9.1],[-10.5,8.9],[-11.0,9.1],[-11.3,10.1],[-11.5,11.3],[-10.4,11.7],[-9.9,12.3]]]]}},{"type":"Feature","properties":{"NAME":"Antigua and Barbuda"},"geometry":{"type":"MultiPolygon","coordinates":[[[[-61.7,17.0],[-61.8,17.0],[-61.9,17.0],[-61.9,17.1],[-61.8,17.2],[-61.7,17.1],[-61.7,17.0]]],[[[-61.7,17.6],[-61.7,17.5],[-61.8,17.5],[-61.8,17.6],[-61.9,17.6],[-61.9,17.7],[-61.8,17.7],[-61.7,17.7],[-61.7,17.6]]]]}},{"type":"Feature","properties":{"NAME":"Western Australia (UK)"},"geometry":{"type":"MultiPolygon","coordinates":[[[[129.0,-14.9],[128.8,-24.9],[128.7,-31.9],[128.6,-32.0],[128.2,-32.2],[127.7,-32.3],[127.3,-32.4],[126.6,-32.4],[126.2,-32.4],[126.1,-32.4],[125.6,-32.6],[125.2,-32.8],[124.8,-33.0],[124.6,-33.0],[124.4,-33.1],[124.2,-33.1],[124.0,-33.5],[123.6,-33.9],[123.4,-34.0],[123.0,-34.0],[122.8,-34.0],[122.4,-34.1],[122.2,-34.2],[121.9,-34.0],[121.7,-34.0],[121.4,-34.0],[120.7,-34.0],[120.3,-34.1],[120.1,-34.1],[119.8,-34.1],[119.6,-34.2],[119.3,-34.6],[119.2,-34.6],[118.7,-34.6],[118.4,-34.9],[118.2,-35.1],[117.8,-35.2],[117.5,-35.3],[116.8,-35.2],[116.6,-35.2],[116.3,-35.1],[116.0,-34.9],[115.6,-34.6],[115.3,-34.5],[115.1,-34.5],[115.0,-34.4],[115.0,-33.9],[115.0,-33.8],[115.2,-33.8],[115.4,-33.8],[115.6,-33.6],[115.6,-33.4],[115.8,-32.8],[115.7,-32.2],[115.7,-31.9],[115.6,-31.7],[115.1,-30.8],[115.0,-30.5],[114.9,-30.1],[114.9,-29.7],[114.8,-29.4],[114.6,-28.9],[114.3,-28.5],[114.1,-28.1],[114.0,-28.0],[114.0,-27.6],[113.9,-27.4],[113.6,-26.9],[113.2,-26.4],[113.0,-26.2],[113.1,-26.1],[113.2,-26.1],[113.2,-26.3],[113.3,-26.4],[113.4,-26.6],[113.6,-26.7],[113.7,-26.7],[113.6,-26.2],[113.4,-26.0],[113.3,-25.8],[113.3,-25.7],[113.7,-26.1],[113.9,-26.5],[114.1,-26.5],[114.1,-26.3],[114.2,-26.3],[114.2,-26.0],[114.1,-25.8],[113.6,-25.2],[113.4,-24.9],[113.4,-24.6],[113.4,-24.3],[113.5,-24.0],[113.7,-23.8],[113.8,-23.5],[113.7,-23.0],[113.6,-22.7],[113.6,-22.6],[113.8,-22.3],[113.9,-22.1],[113.9,-22.0],[114.0,-22.3],[114.0,-22.5],[114.1,-22.6],[114.2,-22.6],[114.3,-22.6],[114.4,-22.3],[114.5,-22.1],[114.8,-21.9],[115.3,-21.6],[115.6,-21.5],[115.9,-21.2],[116.1,-21.0],[116.4,-20.8],[116.8,-20.8],[117.1,-20.8],[117.4,-20.8],[117.6,-20.8],[117.8,-20.7],[118.0,-20.5],[118.2,-20.4],[118.6,-20.4],[118.7,-20.3],[118.9,-20.1],[118.9,-20.0],[119.1,-20.0],[119.5,-20.1],[119.8,-20.1],[120.2,-20.0],[120.7,-19.8],[120.9,-19.7],[121.2,-19.4],[121.4,-19.1],[121.5,-18.8],[121.6,-18.7],[121.8,-18.5],[122.2,-18.2],[122.2,-18.0],[122.1,-17.6],[122.1,-17.4],[122.6,-16.9],[122.7,-16.6],[122.9,-16.7],[123.0,-16.9],[123.3,-17.5],[123.4,-17.6],[123.5,-17.3],[123.5,-17.1],[123.7,-17.2],[123.8,-17.2],[123.9,-17.0],[123.9,-16.9],[123.6,-16.8],[123.6,-16.7],[123.6,-16.4],[124.0,-16.4],[124.3,-16.5],[124.6,-16.5],[124.7,-16.5],[124.8,-16.5],[124.5,-16.3],[124.3,-16.3],[124.4,-16.0],[124.4,-15.9],[124.4,-15.7],[124.6,-15.5],[124.7,-15.5],[125.0,-15.6],[125.1,-15.6],[125.1,-15.4],[125.1,-15.2],[125.2,-15.0],[125.2,-14.8],[125.3,-14.7],[125.5,-14.7],[125.9,-14.7],[126.1,-14.2],[126.3,-14.1],[126.4,-14.1],[126.5,-14.4],[126.7,-14.1],[126.8,-14.0],[126.9,-13.8],[127.2,-14.1],[127.4,-14.1],[127.5,-14.2],[127.7,-14.4],[128.0,-14.7],[128.0,-15.0],[128.0,-15.3],[128.1,-15.4],[128.2,-15.2],[128.4,-14.9],[128.5,-14.9],[129.0,-14.9]]]]}},{"type":"Feature","properties":{"NAME":"Victoria (UK)"},"geometry":{"type":"MultiPolygon","coordinates":[[[[141.0,-34.0],[142.1,-34.1],[143.1,-34.6],[144.7,-36.0],[145.1,-36.0],[145.0,-35.7],[145.5,-35.8],[145.8,-36.0],[147.2,-36.0],[147.7,-35.9],[148.2,-36.4],[148.4,-36.9],[148.2,-37.5],[148.8,-38.0],[148.6,-38.0],[148.3,-38.0],[148.0,-38.1],[147.8,-38.2],[147.1,-38.7],[146.9,-38.7],[146.8,-38.8],[146.7,-38.9],[146.4,-38.9],[146.3,-38.9],[146.4,-39.1],[146.5,-39.2],[145.9,-38.9],[145.5,-38.7],[145.5,-38.5],[145.5,-38.4],[145.3,-38.2],[145.0,-38.1],[144.8,-38.1],[144.6,-38.1],[144.4,-38.2],[144.7,-38.5],[144.3,-38.6],[143.9,-38.8],[143.5,-39.0],[143.4,-39.0],[143.1,-38.9],[142.7,-38.7],[142.4,-38.6],[141.9,-38.4],[141.7,-38.4],[141.6,-38.5],[141.5,-38.5],[141.2,-38.5],[141.1,-38.4],[141.0,-34.0]]]]}},{"type":"Feature","properties":{"NAME":"Queensland (UK)"},"geometry":{"type":"MultiPolygon","coordinates":[[[[153.4,-28.1],[152.5,-28.1],[152.0,-28.4],[152.2,-28.8],[151.8,-28.8],[151.6,-29.0],[151.0,-28.6],[150.4,-28.4],[149.6,-28.4],[149.0,-28.9],[141.0,-28.9],[141.0,-25.9],[137.9,-25.9],[137.9,-24.9],[138.1,-16.7],[138.3,-16.8],[138.4,-16.9],[138.6,-16.9],[139.0,-17.0],[139.1,-17.1],[139.2,-17.4],[139.5,-17.6],[139.8,-17.8],[140.1,-17.8],[140.2,-17.8],[140.4,-17.7],[140.7,-17.6],[140.8,-17.6],[141.1,-17.0],[141.3,-16.4],[141.4,-15.9],[141.5,-15.5],[141.7,-15.2],[141.7,-15.0],[141.5,-14.8],[141.5,-14.6],[141.6,-14.3],[141.7,-14.1],[141.6,-14.0],[141.5,-13.8],[141.6,-13.5],[141.6,-13.0],[141.7,-12.9],[141.8,-12.8],[141.9,-12.7],[141.7,-12.5],[141.7,-12.4],[142.0,-12.0],[142.1,-11.5],[142.1,-11.2],[142.2,-11.0],[142.3,-10.9],[142.6,-11.1],[142.7,-11.3],[142.8,-11.6],[142.8,-11.9],[142.9,-12.0],[143.1,-12.0],[143.2,-12.1],[143.0,-12.5],[143.3,-12.7],[143.4,-12.8],[143.4,-13.1],[143.5,-13.7],[143.5,-13.9],[143.7,-14.5],[143.9,-14.6],[144.1,-14.6],[144.2,-14.5],[144.4,-14.4],[144.5,-14.7],[144.7,-14.7],[144.9,-14.9],[145.1,-15.0],[145.2,-15.0],[145.2,-15.2],[145.2,-15.7],[145.3,-16.0],[145.3,-16.5],[145.5,-16.6],[145.9,-17.2],[146.0,-17.5],[146.0,-17.9],[145.9,-18.3],[146.1,-18.5],[146.2,-18.9],[146.3,-19.1],[146.9,-19.4],[147.1,-19.5],[147.4,-19.6],[147.6,-19.9],[148.0,-20.1],[148.2,-20.2],[148.7,-20.2],[148.8,-20.3],[148.7,-20.4],[148.6,-20.7],[148.7,-20.8],[149.1,-21.1],[149.2,-21.3],[149.4,-21.9],[149.5,-22.3],[149.6,-22.4],[149.7,-22.6],[150.0,-22.7],[149.9,-22.3],[150.4,-22.6],[150.6,-22.6],[150.7,-22.7],[150.8,-22.8],[150.8,-23.6],[151.2,-23.9],[151.5,-24.1],[151.7,-24.2],[151.9,-24.3],[152.0,-24.6],[152.1,-24.7],[152.3,-24.8],[152.4,-25.0],[152.4,-25.1],[152.5,-25.3],[152.5,-25.4],[152.8,-25.4],[152.8,-25.5],[152.9,-25.6],[153.1,-26.2],[153.1,-26.6],[153.1,-27.0],[153.0,-27.2],[152.9,-27.3],[153.3,-27.9],[153.4,-28.1]]]]}},{"type":"Feature","properties":{"NAME":"New South Wales (UK)"},"geometry":{"type":"MultiPolygon","coordinates":[[[[148.8,-38.0],[148.2,-37.5],[148.4,-36.9],[148.2,-36.4],[147.7,-35.9],[147.2,-36.0],[145.8,-36.0],[145.5,-35.8],[145.0,-35.7],[145.1,-36.0],[144.7,-36.0],[143.1,-34.6],[142.1,-34.1],[141.0,-34.0],[141.0,-28.9],[149.0,-28.9],[149.6,-28.4],[150.4,-28.4],[151.0,-28.6],[151.6,-29.0],[151.8,-28.8],[152.2,-28.8],[152.0,-28.4],[152.5,-28.1],[153.4,-28.1],[153.5,-28.5],[153.5,-28.8],[153.4,-29.2],[153.2,-29.9],[152.9,-30.7],[153.0,-31.1],[153.0,-31.4],[152.8,-31.8],[152.5,-32.2],[152.4,-32.5],[152.2,-32.9],[152.0,-33.0],[151.8,-33.0],[151.6,-33.2],[151.4,-33.5],[151.2,-34.2],[151.0,-34.5],[150.8,-34.7],[150.9,-35.0],[150.8,-35.3],[150.6,-35.4],[150.3,-35.5],[150.2,-35.7],[150.1,-36.2],[150.0,-36.6],[150.0,-37.0],[150.0,-37.3],[149.9,-37.6],[149.7,-37.8],[149.5,-37.9],[149.2,-38.0],[148.8,-38.0]]]]}},{"type":"Feature","properties":{"NAME":"Northern Territory (UK)"},"geometry":{"type":"MultiPolygon","coordinates":[[[[137.9,-24.9],[128.8,-24.9],[129.0,-14.9],[129.2,-15.0],[129.5,-15.2],[129.6,-15.3],[129.7,-15.1],[129.8,-14.9],[129.8,-14.8],[129.7,-14.7],[129.5,-14.5],[129.4,-14.4],[129.4,-14.3],[129.5,-14.3],[129.8,-14.0],[129.8,-13.8],[129.9,-13.7],[130.1,-13.6],[130.2,-13.5],[130.3,-13.4],[130.2,-13.3],[130.2,-13.1],[130.5,-12.8],[130.5,-12.7],[130.7,-12.7],[130.8,-12.7],[131.0,-12.6],[130.9,-12.4],[131.0,-12.3],[131.2,-12.2],[131.5,-12.4],[131.8,-12.4],[132.4,-12.3],[132.6,-12.3],[132.7,-12.2],[132.8,-12.2],[132.7,-12.1],[132.6,-11.7],[132.5,-11.6],[132.3,-11.5],[132.1,-11.5],[132.0,-11.5],[132.0,-11.4],[132.2,-11.3],[132.4,-11.3],[132.7,-11.5],[132.8,-11.6],[132.9,-11.5],[133.1,-11.7],[133.4,-11.9],[133.6,-12.0],[134.1,-12.1],[134.4,-12.1],[134.6,-12.1],[134.8,-12.1],[134.9,-12.3],[135.1,-12.4],[135.2,-12.4],[135.4,-12.2],[135.6,-12.2],[135.9,-12.4],[136.1,-12.6],[136.3,-12.5],[136.4,-12.2],[136.4,-12.1],[136.6,-12.3],[136.8,-12.4],[136.9,-12.4],[136.7,-12.6],[136.6,-12.8],[136.5,-12.9],[136.5,-13.1],[136.5,-13.2],[136.2,-13.2],[136.0,-13.3],[135.8,-13.5],[135.8,-13.7],[136.0,-13.9],[135.9,-14.2],[135.7,-14.5],[135.5,-14.7],[135.4,-14.9],[135.4,-15.0],[135.6,-15.2],[136.1,-15.4],[136.5,-15.8],[136.7,-16.0],[136.8,-16.1],[137.0,-16.0],[137.1,-16.0],[137.4,-16.2],[137.8,-16.4],[138.0,-16.6],[138.1,-16.7],[137.9,-24.9]]]]}},{"type":"Feature","properties":{"NAME":"Dominica"},"geometry":{"type":"MultiPolygon","coordinates":[[[[-61.4,15.2],[-61.4,15.3],[-61.4,15.4],[-61.5,15.5],[-61.5,15.6],[-61.4,15.6],[-61.3,15.6],[-61.3,15.5],[-61.3,15.3],[-61.3,15.2],[-61.4,15.2]]]]}},{"type":"Feature","properties":{"NAME":"France"},"geometry":{"type":"MultiPolygon","coordinates":[[[[-60.9,14.4],[-60.9,14.5],[-61.0,14.5],[-61.2,14.7],[-61.2,14.8],[-61.2,14.9],[-61.1,14.9],[-61.0,14.8],[-60.9,14.7],[-60.8,14.6],[-60.8,14.5],[-60.8,14.4],[-60.9,14.4]]]]}},{"type":"Feature","properties":{"NAME":"Montserrat"},"geometry":{"type":"MultiPolygon","coordinates":[[[[-62.2,16.7],[-62.2,16.8],[-62.1,16.8],[-62.1,16.7],[-62.2,16.7]]]]}},{"type":"Feature","properties":{"NAME":"Anguilla"},"geometry":{"type":"MultiPolygon","coordinates":[[[[-63.2,18.2],[-63.1,18.2],[-63.1,18.3],[-63.0,18.3],[-63.0,18.2],[-63.1,18.2],[-63.2,18.2]]]]}},{"type":"Feature","properties":{"NAME":"Saint Kitts and Nevis"},"geometry":{"type":"MultiPolygon","coordinates":[[[[-62.6,17.1],[-62.6,17.2],[-62.5,17.2],[-62.5,17.1],[-62.6,17.1]]],[[[-62.7,17.3],[-62.6,17.2],[-62.7,17.2],[-62.7,17.3],[-62.8,17.3],[-62.9,17.4],[-62.8,17.4],[-62.7,17.4],[-62.7,17.3]]]]}},{"type":"Feature","properties":{"NAME":"United States Virgin Islands"},"geometry":{"type":"MultiPolygon","coordinates":[[[[-64.8,17.8],[-64.7,17.8],[-64.7,17.7],[-64.7,17.8],[-64.6,17.8],[-64.6,17.7],[-64.7,17.7],[-64.8,17.7],[-64.9,17.7],[-64.9,17.8],[-64.8,17.8]]],[[[-64.7,18.3],[-64.8,18.3],[-64.7,18.4],[-64.7,18.3]]],[[[-64.8,18.3],[-64.9,18.3],[-65.0,18.3],[-65.0,18.4],[-64.9,18.4],[-64.8,18.3]]]]}},{"type":"Feature","properties":{"NAME":"Guadeloupe"},"geometry":{"type":"MultiPolygon","coordinates":[[[[-61.2,15.9],[-61.3,15.9],[-61.3,16.0],[-61.2,16.0],[-61.2,15.9]]],[[[-61.0,16.3],[-61.1,16.3],[-61.0,16.3],[-61.0,16.4],[-61.0,16.3]]],[[[-61.3,16.3],[-61.2,16.3],[-61.5,16.2],[-61.6,16.2],[-61.6,16.1],[-61.6,16.0],[-61.7,15.9],[-61.7,16.0],[-61.8,16.0],[-61.8,16.1],[-61.8,16.2],[-61.8,16.3],[-61.8,16.4],[-61.7,16.4],[-61.7,16.3],[-61.6,16.3],[-61.5,16.3],[-61.5,16.4],[-61.5,16.5],[-61.4,16.5],[-61.4,16.4],[-61.4,16.3],[-61.3,16.3]]],[[[-62.8,17.9],[-62.9,17.9],[-62.8,17.9]]]]}},{"type":"Feature","properties":{"NAME":"Netherlands Antilles"},"geometry":{"type":"MultiPolygon","coordinates":[[[[-68.2,12.2],[-68.2,12.1],[-68.2,12.0],[-68.3,12.0],[-68.3,12.1],[-68.3,12.2],[-68.4,12.2],[-68.4,12.3],[-68.2,12.2]]],[[[-69.0,12.2],[-68.9,12.2],[-68.8,12.2],[-68.8,12.1],[-68.7,12.0],[-68.8,12.0],[-69.0,12.1],[-69.1,12.2],[-69.1,12.3],[-69.2,12.3],[-69.2,12.4],[-69.1,12.4],[-69.1,12.3],[-69.0,12.3],[-69.0,12.2]]],[[[-63.0,17.5],[-62.9,17.5],[-63.0,17.5]]]]}},{"type":"Feature","properties":{"NAME":"Saint Martin"},"geometry":{"type":"MultiPolygon","coordinates":[[[[-63.0,18.1],[-63.1,18.1],[-63.0,18.1]]]]}},{"type":"Feature","properties":{"NAME":"Saint Barthelemy"},"geometry":{"type":"MultiPolygon","coordinates":[[[[-63.0,18.0],[-63.1,18.0],[-63.1,18.1],[-63.0,18.1],[-63.0,18.0]]]]}},{"type":"Feature","properties":{"NAME":null},"geometry":{"type":"MultiPolygon","coordinates":[[[[19.3,58.0],[19.3,57.9],[19.2,57.9],[19.1,57.9],[19.1,57.8],[19.1,57.9],[19.0,57.9],[19.1,58.0],[19.3,58.0]]]]}},{"type":"Feature","properties":{"NAME":null},"geometry":{"type":"MultiPolygon","coordinates":[[[[146.7,-43.7],[146.5,-43.6],[146.0,-43.4],[145.7,-43.2],[145.5,-42.9],[145.3,-42.7],[145.2,-42.5],[145.3,-42.5],[145.4,-42.5],[145.6,-42.6],[145.6,-42.5],[145.5,-42.3],[145.2,-42.0],[144.9,-41.7],[144.9,-41.6],[144.7,-41.2],[144.7,-40.9],[144.8,-40.8],[145.2,-41.0],[145.9,-41.1],[146.4,-41.3],[146.7,-41.3],[146.9,-41.2],[147.1,-41.2],[147.3,-41.2],[147.6,-41.2],[147.7,-41.0],[148.1,-40.9],[148.3,-41.1],[148.3,-41.5],[148.3,-41.8],[148.0,-42.5],[147.9,-42.8],[147.8,-43.0],[147.4,-43.1],[147.1,-43.3],[146.9,-43.6],[146.8,-43.7],[146.7,-43.7]]]]}},{"type":"Feature","properties":{"NAME":"United States of America"},"geometry":{"type":"MultiPolygon","coordinates":[[[[-72.3,41.1],[-72.4,41.1],[-72.6,40.9],[-72.5,40.9],[-72.4,40.9],[-72.4,41.0],[-72.3,41.0],[-72.1,41.0],[-72.0,41.0],[-72.0,41.1],[-71.9,41.1],[-72.1,41.0],[-72.4,40.9],[-72.5,40.8],[-72.7,40.8],[-72.8,40.8],[-72.9,40.8],[-73.0,40.8],[-73.1,40.7],[-73.4,40.7],[-73.6,40.6],[-73.7,40.6],[-73.6,40.6],[-73.7,40.6],[-73.8,40.6],[-73.9,40.6],[-73.8,40.6],[-73.8,40.7],[-73.9,40.7],[-73.9,40.6],[-74.0,40.6],[-74.0,40.7],[-73.9,40.8],[-73.8,40.8],[-73.7,40.9],[-73.6,40.9],[-73.5,40.9],[-73.4,40.9],[-73.2,40.9],[-73.1,40.9],[-73.1,41.0],[-73.0,41.0],[-72.9,41.0],[-72.8,41.0],[-72.6,41.0],[-72.5,41.0],[-72.5,41.1],[-72.4,41.1],[-72.3,41.2],[-72.2,41.2],[-72.2,41.1],[-72.3,41.1]]],[[[-74.2,40.5],[-74.2,40.6],[-74.1,40.7],[-74.1,40.6],[-74.1,40.5],[-74.2,40.5],[-73.9,40.4],[-74.2,39.8],[-74.3,39.6],[-74.4,39.6],[-74.4,39.5],[-74.4,39.4],[-74.5,39.4],[-74.7,39.1],[-74.9,39.0],[-75.0,39.0],[-74.9,39.2],[-74.9,39.3],[-75.1,39.2],[-75.3,39.4],[-75.4,39.4],[-75.5,39.7],[-75.4,39.8],[-75.3,39.9],[-75.5,39.8],[-75.6,39.7],[-75.4,39.3],[-75.4,39.1],[-75.2,38.9],[-75.1,38.8],[-75.0,38.5],[-75.1,38.4],[-75.2,38.3],[-75.4,38.0],[-75.6,37.6],[-75.7,37.6],[-75.9,37.3],[-75.9,37.2],[-76.0,37.2],[-76.0,37.3],[-75.9,37.7],[-75.8,37.8],[-75.7,37.9],[-75.6,38.0],[-75.7,38.0],[-75.9,38.0],[-75.7,38.2],[-75.8,38.1],[-75.9,38.2],[-75.9,38.3],[-75.8,38.3],[-75.8,38.4],[-76.0,38.3],[-76.2,38.4],[-76.3,38.5],[-76.2,38.6],[-76.0,38.6],[-76.0,38.7],[-76.3,38.8],[-76.3,38.7],[-76.4,38.7],[-76.3,38.9],[-76.2,38.8],[-76.1,38.8],[-76.2,38.9],[-76.3,39.0],[-76.3,39.1],[-76.1,39.1],[-76.1,39.2],[-76.2,39.2],[-76.3,39.2],[-76.2,39.4],[-75.9,39.4],[-76.0,39.5],[-75.9,39.6],[-76.1,39.6],[-76.1,39.5],[-76.2,39.4],[-76.2,39.5],[-76.3,39.5],[-76.2,39.4],[-76.3,39.4],[-76.3,39.5],[-76.4,39.3],[-76.6,39.3],[-76.4,39.1],[-76.5,38.8],[-76.5,38.7],[-76.4,38.5],[-76.4,38.4],[-76.6,38.5],[-76.7,38.6],[-76.7,38.5],[-76.6,38.4],[-76.4,38.3],[-76.3,38.1],[-76.6,38.3],[-76.8,38.3],[-76.8,38.4],[-76.9,38.4],[-76.9,38.3],[-77.1,38.5],[-77.3,38.5],[-77.2,38.6],[-77.1,38.7],[-77.2,38.7],[-77.3,38.5],[-77.2,38.4],[-77.0,38.4],[-76.9,38.3],[-76.5,38.1],[-76.3,38.0],[-76.2,37.9],[-76.3,37.7],[-76.4,37.7],[-76.9,38.1],[-76.6,37.7],[-76.3,37.6],[-76.4,37.6],[-76.3,37.5],[-76.2,37.5],[-76.3,37.4],[-76.4,37.5],[-76.4,37.4],[-76.4,37.3],[-76.5,37.3],[-76.8,37.6],[-76.6,37.3],[-76.5,37.3],[-76.4,37.3],[-76.3,37.2],[-76.3,37.1],[-76.4,37.0],[-76.6,37.3],[-76.9,37.4],[-76.9,37.3],[-76.7,37.2],[-76.5,37.0],[-76.5,36.9],[-76.3,36.9],[-76.3,37.0],[-76.0,36.9],[-75.9,36.8],[-75.7,36.2],[-75.5,35.9],[-75.6,35.9],[-75.7,36.1],[-75.9,36.6],[-76.0,36.8],[-76.0,36.6],[-75.9,36.6],[-75.9,36.5],[-76.0,36.6],[-76.0,36.4],[-75.9,36.4],[-75.8,36.1],[-75.9,36.2],[-76.0,36.3],[-76.0,36.2],[-76.2,36.4],[-76.2,36.3],[-76.1,36.2],[-76.2,36.2],[-76.4,36.2],[-76.3,36.2],[-76.5,36.1],[-76.6,36.1],[-76.7,36.2],[-76.7,36.3],[-76.7,36.4],[-76.8,36.3],[-76.7,36.2],[-76.7,36.1],[-76.7,36.0],[-76.3,36.0],[-76.1,36.0],[-76.0,36.0],[-76.1,35.9],[-76.1,35.7],[-76.0,35.7],[-76.0,35.8],[-75.9,36.0],[-75.8,36.0],[-75.7,35.9],[-75.7,35.7],[-75.8,35.6],[-75.9,35.6],[-75.9,35.7],[-76.0,35.5],[-76.1,35.4],[-76.4,35.4],[-76.5,35.5],[-76.6,35.6],[-76.6,35.5],[-76.9,35.5],[-77.1,35.6],[-77.0,35.5],[-76.9,35.5],[-76.5,35.3],[-76.7,35.2],[-76.6,35.2],[-76.7,35.1],[-76.8,35.0],[-77.1,35.2],[-77.0,35.0],[-76.8,35.0],[-76.6,35.0],[-76.5,35.0],[-76.4,35.1],[-76.4,35.0],[-76.3,35.0],[-76.5,34.8],[-76.6,34.8],[-77.3,34.7],[-77.7,34.3],[-77.9,34.0],[-78.0,33.9],[-78.4,33.9],[-78.6,33.8],[-78.9,33.7],[-79.2,33.5],[-79.3,33.3],[-79.3,33.1],[-79.7,32.8],[-80.0,32.6],[-80.2,32.5],[-80.6,32.5],[-80.7,32.2],[-80.8,32.1],[-81.2,31.6],[-81.3,31.3],[-81.5,30.7],[-81.4,30.1],[-81.2,29.7],[-81.0,29.3],[-80.6,28.6],[-80.4,27.8],[-80.2,27.2],[-80.3,27.2],[-80.1,27.1],[-80.1,26.9],[-80.0,26.6],[-80.2,25.9],[-80.2,25.7],[-80.4,25.5],[-80.3,25.4],[-80.3,25.2],[-80.5,25.0],[-80.4,25.1],[-80.5,25.2],[-80.6,25.2],[-80.7,25.1],[-80.9,25.2],[-81.1,25.1],[-81.2,25.3],[-81.1,25.4],[-81.4,25.9],[-81.7,25.9],[-81.8,26.1],[-81.9,26.4],[-82.1,26.6],[-82.1,26.9],[-82.3,26.8],[-82.6,27.3],[-82.8,27.5],[-82.6,27.5],[-82.5,27.7],[-82.4,27.8],[-82.5,27.9],[-82.7,27.7],[-82.8,27.8],[-82.8,28.1],[-82.7,28.4],[-82.6,28.9],[-82.8,29.1],[-82.9,29.2],[-83.1,29.2],[-83.5,29.7],[-83.9,30.0],[-84.1,30.1],[-84.3,30.1],[-84.6,30.0],[-84.8,29.8],[-85.3,29.7],[-85.4,29.8],[-85.5,30.0],[-85.6,30.2],[-85.7,30.2],[-86.1,30.2],[-86.3,30.4],[-86.4,30.5],[-86.6,30.4],[-87.1,30.4],[-87.4,30.4],[-87.4,30.3],[-87.7,30.3],[-87.8,30.3],[-88.0,30.7],[-88.1,30.3],[-88.3,30.4],[-88.6,30.4],[-89.2,30.4],[-89.5,30.2],[-89.7,30.2],[-90,30.4],[-90,30.1],[-90,30.0],[-89.9,30.1],[-89.7,30.1],[-89.4,29.9],[-89.7,29.7],[-89.7,29.6],[-89.6,29.4],[-89.3,29.4],[-89.2,29.3],[-89.0,29.1],[-89.3,29.1],[-89.5,29.1],[-89.6,29.3],[-90.0,29.4],[-90,29.5],[-90,29.4],[-90,29.3],[-90,29.2],[-90,29.1],[-91.2,29.3],[-91.4,29.5],[-92.0,29.8],[-92.2,29.8],[-92.0,29.6],[-92.1,29.5],[-92.5,29.6],[-92.6,29.6],[-93.0,29.7],[-93.4,29.8],[-94.1,29.7],[-94.4,29.5],[-94.6,29.5],[-94.8,29.6],[-94.9,29.8],[-95.0,29.8],[-95.1,29.7],[-94.8,29.3],[-95.2,29.1],[-95.6,28.8],[-96.0,28.7],[-96.2,28.6],[-96.4,28.7],[-96.7,28.7],[-96.8,28.6],[-96.6,28.4],[-96.7,28.2],[-96.8,28.2],[-97.1,28.1],[-97.4,28.0],[-97.6,27.9],[-97.3,27.8],[-97.3,27.7],[-97.6,27.4],[-97.6,27.2],[-97.6,26.8],[-97.6,26.6],[-97.5,26.2],[-97.3,25.8],[-97.4,25.9],[-97.8,26.0],[-97.9,26.0],[-98.1,26.0],[-98.2,26.0],[-98.7,26.3],[-99.1,26.4],[-99.3,26.6],[-99.4,26.8],[-99.6,27.3],[-99.6,27.5],[-99.7,27.6],[-100.0,27.8],[-100.4,28.3],[-100.7,28.9],[-101.0,29.3],[-101.2,29.5],[-101.4,29.6],[-101.7,29.7],[-101.9,29.8],[-102.2,29.8],[-102.4,29.7],[-102.7,29.4],[-102.9,29.3],[-103.0,29.1],[-103.2,29.0],[-103.4,29.0],[-103.6,29.1],[-104.1,29.3],[-104.6,29.6],[-104.8,29.8],[-104.9,30.2],[-105.0,30.5],[-105.1,30.6],[-105.4,30.8],[-105.8,31.1],[-106.2,31.4],[-106.5,31.7],[-107.4,31.7],[-108.2,31.7],[-108.3,31.3],[-108.4,31.3],[-109.2,31.3],[-109.6,31.3],[-110.3,31.3],[-111.1,31.3],[-111.2,31.3],[-112.8,31.8],[-114.1,32.3],[-114.6,32.4],[-114.7,32.5],[-114.9,32.6],[-116.0,32.6],[-117.0,32.5],[-117.2,32.5],[-117.2,32.6],[-117.3,32.7],[-117.3,32.8],[-117.3,32.7],[-117.3,32.8],[-117.3,33.1],[-117.5,33.3],[-117.7,33.5],[-118.0,33.7],[-118.2,33.8],[-118.3,33.8],[-118.4,33.8],[-118.5,33.9],[-118.5,34.0],[-118.6,34.1],[-118.7,34.1],[-118.9,34.1],[-119.3,34.2],[-119.4,34.4],[-119.6,34.5],[-119.8,34.5],[-120.2,34.5],[-120.5,34.5],[-120.6,34.6],[-120.7,34.6],[-120.7,34.7],[-120.7,34.8],[-120.7,35.0],[-120.7,35.2],[-120.8,35.2],[-120.9,35.3],[-120.9,35.4],[-120.9,35.5],[-121.1,35.6],[-121.2,35.7],[-121.4,35.8],[-121.6,36.1],[-121.7,36.1],[-121.7,36.2],[-121.9,36.3],[-122.0,36.6],[-122.0,36.7],[-121.9,36.7],[-121.8,36.9],[-121.9,37.0],[-122.0,37.0],[-122.1,37.0],[-122.3,37.1],[-122.5,37.3],[-122.5,37.4],[-122.5,37.5],[-122.6,37.6],[-122.6,37.8],[-122.5,37.9],[-122.5,37.8],[-122.4,37.8],[-122.5,37.7],[-122.4,37.7],[-122.3,37.6],[-122.2,37.5],[-122.1,37.5],[-122.3,37.8],[-122.4,37.9],[-122.4,38.0],[-122.5,38.0],[-122.5,38.2],[-122.6,38.1],[-122.5,37.9],[-122.6,37.9],[-122.7,38.0],[-122.8,38.0],[-123.0,38.1],[-123.1,38.3],[-123.2,38.5],[-123.5,38.7],[-123.7,39.0],[-123.8,39.0],[-123.7,39.1],[-123.9,39.4],[-123.8,39.6],[-123.9,39.8],[-124.0,40.0],[-124.4,40.3],[-124.4,40.5],[-124.4,40.8],[-124.3,41.0],[-124.2,41.2],[-124.2,41.6],[-124.2,41.9],[-124.3,42.1],[-124.6,42.6],[-124.6,43.0],[-124.6,43.1],[-124.5,43.3],[-124.3,43.3],[-124.1,43.7],[-124.3,43.9],[-124.3,44.1],[-124.2,44.5],[-124.1,44.8],[-124.1,45.0],[-124.0,45.3],[-124.0,45.7],[-124.0,45.8],[-124.1,45.8],[-124.0,45.9],[-124.1,46.0],[-124.0,46.0],[-124.0,46.1],[-124.0,46.2],[-124.1,46.3],[-123.9,46.2],[-123.8,46.3],[-123.9,46.3],[-124.2,46.4],[-124.1,46.7],[-124.2,46.8],[-124.2,46.9],[-123.9,47.0],[-124.1,47.1],[-124.2,47.1],[-124.2,47.0],[-124.3,47.5],[-124.7,48.1],[-124.7,48.3],[-124.7,48.4],[-124.4,48.3],[-124.1,48.2],[-123.8,48.2],[-123.5,48.2],[-123.3,48.2],[-123.1,48.2],[-122.8,48.0],[-122.8,47.8],[-123.0,47.6],[-123.2,47.5],[-122.9,47.4],[-122.9,47.3],[-122.7,47.3],[-122.7,47.4],[-122.7,47.5],[-122.5,47.6],[-122.4,47.9],[-122.3,48.1],[-122.4,48.3],[-122.5,48.7],[-122.6,48.8],[-122.9,49.1],[-122.8,49.1],[-121.7,49.1],[-121.1,49.1],[-119.0,49.1],[-117.2,49.1],[-115.9,49.1],[-115.2,49.1],[-112.9,49.1],[-112.5,49.1],[-110.7,49.1],[-110.2,49.1],[-108.5,49.1],[-108.1,49.1],[-106.4,49.1],[-104.3,49.1],[-104.0,49.1],[-102.7,49.1],[-101.7,49.1],[-100.5,49.0],[-99.1,49.1],[-98.2,49.0],[-97.6,49.1],[-96.3,49.0],[-95.1,49.1],[-94.8,49.1],[-95.0,49.3],[-95.1,49.5],[-94.8,49.5],[-94.4,49.2],[-94.3,49.0],[-94.1,48.8],[-93.7,48.6],[-93.5,48.6],[-92.8,48.5],[-92.8,48.4],[-92.7,48.4],[-92.6,48.2],[-92.5,48.3],[-92.3,48.3],[-92.1,48.2],[-91.9,48.2],[-91.9,48.1],[-91.7,48.0],[-91.4,48.1],[-91.3,48.1],[-91.1,48.2],[-90,48.2],[-90,48.1],[-90,48.0],[-89.9,48.0],[-89.6,48.0],[-89.8,47.9],[-90.5,47.7],[-91.2,47.4],[-91.9,46.9],[-92.3,46.7],[-92.3,46.6],[-92.2,46.6],[-92.2,46.7],[-92.1,46.7],[-92.2,46.7],[-92.1,46.7],[-92.0,46.7],[-91.9,46.7],[-91.6,46.8],[-91.1,46.9],[-90.8,46.9],[-90.8,46.8],[-90.9,46.7],[-90.9,46.6],[-90.8,46.6],[-90.7,46.7],[-90.8,46.7],[-90.7,46.7],[-90.5,46.6],[-90.3,46.6],[-90.0,46.8],[-89.7,46.8],[-89.5,46.8],[-89.3,46.9],[-89.1,47.0],[-88.8,47.1],[-88.6,47.3],[-88.3,47.4],[-88.1,47.5],[-87.9,47.5],[-87.8,47.4],[-87.9,47.4],[-88.0,47.3],[-88.2,47.2],[-88.3,47.1],[-88.4,47.0],[-88.5,46.9],[-88.5,46.8],[-88.4,46.8],[-88.2,46.9],[-88.3,46.9],[-88.3,46.8],[-88.2,46.9],[-88.1,46.9],[-88.0,46.9],[-87.9,46.9],[-87.8,46.9],[-87.6,46.8],[-87.5,46.7],[-87.4,46.6],[-87.3,46.5],[-87.1,46.5],[-86.9,46.5],[-86.7,46.4],[-86.5,46.5],[-86.3,46.6],[-86.0,46.7],[-85.7,46.7],[-85.4,46.7],[-85.1,46.7],[-85.0,46.7],[-85.0,46.6],[-84.9,46.5],[-84.7,46.5],[-84.7,46.4],[-84.4,46.5],[-84.4,46.4],[-84.3,46.3],[-83.9,46.2],[-83.8,46.2],[-83.8,46.1],[-83.9,46.2],[-83.9,46.1],[-83.9,46.0],[-84.0,46.0],[-84.1,46.0],[-84.4,46.0],[-84.6,46.0],[-84.7,46.0],[-84.7,45.9],[-84.6,45.8],[-84.4,45.7],[-84.2,45.6],[-84.1,45.5],[-83.9,45.5],[-83.6,45.4],[-83.4,45.3],[-83.3,45.1],[-83.3,45.0],[-83.4,45.1],[-83.4,45.0],[-83.3,44.9],[-83.3,44.8],[-83.3,44.6],[-83.3,44.4],[-83.4,44.3],[-83.5,44.3],[-83.5,44.2],[-83.6,44.1],[-83.6,44.0],[-83.8,44.0],[-83.9,43.9],[-83.9,43.8],[-83.9,43.7],[-83.7,43.6],[-83.6,43.7],[-83.4,43.8],[-83.3,43.9],[-83.4,43.9],[-83.3,44.0],[-83.1,44.0],[-82.9,44.1],[-82.8,44.0],[-82.7,44.0],[-82.7,43.8],[-82.6,43.6],[-82.5,43.2],[-82.4,43.0],[-82.3,43.0],[-82.4,42.8],[-82.5,42.6],[-82.7,42.5],[-83.0,42.2],[-83.1,42.1],[-83.1,42.0],[-83.1,42.1],[-83.2,42.1],[-83.2,42.0],[-83.3,42.0],[-83.3,41.9],[-83.4,41.9],[-83.4,41.8],[-83.4,41.7],[-83.2,41.7],[-83.0,41.6],[-82.9,41.5],[-82.9,41.6],[-82.8,41.6],[-82.9,41.5],[-82.8,41.5],[-82.7,41.5],[-82.8,41.5],[-83.0,41.5],[-83.0,41.4],[-82.9,41.4],[-82.8,41.5],[-82.7,41.5],[-82.6,41.4],[-82.4,41.4],[-82.1,41.5],[-81.9,41.5],[-81.8,41.5],[-81.6,41.6],[-81.4,41.7],[-81.0,41.8],[-80.6,42.0],[-80.1,42.2],[-79.6,42.4],[-79.2,42.6],[-79.0,42.7],[-78.9,42.8],[-78.9,42.9],[-79.0,42.9],[-79.1,42.9],[-79.1,43.0],[-79.1,43.2],[-78.8,43.3],[-78.5,43.4],[-78.2,43.4],[-78.0,43.4],[-77.8,43.3],[-77.7,43.3],[-77.6,43.2],[-77.5,43.2],[-77.4,43.3],[-77.2,43.3],[-77.0,43.2],[-76.9,43.2],[-77.0,43.3],[-76.9,43.3],[-76.7,43.3],[-76.5,43.5],[-76.4,43.5],[-76.3,43.5],[-76.2,43.6],[-76.2,43.7],[-76.3,43.8],[-76.3,43.9],[-76.2,43.9],[-76.1,44.0],[-76.2,44.0],[-76.1,44.0],[-76.1,44.1],[-76.2,44.1],[-76.3,44.0],[-76.3,44.1],[-76.1,44.2],[-76.0,44.3],[-76.1,44.3],[-75.5,44.6],[-75.2,44.8],[-74.8,45.0],[-74.0,45.0],[-72.9,45.0],[-72.0,45.0],[-71.5,45.0],[-71.5,45.1],[-71.3,45.3],[-71.1,45.4],[-70.6,45.3],[-70.1,45.9],[-69.6,46.9],[-69.3,47.2],[-69.0,47.5],[-68.9,47.4],[-68.7,47.3],[-68.5,47.2],[-68.3,47.3],[-68.0,47.3],[-67.8,47.2],[-67.7,47.0],[-67.6,45.8],[-67.6,45.7],[-67.3,45.6],[-67.2,45.6],[-67.2,45.5],[-67.3,45.5],[-67.3,45.3],[-67.3,45.2],[-67.2,45.3],[-67.0,45.0],[-67.2,44.9],[-67.0,44.9],[-66.9,44.9],[-67.2,44.7],[-67.4,44.7],[-67.5,44.7],[-67.5,44.6],[-67.6,44.6],[-67.7,44.7],[-67.9,44.6],[-67.9,44.5],[-68.0,44.5],[-68.1,44.4],[-68.1,44.6],[-68.5,44.4],[-68.6,44.5],[-68.5,44.3],[-68.8,44.4],[-68.7,44.6],[-68.8,44.6],[-68.9,44.4],[-69.1,44.1],[-69.2,44.0],[-69.4,44.1],[-69.5,43.9],[-69.7,43.9],[-69.6,44.1],[-69.8,44.0],[-69.7,43.9],[-69.8,43.8],[-70.0,43.8],[-69.9,43.9],[-70.2,43.8],[-70.2,43.6],[-70.3,43.6],[-70.4,43.5],[-70.5,43.4],[-70.7,43.1],[-70.9,42.9],[-70.8,42.8],[-70.8,42.7],[-70.7,42.7],[-70.6,42.7],[-70.9,42.6],[-70.8,42.6],[-71.0,42.4],[-71.1,42.4],[-70.9,42.3],[-70.8,42.3],[-70.5,42.0],[-70.5,41.8],[-70.3,41.8],[-70.0,41.9],[-70.0,42.0],[-70.1,42.0],[-70.2,42.1],[-70.1,42.1],[-70.0,42.1],[-69.9,41.9],[-69.9,41.7],[-70.6,41.6],[-70.7,41.8],[-70.8,41.7],[-70.8,41.6],[-70.9,41.7],[-71.0,41.6],[-71.0,41.5],[-71.2,41.5],[-71.2,41.7],[-71.1,41.8],[-71.3,41.8],[-71.4,41.8],[-71.4,41.7],[-71.4,41.4],[-72.1,41.4],[-72.9,41.3],[-73.4,41.1],[-73.7,41.0],[-73.8,40.9],[-73.9,40.9],[-74.0,40.8],[-73.9,41.1],[-73.9,41.2],[-74.1,40.7],[-74.1,40.8],[-74.3,40.6],[-74.2,40.5]],[[-87.6,41.9],[-87.6,41.8],[-87.5,41.7],[-87.4,41.6],[-87.2,41.6],[-87.0,41.7],[-86.8,41.8],[-86.7,41.9],[-86.5,42.0],[-86.4,42.2],[-86.3,42.4],[-86.2,42.6],[-86.2,42.8],[-86.2,43.0],[-86.3,43.2],[-86.5,43.5],[-86.5,43.7],[-86.5,43.8],[-86.5,43.9],[-86.5,44.0],[-86.5,44.1],[-86.3,44.3],[-86.3,44.4],[-86.3,44.6],[-86.2,44.7],[-86.1,44.7],[-86.1,44.8],[-86.1,44.9],[-86.0,44.9],[-85.9,44.9],[-85.7,45.0],[-85.6,45.1],[-85.5,45.2],[-85.6,45.1],[-85.6,45.0],[-85.6,44.9],[-85.6,44.8],[-85.5,44.9],[-85.6,44.8],[-85.5,44.8],[-85.4,44.9],[-85.4,45.0],[-85.4,45.2],[-85.3,45.3],[-85.0,45.4],[-85.1,45.5],[-85.1,45.6],[-85.0,45.7],[-85.0,45.8],[-84.8,45.8],[-84.8,45.9],[-84.9,46.0],[-85.1,46.0],[-85.4,46.1],[-85.6,46.1],[-85.6,46.0],[-85.8,46.0],[-86.1,45.9],[-86.3,45.9],[-86.3,45.8],[-86.4,45.8],[-86.5,45.7],[-86.6,45.7],[-86.6,45.6],[-86.7,45.7],[-86.6,45.7],[-86.6,45.8],[-86.5,45.9],[-86.6,45.9],[-86.7,45.9],[-86.8,45.8],[-86.9,45.7],[-87.0,45.7],[-87.0,45.9],[-87.0,45.8],[-87.2,45.6],[-87.5,45.3],[-87.6,45.1],[-87.6,45.0],[-87.7,45.0],[-87.8,44.9],[-87.9,44.9],[-87.9,44.8],[-88.0,44.7],[-88.0,44.6],[-87.9,44.6],[-87.8,44.6],[-87.7,44.7],[-87.6,44.8],[-87.5,44.9],[-87.4,44.9],[-87.3,44.8],[-87.4,44.7],[-87.5,44.4],[-87.5,44.3],[-87.5,44.2],[-87.6,44.1],[-87.7,44.0],[-87.7,43.9],[-87.7,43.7],[-87.8,43.6],[-87.9,43.4],[-87.9,43.2],[-87.9,43.1],[-87.9,43.0],[-87.8,42.8],[-87.8,42.7],[-87.8,42.4],[-87.8,42.2],[-87.7,42.0],[-87.6,41.9]]],[[[-168.6,53.4],[-168.5,53.4],[-168.4,53.5],[-168.2,53.6],[-168.0,53.5],[-167.9,53.3],[-168.0,53.3],[-168.4,53.2],[-168.5,53.3],[-168.6,53.4]]],[[[-166.8,54.0],[-166.6,54.0],[-166.4,53.9],[-166.5,53.7],[-166.6,53.7],[-166.6,53.6],[-166.7,53.5],[-166.9,53.5],[-167.0,53.7],[-167.1,53.9],[-166.8,54.0]]],[[[-132.2,55.3],[-132.2,54.8],[-133.0,55.4],[-133.3,55.6],[-133.3,55.8],[-133.5,56.2],[-133.5,56.3],[-133.3,56.2],[-133.2,56.1],[-132.6,55.9],[-132.6,55.8],[-132.7,55.6],[-132.6,55.5],[-132.2,55.3]]],[[[-134.9,56.5],[-135.2,56.8],[-135.5,57.2],[-135.5,57.3],[-135.4,57.4],[-135.3,57.4],[-135.0,57.3],[-134.8,56.9],[-134.8,56.8],[-134.8,56.7],[-134.9,56.5]]],[[[-163.6,55.0],[-163.4,54.9],[-163.2,54.7],[-163.3,54.7],[-163.6,54.6],[-164.1,54.7],[-164.2,54.6],[-164.4,54.4],[-164.6,54.3],[-164.9,54.4],[-165.0,54.5],[-164.8,54.7],[-164.6,54.8],[-164.1,54.9],[-163.7,55.1],[-163.6,55.0]]],[[[-162.7,55.1],[-162.8,55.0],[-163.0,54.9],[-163.2,55.0],[-163.3,55.2],[-163.1,55.3],[-162.8,55.2],[-162.7,55.1]]],[[[-160.4,55.6],[-160.5,55.5],[-160.9,55.6],[-161.1,55.6],[-161.6,55.5],[-161.7,55.4],[-162.2,55.1],[-162.5,55.1],[-162.6,55.3],[-162.6,55.4],[-162.2,55.5],[-162.1,55.6],[-161.8,55.8],[-161.6,55.8],[-161.3,55.9],[-160.7,55.8],[-160.4,55.7],[-160.4,55.6]]],[[[-171.0,63.7],[-170.7,63.7],[-170.5,63.7],[-170.1,63.6],[-169.3,63.4],[-169.1,63.3],[-169.1,63.2],[-169.4,63.3],[-169.7,63.2],[-169.9,63.1],[-170.6,63.4],[-171.0,63.5],[-171.3,63.5],[-171.7,63.5],[-171.9,63.5],[-172.1,63.6],[-172.0,63.7],[-171.7,63.8],[-171.2,63.7],[-171.0,63.7]]],[[[-154.3,57.5],[-154.2,57.6],[-153.9,57.5],[-153.7,57.4],[-153.5,57.5],[-153.4,57.6],[-153.4,57.8],[-153.2,57.8],[-152.7,57.8],[-152.4,57.6],[-152.4,57.5],[-152.7,57.5],[-152.9,57.5],[-153.2,57.4],[-153.3,57.3],[-153.5,57.1],[-153.7,57.0],[-153.9,56.9],[-154.2,57.0],[-154.6,57.1],[-154.7,57.2],[-154.6,57.4],[-154.3,57.5]]],[[[-136.4,58.1],[-136.3,58.2],[-136.0,58.2],[-135.7,58.0],[-135.3,58.1],[-135.1,57.7],[-135.1,57.6],[-135.5,57.7],[-135.8,57.8],[-135.8,57.6],[-135.8,57.5],[-136.2,57.7],[-136.6,57.9],[-136.4,58.1]]],[[[-130.7,55.5],[-130.9,55.8],[-131.1,55.9],[-131.2,56.0],[-131.8,56.0],[-132.0,56.0],[-132.0,55.9],[-132.3,55.9],[-132.3,56.1],[-132.2,56.3],[-132.1,56.3],[-132.3,56.5],[-132.6,56.7],[-132.9,57.0],[-133.2,57.2],[-133.4,57.2],[-133.3,57.4],[-133.6,57.6],[-133.6,57.7],[-133.5,57.8],[-133.5,57.9],[-133.6,58.0],[-133.8,58.0],[-134.0,58.1],[-134.1,58.2],[-134.4,58.4],[-134.8,58.6],[-135.0,58.9],[-135.1,59.2],[-135.3,59.3],[-135.5,59.3],[-135.5,59.0],[-135.3,58.6],[-135.3,58.4],[-135.6,58.4],[-135.7,58.5],[-136.0,58.7],[-136.1,58.9],[-136.4,58.8],[-136.9,58.9],[-136.4,58.6],[-136.4,58.5],[-137.1,58.4],[-137.6,58.6],[-138.2,59.0],[-138.4,59.2],[-138.7,59.2],[-138.8,59.2],[-139.2,59.3],[-139.8,59.5],[-139.4,59.6],[-139.3,59.7],[-139.4,59.8],[-139.6,59.9],[-139.9,59.8],[-140.1,59.8],[-140.4,59.8],[-140.9,59.8],[-141.4,59.9],[-141.4,60.0],[-141.4,60.1],[-141.6,60.1],[-141.7,60.1],[-142.0,60.0],[-142.4,60.0],[-143.1,60.1],[-144.1,60.1],[-144.4,60.1],[-144.5,60.1],[-144.8,60.3],[-145.0,60.6],[-145.1,60.5],[-145.5,60.4],[-145.9,60.5],[-146.0,60.7],[-146.2,60.7],[-146.6,60.8],[-147.3,60.9],[-147.6,61.1],[-147.9,61.2],[-148.2,61.1],[-148.5,61.1],[-148.5,60.9],[-148.6,60.8],[-148.7,60.7],[-148.8,60.5],[-148.3,60.4],[-148.3,60.3],[-148.3,60.1],[-148.5,59.9],[-148.7,59.9],[-149.1,60.0],[-149.3,60.0],[-149.6,60.0],[-150.0,59.7],[-150.5,59.6],[-150.9,59.4],[-151.4,59.2],[-151.9,59.2],[-151.8,59.3],[-151.8,59.4],[-151.4,59.5],[-151.5,59.7],[-151.8,59.9],[-151.8,60.0],[-151.4,60.3],[-151.2,60.5],[-151.2,60.7],[-150.8,60.8],[-150.4,60.9],[-149.9,60.9],[-149.4,60.9],[-149.3,60.9],[-149.9,61.1],[-150.3,61.3],[-150.8,61.3],[-150.9,61.2],[-151.1,61.2],[-151.3,61.0],[-151.7,60.8],[-152.2,60.7],[-152.6,60.4],[-152.7,60.3],[-152.9,60.3],[-152.8,60.1],[-152.9,59.9],[-153.2,59.7],[-153.4,59.7],[-153.7,59.6],[-154.0,59.5],[-154.3,59.2],[-154.3,59.1],[-154.1,59.0],[-154.0,59.0],[-153.7,59.0],[-153.5,58.9],[-153.5,58.8],[-153.7,58.6],[-154.0,58.6],[-154.2,58.4],[-154.4,58.2],[-154.6,58.1],[-155.0,58.0],[-155.6,57.9],[-155.9,57.7],[-156.4,57.6],[-156.7,57.4],[-156.5,57.2],[-156.5,57.1],[-157.0,56.9],[-157.4,56.8],[-157.7,56.8],[-158.0,56.7],[-158.5,56.4],[-158.6,56.4],[-158.7,56.2],[-159.1,56.0],[-159.6,55.9],[-160.2,55.8],[-160.6,56.0],[-160.5,56.2],[-160.1,56.3],[-160.0,56.4],[-159.8,56.6],[-159.2,56.8],[-158.6,56.7],[-158.7,56.8],[-158.7,57.1],[-158.5,57.2],[-158.1,57.3],[-157.8,57.5],[-157.7,57.6],[-157.7,57.9],[-157.6,58.3],[-157.2,58.5],[-157.2,58.7],[-157.1,58.9],[-157.4,58.8],[-158.0,58.7],[-158.3,58.7],[-158.5,59.0],[-158.6,59.0],[-158.9,58.9],[-159.0,58.8],[-158.9,58.6],[-158.9,58.5],[-158.9,58.4],[-159.1,58.5],[-159.4,58.6],[-159.6,58.8],[-159.8,58.9],[-160.1,59.0],[-160.4,59.0],[-160.8,59.0],[-160.8,58.9],[-161.1,58.7],[-161.6,58.7],[-161.9,58.7],[-162.0,58.8],[-162.1,59.3],[-161.9,59.5],[-162.0,59.7],[-162.4,60.2],[-163.0,60.0],[-163.4,59.9],[-163.5,59.8],[-164.0,59.8],[-164.2,59.9],[-164.4,60.1],[-164.6,60.2],[-165.0,60.4],[-165.1,60.5],[-165.0,60.6],[-164.8,60.8],[-164.5,60.8],[-163.9,60.6],[-163.6,60.6],[-163.5,60.7],[-163.7,60.9],[-163.9,61.0],[-164.1,61.0],[-164.3,60.9],[-164.5,60.9],[-165.1,61.2],[-165.4,61.3],[-165.5,61.3],[-165.9,61.3],[-166.2,61.7],[-165.8,61.8],[-165.8,62.0],[-165.6,62.1],[-165.5,62.3],[-165.4,62.4],[-165.0,62.7],[-164.9,62.8],[-164.7,63.0],[-164.5,63.2],[-164.3,63.2],[-164.0,63.2],[-163.5,63.1],[-163.3,63.0],[-163.0,63.1],[-162.8,63.2],[-162.5,63.4],[-161.9,63.5],[-161.6,63.5],[-161.1,63.6],[-161.0,63.6],[-160.9,63.9],[-161.0,64.2],[-161.4,64.5],[-160.9,64.5],[-160.8,64.6],[-160.9,64.8],[-161.1,64.9],[-161.3,65.0],[-162.1,64.8],[-162.6,64.6],[-162.8,64.5],[-163.0,64.4],[-163.9,64.6],[-164.3,64.6],[-164.6,64.6],[-165.2,64.5],[-165.7,64.6],[-166.3,64.6],[-166.6,64.7],[-166.7,65.1],[-166.6,65.2],[-166.3,65.2],[-165.9,65.2],[-165.7,65.2],[-166.1,65.4],[-167.0,65.5],[-167.6,65.6],[-168.2,65.7],[-168.1,65.7],[-167.7,65.9],[-167.0,66.0],[-166.4,66.1],[-166.0,66.2],[-165.5,66.4],[-165.1,66.5],[-164.5,66.6],[-163.8,66.5],[-163.9,66.3],[-163.8,66.2],[-163.4,66.1],[-162.8,66.1],[-162.3,66.1],[-162.0,66.1],[-161.6,66.2],[-161.4,66.4],[-161.3,66.4],[-160.9,66.4],[-160.6,66.3],[-160.1,66.3],[-160.0,66.5],[-160.0,66.6],[-160.3,66.6],[-161.2,66.7],[-161.8,66.7],[-161.9,67.1],[-162.6,67.2],[-163.0,67.2],[-163.7,67.2],[-163.8,67.4],[-164.0,67.6],[-164.5,67.8],[-164.7,67.9],[-165.9,68.2],[-166.8,68.4],[-166.7,68.5],[-166.3,68.7],[-166.3,68.9],[-165.3,68.9],[-164.9,68.9],[-164.1,69.1],[-163.7,69.2],[-163.5,69.5],[-163.2,69.8],[-162.9,70.0],[-162.5,70.2],[-162.2,70.3],[-161.7,70.3],[-161.2,70.4],[-160.7,70.5],[-159.9,70.4],[-159.8,70.5],[-159.9,70.6],[-160.2,70.8],[-160.2,70.9],[-159.4,70.9],[-158.9,70.9],[-158.4,70.9],[-157.8,71.0],[-157.3,71.2],[-156.9,71.3],[-156.5,71.4],[-156.3,71.3],[-156.0,71.2],[-156.0,71.1],[-156.1,71.1],[-156.1,70.9],[-155.7,70.9],[-155.5,70.9],[-155.2,71.0],[-155.1,71.1],[-154.5,71.0],[-153.8,71.0],[-153.3,70.9],[-153.0,70.9],[-152.7,70.8],[-152.5,70.7],[-152.1,70.5],[-151.9,70.5],[-151.7,70.5],[-151.1,70.5],[-150.6,70.5],[-149.9,70.5],[-149.3,70.5],[-148.7,70.5],[-148.1,70.4],[-147.7,70.3],[-146.2,70.3],[-145.6,70.2],[-145.3,70.1],[-144.4,70.1],[-143.3,70.2],[-142.8,70.1],[-141.7,69.7],[-141.2,69.6],[-141.1,69.6],[-141.0,69.4],[-141.0,68.1],[-141.0,67.1],[-141.0,66.0],[-140.9,64.8],[-140.9,63.8],[-140.9,61.8],[-140.9,60.9],[-140.9,60.4],[-140.8,60.3],[-140.4,60.2],[-139.3,60.3],[-139.0,60.3],[-138.9,60.1],[-138.8,59.9],[-138.6,59.8],[-137.6,59.2],[-137.2,58.9],[-137.1,59.0],[-136.7,59.1],[-136.2,59.4],[-135.9,59.6],[-135.6,59.7],[-135.3,59.7],[-135.1,59.6],[-134.9,59.4],[-134.8,59.2],[-133.9,58.7],[-133.5,58.4],[-132.7,57.6],[-132.0,56.8],[-131.7,56.6],[-131.6,56.6],[-131.2,56.5],[-130.3,56.1],[-130.1,56.0],[-130.2,55.6],[-130.0,55.3],[-130.1,55.1],[-130.3,55.1],[-130.4,55.0],[-130.5,54.9],[-130.7,55.0],[-130.8,55.1],[-130.7,55.3],[-130.7,55.5]]]]}},{"type":"Feature","properties":{"NAME":"Italy"},"geometry":{"type":"MultiPolygon","coordinates":[[[[13.0,37.5],[12.6,37.6],[12.5,37.6],[12.5,37.8],[12.5,37.9],[12.7,38.1],[12.8,38.1],[13.1,38.1],[13.3,38.2],[13.6,38.0],[13.8,38.0],[14.1,38.0],[14.8,38.1],[15.4,38.2],[15.5,38.2],[15.5,38.1],[15.4,38.1],[15.2,37.7],[15.1,37.5],[15.1,37.3],[15.3,37.1],[15.2,37.0],[15.0,36.7],[14.9,36.7],[14.6,36.8],[14.2,37.0],[13.9,37.2],[13.0,37.5]]],[[[8.4,39.3],[8.5,39.6],[8.5,39.9],[8.5,40.2],[8.4,40.5],[8.2,40.7],[8.2,40.8],[8.2,40.9],[8.4,40.9],[8.8,40.9],[8.9,40.9],[9.3,41.2],[9.6,40.9],[9.8,40.6],[9.8,40.4],[9.7,40.3],[9.6,40.1],[9.7,39.7],[9.6,39.5],[9.5,39.1],[9.3,39.2],[9.1,39.2],[9.0,39.2],[8.9,39.1],[8.8,39.0],[8.7,39.0],[8.6,39.1],[8.4,39.2],[8.4,39.3]]],[[[13.6,45.7],[13.4,45.6],[13.4,45.7],[13.2,45.7],[13.1,45.6],[12.9,45.6],[12.4,45.4],[12.5,45.5],[12.3,45.4],[12.3,45.3],[12.2,45.3],[12.2,45.2],[12.3,45.2],[12.3,45.0],[12.4,45.0],[12.5,44.9],[12.5,44.8],[12.4,44.7],[12.3,44.7],[12.3,44.6],[12.3,44.3],[12.5,44.1],[12.7,43.9],[13.6,43.5],[13.7,43.4],[13.8,43.1],[13.9,42.9],[14.1,42.6],[14.4,42.4],[14.5,42.2],[14.7,42.1],[14.7,42.0],[14.9,42.0],[15.4,41.9],[16.0,41.9],[16.2,41.8],[16.2,41.7],[16.0,41.6],[15.9,41.5],[16.0,41.4],[16.4,41.3],[16.9,41.1],[17.3,40.9],[18.0,40.6],[18.1,40.5],[18.4,40.3],[18.5,40.1],[18.4,39.9],[18.4,39.7],[18.2,39.9],[18.0,39.9],[18.0,40.2],[17.8,40.2],[17.6,40.3],[17.4,40.3],[17.2,40.4],[17.2,40.5],[17.1,40.5],[16.9,40.5],[16.8,40.4],[16.7,40.2],[16.6,40.1],[16.6,40.0],[16.5,39.8],[16.5,39.7],[16.9,39.5],[17.1,39.4],[17.1,39.3],[17.1,39.1],[17.2,39.0],[17.1,38.9],[16.8,38.9],[16.6,38.8],[16.5,38.7],[16.6,38.5],[16.3,38.3],[16.1,37.9],[15.8,37.9],[15.7,37.9],[15.6,38.0],[15.6,38.2],[15.8,38.3],[15.9,38.5],[15.8,38.6],[16.0,38.7],[16.2,38.7],[16.2,38.8],[16.2,38.9],[16.1,39.0],[16.0,39.4],[15.8,39.7],[15.8,39.9],[15.7,40.1],[15.5,40.1],[15.4,40.0],[15.0,40.2],[14.9,40.2],[15.0,40.4],[15.0,40.6],[14.7,40.7],[14.3,40.6],[14.5,40.7],[14.4,40.9],[14.2,40.9],[14.1,40.8],[13.9,41.0],[13.9,41.1],[13.8,41.2],[13.5,41.3],[13.3,41.3],[13.0,41.4],[12.6,41.5],[12.4,41.7],[12.0,42.0],[11.5,42.4],[11.1,42.5],[10.7,42.9],[10.5,43.2],[10.3,43.6],[10.3,43.7],[10.2,43.9],[10.1,43.9],[9.9,44.1],[9.8,44.2],[9.7,44.2],[9.2,44.4],[8.9,44.4],[8.7,44.4],[8.2,44.1],[8.0,44.0],[7.7,43.9],[7.6,43.9],[7.4,43.8],[7.4,43.9],[6.9,43.8],[6.9,43.9],[7.0,43.9],[6.9,44.0],[7.0,44.0],[7.0,44.1],[6.9,44.1],[6.8,44.1],[6.8,44.2],[6.8,44.3],[6.9,44.3],[6.8,44.5],[6.9,44.7],[7.0,44.7],[6.9,44.9],[6.7,45.0],[6.5,45.1],[6.3,45.2],[6.2,45.3],[6.3,45.3],[6.2,45.3],[6.1,45.3],[6.1,45.4],[6.0,45.3],[6.1,45.2],[5.9,45.3],[5.8,45.4],[5.8,45.5],[5.9,45.5],[5.9,45.7],[5.9,45.8],[5.9,46.0],[5.9,46.2],[6.1,46.1],[6.4,46.3],[6.4,46.4],[6.5,46.4],[6.6,46.4],[6.7,46.4],[6.8,46.4],[6.9,46.1],[7.0,45.9],[7.2,45.9],[7.5,46.0],[7.8,45.9],[7.9,46.0],[8.1,46.2],[8.0,46.3],[8.4,46.5],[8.4,46.3],[8.6,46.1],[8.8,46.1],[8.7,46.0],[8.9,45.9],[9.0,45.9],[9.0,46.2],[9.2,46.3],[9.2,46.5],[9.4,46.5],[9.4,46.4],[9.5,46.3],[9.6,46.3],[9.7,46.4],[9.9,46.4],[10.0,46.3],[10.1,46.4],[10.0,46.5],[10.0,46.6],[10.2,46.7],[10.2,46.6],[10.4,46.6],[10.4,46.7],[10.3,46.7],[10.4,46.9],[10.6,46.7],[10.6,46.3],[10.5,46.2],[10.5,45.7],[10.7,45.8],[10.8,45.6],[10.9,45.8],[11.2,45.7],[11.2,46.0],[11.3,46.0],[11.6,46.0],[11.6,46.2],[11.9,46.4],[11.7,46.8],[12.1,46.9],[12.2,46.9],[12.4,46.7],[13.0,46.6],[13.4,46.6],[13.6,46.5],[13.6,46.4],[13.3,46.3],[13.4,46.2],[13.5,46.2],[13.6,46.1],[13.4,46.0],[13.6,46.0],[13.5,45.8],[13.6,45.7]]],[[[6.8,46.5],[6.7,46.5],[6.8,46.5]]]]}},{"type":"Feature","properties":{"NAME":"Austria Hungary"},"geometry":{"type":"MultiPolygon","coordinates":[[[[22.5,50.4],[23.1,50.4],[24.1,50.6],[24.4,50.6],[25.2,50.3],[25.2,50.2],[25.4,50.0],[25.5,49.8],[25.7,49.8],[26.3,49.8],[26.2,49.1],[26.5,48.6],[26.1,48.6],[26.4,48.1],[26.1,48.1],[26.1,47.9],[25.8,48.0],[25.4,47.9],[25.2,47.7],[25.7,47.6],[26.3,47.2],[26.2,46.8],[25.9,46.7],[25.7,46.4],[25.4,46.3],[25.5,45.8],[24.9,46.0],[24.4,45.9],[24.1,46.1],[23.8,46.1],[23.6,45.9],[23.3,46.1],[23.0,45.9],[22.5,45.7],[22.3,45.0],[22.4,44.8],[22.3,44.7],[22.2,44.6],[22.1,44.5],[21.9,44.6],[21.9,44.7],[21.6,44.7],[21.6,44.8],[21.5,44.8],[21.4,44.8],[21.0,44.8],[20.4,44.7],[20.2,44.9],[20.0,44.7],[19.7,44.7],[19.6,44.9],[19.4,44.9],[19.3,44.9],[19.2,44.9],[19.1,44.9],[19.0,44.9],[18.9,44.8],[18.8,44.9],[18.8,45.0],[18.7,45.0],[18.7,45.1],[18.6,45.1],[18.5,45.1],[18.4,45.1],[18.3,45.1],[18.2,45.1],[18.1,45.1],[18.0,45.1],[17.9,45.1],[17.9,45.0],[17.8,45.1],[17.7,45.1],[17.6,45.1],[17.5,45.1],[17.4,45.1],[17.3,45.2],[17.2,45.1],[17.2,45.2],[17.1,45.2],[17.0,45.2],[16.9,45.2],[16.8,45.2],[16.7,45.2],[16.6,45.2],[16.5,45.2],[16.4,45.1],[16.3,45.0],[16.1,45.1],[16.1,45.2],[16.0,45.2],[15.9,45.2],[15.8,45.2],[15.8,45.1],[15.8,45.0],[15.8,44.9],[15.7,44.8],[15.8,44.8],[15.9,44.7],[16.0,44.7],[16.0,44.6],[16.1,44.5],[16.1,44.4],[16.2,44.4],[16.2,44.3],[16.2,44.2],[16.3,44.2],[16.3,44.1],[16.4,44.0],[16.5,44.0],[16.7,43.8],[16.8,43.7],[17.0,43.6],[17.1,43.5],[17.2,43.5],[17.3,43.4],[17.3,43.3],[17.4,43.2],[17.5,43.2],[17.5,43.1],[17.6,43.1],[17.5,42.9],[17.1,43.2],[17.0,43.3],[16.6,43.4],[16.5,43.5],[16.4,43.5],[16.1,43.4],[15.9,43.7],[15.4,43.9],[15.1,44.2],[15.3,44.2],[15.5,44.2],[15.3,44.3],[15.0,44.5],[14.9,44.7],[14.9,44.9],[14.8,45.1],[14.6,45.3],[14.5,45.3],[14.4,45.3],[14.2,45.1],[14.2,45.0],[14.2,44.9],[14.1,44.9],[14.0,44.8],[13.9,44.8],[13.7,45.1],[13.6,45.1],[13.5,45.5],[13.6,45.5],[13.8,45.6],[13.7,45.7],[13.6,45.7],[13.5,45.8],[13.6,46.0],[13.4,46.0],[13.6,46.1],[13.5,46.2],[13.4,46.2],[13.3,46.3],[13.6,46.4],[13.6,46.5],[13.4,46.6],[13.0,46.6],[12.4,46.7],[12.2,46.9],[12.1,46.9],[11.7,46.8],[11.9,46.4],[11.6,46.2],[11.6,46.0],[11.3,46.0],[11.2,46.0],[11.2,45.7],[10.9,45.8],[10.8,45.6],[10.7,45.8],[10.5,45.7],[10.5,46.2],[10.6,46.3],[10.6,46.7],[10.4,46.9],[10.4,47.0],[10.3,47.0],[10.1,46.9],[9.8,47.0],[9.5,47.1],[9.6,47.2],[9.5,47.3],[9.6,47.4],[9.5,47.5],[9.6,47.5],[9.7,47.5],[9.8,47.5],[9.7,47.6],[9.7,47.5],[9.7,47.6],[9.8,47.6],[9.9,47.6],[9.9,47.5],[10.0,47.5],[10.0,47.4],[10.1,47.4],[10.1,47.3],[10.2,47.3],[10.4,47.5],[10.4,47.6],[10.5,47.6],[10.6,47.6],[10.8,47.5],[10.9,47.5],[10.9,47.4],[11.2,47.4],[11.3,47.5],[11.4,47.5],[11.5,47.5],[11.6,47.6],[12.1,47.6],[12.2,47.7],[12.4,47.7],[12.7,47.7],[12.8,47.6],[12.7,47.6],[12.9,47.5],[13.0,47.5],[13.0,47.7],[12.8,47.7],[12.9,47.9],[12.7,48.1],[12.9,48.2],[13.3,48.4],[13.4,48.4],[13.4,48.6],[13.6,48.5],[13.9,48.7],[13.7,48.9],[13.7,49.0],[13.6,49.0],[13.5,49.0],[13.4,49.1],[13.2,49.2],[12.9,49.4],[12.6,49.5],[12.5,49.6],[12.5,49.7],[12.4,49.7],[12.5,49.9],[12.6,50.0],[12.4,50.0],[12.3,50.2],[12.2,50.2],[12.3,50.3],[12.5,50.4],[12.6,50.4],[12.8,50.5],[13.0,50.5],[13.0,50.6],[13.2,50.6],[13.2,50.7],[13.4,50.7],[13.5,50.7],[13.5,50.8],[13.9,50.8],[14.1,50.9],[14.3,50.9],[14.4,50.9],[14.3,51.0],[14.5,51.1],[14.6,51.0],[14.6,50.9],[14.8,50.9],[15.0,50.9],[15.0,51.0],[15.0,51.1],[15.2,51.1],[15.3,51.0],[15.3,50.9],[15.5,50.8],[15.6,50.8],[15.8,50.8],[15.9,50.7],[16.0,50.7],[16.2,50.7],[16.4,50.7],[16.4,50.6],[16.3,50.6],[16.2,50.5],[16.5,50.4],[16.6,50.2],[16.7,50.1],[16.8,50.2],[17.0,50.3],[16.9,50.4],[16.9,50.5],[17.0,50.5],[17.2,50.4],[17.4,50.3],[17.7,50.3],[17.6,50.2],[17.7,50.2],[17.7,50.1],[17.8,50.0],[17.9,50.0],[18.0,50.1],[18.2,50.0],[18.5,50.0],[18.7,50.0],[18.8,50.2],[19.3,50.3],[19.9,50.2],[20.3,50.1],[20.8,50.4],[21.2,50.4],[21.9,50.8],[22.4,50.7],[22.5,50.4]]]]}},{"type":"Feature","properties":{"NAME":null},"geometry":{"type":"MultiPolygon","coordinates":[[[[14.7,44.9],[14.6,45.0],[14.5,45.0],[14.4,45.1],[14.5,45.1],[14.5,45.2],[14.6,45.2],[14.7,45.1],[14.8,45.0],[14.8,44.9],[14.7,44.9]]],[[[14.5,44.8],[14.5,44.7],[14.5,44.6],[14.4,44.7],[14.4,44.8],[14.3,44.8],[14.3,44.9],[14.4,44.9],[14.4,45.0],[14.3,45.1],[14.3,45.2],[14.4,45.2],[14.4,45.1],[14.4,45.0],[14.5,45.0],[14.5,44.9],[14.4,44.9],[14.5,44.8]]],[[[14.8,44.8],[14.9,44.7],[14.8,44.7],[14.7,44.8],[14.7,44.9],[14.7,44.8],[14.8,44.8]]],[[[14.5,44.5],[14.4,44.6],[14.3,44.7],[14.4,44.7],[14.4,44.6],[14.5,44.5]]]]}},{"type":"Feature","properties":{"NAME":"Colombia"},"geometry":{"type":"MultiPolygon","coordinates":[[[[-82.2,9.2],[-82.2,9.0],[-82.1,9.0],[-81.8,9.0],[-81.7,9.1],[-81.5,8.9],[-81.2,8.8],[-81.0,8.9],[-80.4,9.2],[-80.1,9.2],[-79.5,9.6],[-79.3,9.6],[-79.0,9.5],[-78.6,9.5],[-78.3,9.4],[-78.0,9.2],[-77.7,9.0],[-77.5,8.7],[-77.4,8.6],[-77.2,8.5],[-77.1,8.2],[-77.0,8.0],[-76.9,7.9],[-76.8,8.0],[-76.7,8.1],[-76.9,8.5],[-76.8,8.6],[-76.8,8.7],[-76.6,8.8],[-76.4,9.0],[-76.2,9.3],[-76.0,9.4],[-75.7,9.4],[-75.6,9.6],[-75.7,9.8],[-75.6,10.1],[-75.5,10.4],[-75.5,10.6],[-75.2,10.8],[-75.0,11.0],[-74.8,11.1],[-74.7,11.1],[-74.5,11.0],[-74.4,10.8],[-74.3,10.9],[-74.3,11.1],[-74.2,11.4],[-74.1,11.4],[-74.0,11.3],[-73.6,11.3],[-73.4,11.3],[-73.1,11.4],[-73.0,11.6],[-72.8,11.7],[-72.4,11.8],[-72.2,12.0],[-72.1,12.2],[-71.9,12.4],[-71.7,12.4],[-71.4,12.4],[-71.2,12.3],[-71.1,12.2],[-71.1,12.1],[-71.2,11.9],[-71.2,12.0],[-71.6,11.9],[-71.9,11.8],[-72.1,11.7],[-72.1,11.6],[-72.1,11.4],[-72.1,11.2],[-72.2,11.2],[-72.4,11.2],[-72.8,10.4],[-72.9,10.1],[-73.0,9.7],[-73.3,9.2],[-73.2,9.2],[-73.1,9.2],[-72.9,9.2],[-72.7,9.0],[-72.4,8.3],[-72.3,8.1],[-72.4,7.6],[-72.4,7.5],[-72.2,7.3],[-72.0,7.1],[-71.8,7.0],[-71.6,7.0],[-71.1,7.0],[-70.5,7.1],[-70.3,7.0],[-70.0,6.8],[-69.9,6.7],[-69.6,6.3],[-69.3,6.0],[-69.2,6.0],[-69.0,6.1],[-68.7,6.1],[-67.8,6.2],[-67.5,6.2],[-67.7,6.0],[-67.7,5.5],[-67.9,5.3],[-67.9,5.1],[-67.9,5.0],[-67.9,4.8],[-67.9,4.7],[-67.8,4.3],[-67.6,3.9],[-67.5,3.8],[-67.3,3.5],[-67.2,3.3],[-67.6,3.1],[-67.8,2.8],[-67.5,2.6],[-67.2,2.1],[-67.1,2.0],[-67.1,1.8],[-67.0,1.4],[-66.9,1.2],[-66.8,1.0],[-67.1,0.9],[-66.7,-2.8],[-67.3,-2.6],[-67.8,-3.1],[-68.0,-3.4],[-69.2,-3.5],[-69.4,-4.1],[-69.9,-4.4],[-69.8,-4.3],[-69.9,-4.2],[-69.9,-4.1],[-70.2,-3.8],[-70.3,-3.8],[-70.4,-3.8],[-70.6,-3.8],[-70.1,-2.9],[-70.1,-2.8],[-70.7,-2.4],[-70.9,-2.3],[-71.2,-2.5],[-71.4,-2.4],[-71.7,-2.2],[-71.9,-2.4],[-72.0,-2.5],[-72.2,-2.5],[-72.7,-2.5],[-73.0,-2.5],[-73.0,-2.3],[-73.0,-2.1],[-73.1,-2.0],[-73.3,-2.0],[-73.5,-1.9],[-73.5,-1.8],[-73.6,-1.5],[-74.0,-1.2],[-74.3,-1.0],[-74.4,-0.7],[-74.5,-0.6],[-74.7,-0.4],[-75.1,-0.2],[-75.5,-0.1],[-75.6,-0.1],[-75.7,-0.0],[-75.8,0.0],[-76.1,0.3],[-76.5,0.2],[-76.9,0.1],[-77.3,0.3],[-77.4,0.4],[-77.5,0.6],[-77.6,0.7],[-78.3,1.0],[-78.9,1.4],[-79.0,1.6],[-79.1,1.7],[-79.0,1.8],[-78.8,1.8],[-78.6,1.8],[-78.5,1.9],[-78.6,2.2],[-78.6,2.4],[-78.5,2.5],[-78.1,2.5],[-78.0,2.5],[-77.8,2.6],[-77.6,2.9],[-77.4,3.3],[-77.1,3.8],[-77.2,3.9],[-77.4,4.1],[-77.4,4.2],[-77.3,4.5],[-77.3,4.7],[-77.3,5.1],[-77.5,5.5],[-77.5,5.6],[-77.2,5.7],[-77.2,5.8],[-77.2,5.9],[-77.5,6.1],[-77.5,6.2],[-77.4,6.3],[-77.3,6.4],[-77.3,6.5],[-77.4,6.7],[-77.7,7.0],[-77.9,7.2],[-78.1,7.5],[-78.3,7.9],[-78.3,8.1],[-78.2,8.2],[-78.1,8.2],[-77.8,8.2],[-77.9,8.3],[-78.0,8.3],[-78.0,8.6],[-78.2,8.4],[-78.4,8.4],[-78.5,8.6],[-78.5,8.7],[-78.6,8.8],[-78.7,8.7],[-78.8,8.9],[-78.8,8.8],[-78.9,8.9],[-79.1,9.0],[-79.3,9.0],[-79.5,8.9],[-79.7,8.9],[-79.7,8.7],[-79.7,8.6],[-80.0,8.5],[-80.1,8.4],[-80.3,8.4],[-80.4,8.2],[-80.4,8.1],[-80.3,7.9],[-80.1,7.7],[-80.0,7.6],[-80.0,7.5],[-80.1,7.5],[-80.2,7.5],[-80.4,7.3],[-80.7,7.3],[-80.8,7.3],[-80.9,7.3],[-80.9,7.4],[-81.0,7.8],[-81.1,7.9],[-81.2,7.6],[-81.6,7.8],[-81.7,8.2],[-81.8,8.1],[-82.2,8.2],[-82.4,8.3],[-82.7,8.3],[-82.8,8.3],[-83.0,8.0],[-82.9,8.3],[-83.0,8.4],[-82.8,8.6],[-82.9,8.8],[-82.7,9.0],[-82.9,9.1],[-82.9,9.4],[-82.9,9.5],[-82.8,9.6],[-82.6,9.5],[-82.6,9.6],[-82.3,9.4],[-82.2,9.2]]]]}},{"type":"Feature","properties":{"NAME":"Bulgaria"},"geometry":{"type":"MultiPolygon","coordinates":[[[[27.5,42.4],[26.9,42.3],[24.2,42.3],[22.4,42.7],[22.4,42.8],[22.6,43.1],[22.3,43.7],[22.3,43.8],[22.4,43.9],[22.5,44.1],[22.7,44.3],[22.9,44.2],[23.0,44.1],[22.9,44.0],[22.9,43.9],[23.1,43.9],[23.4,44.0],[23.6,44.0],[24.2,43.8],[24.3,43.8],[24.6,43.9],[24.8,43.9],[25.4,43.8],[25.5,43.8],[26.4,44.2],[26.6,44.2],[26.7,44.3],[26.9,44.2],[27.2,44.1],[27.4,44.1],[27.6,43.9],[28.2,43.8],[28.5,43.7],[28.5,43.6],[28.4,43.5],[28.3,43.4],[28.2,43.5],[28.0,43.4],[27.9,43.1],[27.9,42.8],[27.8,42.7],[27.7,42.7],[27.5,42.5],[27.5,42.4]]]]}},{"type":"Feature","properties":{"NAME":"Ottoman Empire"},"geometry":{"type":"MultiPolygon","coordinates":[[[[24.7,35.0],[24.7,35.1],[24.3,35.2],[24.0,35.2],[23.8,35.3],[23.6,35.3],[23.5,35.3],[23.5,35.6],[23.7,35.6],[23.7,35.7],[23.7,35.6],[23.9,35.6],[24.0,35.5],[24.0,35.6],[24.1,35.6],[24.2,35.6],[24.1,35.5],[24.2,35.5],[24.2,35.4],[24.4,35.4],[24.8,35.4],[25.0,35.4],[25.1,35.3],[25.4,35.3],[25.5,35.3],[25.7,35.3],[25.7,35.2],[25.7,35.1],[25.8,35.1],[25.9,35.2],[26.1,35.2],[26.2,35.2],[26.3,35.3],[26.2,35.2],[26.2,35.1],[26.2,35.0],[25.9,35.0],[25.7,35.0],[25.6,35.0],[24.7,34.9],[24.7,35.0]]],[[[24.3,40.2],[24.2,40.1],[24.1,40.3],[24.0,40.3],[23.9,40.3],[23.8,40.4],[23.7,40.3],[23.6,40.3],[23.7,40.3],[23.7,40.2],[23.8,40.2],[23.9,40.2],[23.9,40.1],[23.9,40.0],[23.8,40.0],[23.6,40.2],[23.4,40.3],[23.3,40.3],[23.3,40.2],[23.4,40.1],[23.4,40.0],[23.5,40.0],[23.6,40.0],[23.6,39.9],[23.4,40.0],[23.3,40.0],[23.2,40.2],[23.1,40.3],[23.0,40.3],[22.7,40.5],[22.9,40.5],[22.9,40.6],[22.9,40.7],[22.8,40.7],[22.7,40.6],[22.5,40.5],[22.3,40.5],[22.3,40.7],[22.0,40.6],[22.0,40.3],[21.4,40.3],[21.2,39.9],[20.9,39.9],[20.3,39.3],[20.2,39.4],[20.1,39.6],[20.0,39.8],[19.8,40.0],[19.4,40.3],[19.5,40.3],[19.5,40.4],[19.3,40.6],[19.5,40.9],[19.4,41.0],[19.5,41.2],[19.4,41.3],[19.5,41.5],[19.6,41.6],[19.6,41.8],[19.7,42.2],[19.8,42.5],[19.9,42.5],[20.0,42.5],[20.1,42.6],[20.1,42.7],[20.0,42.7],[20.1,42.8],[20.2,42.7],[20.2,42.8],[20.3,42.8],[20.4,42.8],[20.4,42.9],[21.1,42.8],[21.1,42.5],[22.3,42.7],[22.4,42.7],[24.2,42.3],[26.9,42.3],[27.5,42.4],[27.6,42.4],[27.7,42.3],[27.7,42.2],[27.9,42.1],[27.9,42.0],[28.0,41.9],[28.0,41.8],[28.1,41.6],[28.4,41.4],[28.7,41.3],[29.0,41.3],[29.1,41.2],[29.0,41.0],[28.8,40.9],[28.6,40.9],[28.2,41.1],[28.0,41.0],[27.9,41.0],[27.5,41.0],[27.3,40.8],[27.3,40.7],[26.9,40.5],[26.6,40.4],[26.5,40.3],[26.4,40.2],[26.3,40.1],[26.1,40.0],[26.2,40.2],[26.2,40.3],[26.5,40.4],[26.6,40.5],[26.5,40.6],[26.4,40.6],[26.1,40.6],[26.0,40.7],[26.0,40.9],[25.6,40.9],[25.3,40.9],[25.0,41.0],[24.8,40.9],[24.7,40.9],[24.5,40.9],[24.5,41.0],[24.4,41.0],[24.2,40.8],[24.0,40.7],[23.9,40.7],[23.7,40.8],[23.6,40.8],[23.6,40.7],[23.7,40.6],[23.8,40.5],[23.9,40.5],[24.3,40.2]]],[[[33.5,34.8],[33.1,34.7],[33.0,34.7],[32.9,34.6],[32.9,34.5],[32.8,34.5],[32.8,34.6],[32.6,34.6],[32.4,34.7],[32.3,34.7],[32.3,34.8],[32.2,34.9],[32.1,35.0],[32.2,35.1],[32.2,35.0],[32.3,35.0],[32.5,35.2],[32.6,35.2],[32.7,35.1],[32.8,35.2],[32.8,35.3],[32.8,35.4],[33.1,35.3],[33.4,35.3],[33.5,35.3],[33.9,35.4],[34.2,35.6],[34.5,35.6],[34.2,35.5],[34.0,35.4],[33.8,35.2],[33.8,35.1],[33.9,35.0],[33.8,35.0],[33.7,34.9],[33.5,34.9],[33.5,34.8]]],[[[44.1,12.6],[43.8,12.7],[43.6,12.8],[43.6,12.9],[43.5,12.9],[43.3,13.1],[43.3,13.2],[43.4,13.6],[43.3,13.9],[43.2,14.1],[43.1,14.6],[42.8,15.5],[42.8,15.7],[42.9,16.0],[42.8,16.3],[42.8,16.4],[42.8,16.6],[42.5,17.1],[42.2,17.5],[42.0,17.7],[41.6,18.0],[41.4,18.4],[41.0,19.3],[40.8,19.7],[40.7,19.9],[40.3,20.1],[39.8,20.4],[39.5,20.7],[39.2,21.2],[39.1,21.7],[39.1,22.0],[39.1,22.4],[39.1,22.6],[38.9,22.9],[38.5,23.6],[38.3,23.8],[38.0,24.1],[37.8,24.2],[37.6,24.3],[37.4,24.4],[37.2,24.7],[37.3,25.0],[37.2,25.2],[37.0,25.5],[36.7,26.0],[36.3,26.4],[35.8,27.1],[35.6,27.5],[35.4,27.7],[35.1,28.1],[34.9,28.1],[34.8,28.1],[34.8,28.2],[34.9,28.4],[35.0,28.9],[35.1,29.2],[35.1,29.3],[35.1,29.4],[35.0,29.5],[35.0,29.4],[34.9,29.4],[34.8,29.2],[34.5,28.7],[34.4,28.1],[34.3,27.8],[34.2,27.8],[34.1,27.8],[33.9,28.0],[33.5,28.3],[33.3,28.6],[33.2,29.0],[32.9,29.2],[32.8,29.5],[32.7,29.7],[32.6,29.9],[32.6,31.0],[32.8,31.0],[33.0,31.1],[33.1,31.1],[33.3,31.0],[33.6,31.0],[33.7,31.0],[33.9,31.1],[34.1,31.2],[34.2,31.2],[34.5,31.6],[34.6,31.8],[34.7,32.0],[34.8,32.3],[34.8,32.7],[34.9,32.7],[35.0,32.7],[35.0,32.8],[35.0,32.9],[35.1,33.1],[35.1,33.2],[35.2,33.3],[35.4,33.6],[35.3,33.7],[35.4,33.7],[35.5,33.8],[35.5,34.0],[35.5,34.1],[35.7,34.3],[35.8,34.3],[35.9,34.4],[35.9,34.5],[35.8,34.7],[35.8,35.0],[35.8,35.3],[35.6,35.4],[35.7,35.5],[35.7,35.6],[35.7,35.7],[35.9,35.8],[35.8,35.9],[35.7,36.1],[35.7,36.2],[35.8,36.3],[36.1,36.5],[36.1,36.6],[36.0,36.7],[35.9,36.8],[35.7,36.6],[35.6,36.6],[35.5,36.6],[35.5,36.5],[35.5,36.4],[35.4,36.4],[35.4,36.5],[35.4,36.4],[35.2,36.4],[35.1,36.5],[34.9,36.6],[34.7,36.6],[34.5,36.6],[34.1,36.4],[34.0,36.3],[34.0,36.2],[33.9,36.1],[33.8,36.1],[33.5,36.1],[33.2,36.0],[32.9,36.0],[32.6,36.0],[32.3,36.1],[31.9,36.5],[31.4,36.7],[30.9,36.8],[30.6,36.8],[30.5,36.6],[30.5,36.4],[30.5,36.2],[30.4,36.1],[30.3,36.1],[30.2,36.2],[29.7,36.1],[29.5,36.1],[29.3,36.2],[29.0,36.7],[28.8,36.5],[28.5,36.7],[28.3,36.7],[28.0,36.5],[27.9,36.7],[27.9,36.8],[28.1,36.8],[28.0,36.9],[27.6,36.9],[27.3,36.9],[27.3,37.0],[27.5,37.1],[27.5,37.2],[27.4,37.3],[27.2,37.4],[27.1,37.5],[27.1,37.6],[27.2,37.8],[27.1,37.9],[27.0,37.9],[26.7,38.1],[26.5,38.1],[26.4,38.1],[26.4,38.2],[26.5,38.4],[26.7,38.3],[27.0,38.4],[26.8,38.5],[26.8,38.6],[26.7,38.6],[26.7,38.7],[27.0,38.8],[27.0,38.9],[26.9,38.9],[26.8,38.9],[26.8,39.0],[26.9,39.1],[26.8,39.1],[26.7,39.2],[26.7,39.3],[26.6,39.3],[26.7,39.3],[26.9,39.5],[27.0,39.5],[26.8,39.6],[26.5,39.5],[26.1,39.4],[26.1,39.5],[26.1,39.6],[26.1,39.7],[26.1,39.9],[26.2,40.0],[26.3,40.0],[26.4,40.2],[26.5,40.2],[26.8,40.4],[27.0,40.4],[27.1,40.4],[27.3,40.5],[27.3,40.4],[27.4,40.3],[27.5,40.3],[27.8,40.3],[27.8,40.4],[27.7,40.5],[27.8,40.5],[28.0,40.5],[27.9,40.4],[28.0,40.4],[28.5,40.4],[28.8,40.4],[28.9,40.4],[29.1,40.3],[29.1,40.4],[29.1,40.5],[28.9,40.5],[28.8,40.5],[28.9,40.6],[29.5,40.7],[29.7,40.7],[29.9,40.7],[29.7,40.8],[29.4,40.7],[29.3,40.7],[29.3,40.8],[29.0,41.0],[29.2,41.2],[29.6,41.2],[30.1,41.1],[30.3,41.2],[30.7,41.0],[31.2,41.1],[31.4,41.2],[31.4,41.3],[31.7,41.4],[31.9,41.5],[32.4,41.7],[32.7,41.8],[33.2,41.9],[33.6,42.0],[33.9,42.0],[34.3,41.9],[34.7,41.9],[35.0,42.0],[35.1,41.8],[35.3,41.7],[35.4,41.6],[35.7,41.6],[36.0,41.7],[36.2,41.4],[36.4,41.2],[36.6,41.3],[36.8,41.3],[37.3,41.0],[37.8,41.0],[38.3,40.9],[38.7,40.9],[39.1,41.0],[39.4,41.1],[39.7,41.0],[40.0,41.0],[40.4,41.0],[40.6,41.0],[41.3,41.3],[41.5,41.4],[42.0,41.4],[42.3,41.4],[42.4,41.4],[42.7,41.6],[42.9,41.5],[43.5,41.1],[43.8,40.7],[43.9,40.7],[43.7,40.3],[43.7,40.1],[43.8,40.0],[44.4,40.0],[44.7,39.8],[44.6,39.7],[44.5,39.7],[44.3,39.6],[44.3,39.4],[44.1,39.3],[44.1,39.2],[44.2,38.9],[44.1,38.7],[44.2,38.5],[44.3,38.4],[44.3,38.5],[44.4,38.4],[44.5,38.3],[44.4,38.2],[44.2,37.9],[44.3,37.8],[44.5,37.8],[44.4,37.6],[44.5,37.5],[44.7,37.3],[44.8,37.3],[44.8,37.1],[45.1,36.5],[45.4,36.0],[45.4,35.9],[45.7,35.8],[46.2,35.8],[46.0,35.5],[46.0,35.4],[46.2,35.1],[45.7,34.6],[45.6,34.3],[45.5,33.9],[45.5,33.8],[45.6,33.6],[46.1,33.2],[46.1,32.8],[46.3,32.8],[46.5,32.8],[47.1,32.4],[47.3,32.3],[47.6,32.0],[47.7,31.9],[47.8,31.8],[47.8,31.6],[47.7,31.3],[47.7,31.0],[47.7,30.9],[47.9,30.9],[48.0,30.9],[48.1,30.7],[48.1,30.5],[48.1,30.4],[48.4,30.1],[48.5,30.0],[48.6,30.0],[48.5,30.0],[48.2,29.9],[48.0,30.0],[48.0,29.9],[47.9,29.9],[47.9,29.8],[48.0,29.5],[47.8,29.5],[47.6,29.3],[47.8,29.2],[48.0,29.3],[48.1,29.3],[48.4,28.4],[48.5,28.4],[48.6,28.1],[48.8,27.9],[48.8,27.6],[48.9,27.5],[49.1,27.5],[49.2,27.5],[49.2,27.4],[49.2,27.3],[49.3,27.2],[49.4,27.1],[49.5,27.0],[49.9,26.9],[50.1,26.7],[50.1,26.6],[50.0,26.6],[49.9,26.5],[50.1,26.3],[50.0,26.0],[49.9,26.0],[50.0,25.8],[50.1,25.5],[50.2,25.6],[50.4,25.5],[50.4,25.2],[50.6,24.9],[50.6,24.7],[50.7,24.6],[50.8,24.5],[50.9,24.4],[51.0,24.4],[50.8,24.2],[50.6,23.9],[49.7,24.4],[49.4,26.1],[48.5,26.7],[47.7,28.4],[47.6,28.6],[47.4,28.8],[47.3,28.9],[46.5,29.0],[46.7,29.2],[46.9,29.4],[45.9,29.9],[44.8,30.0],[44.1,30.3],[40.0,34.4],[39.3,34.6],[38.0,34.6],[37.2,33.6],[36.5,31.2],[36.6,29.8],[37.4,28.0],[37.6,27.4],[39.8,25.4],[40.9,25.0],[41.1,22.3],[41.8,21.7],[41.9,20.8],[45.6,17.2],[45.7,16.2],[45.3,13.8],[45.4,13.1],[45.2,12.9],[45.0,12.8],[44.8,12.8],[44.7,12.8],[44.4,12.6],[44.1,12.6]]],[[[12.1,32.9],[12.6,32.7],[12.8,32.7],[13.2,32.8],[13.5,32.8],[14.2,32.7],[14.4,32.5],[14.8,32.4],[15.0,32.4],[15.2,32.3],[15.2,32.2],[15.4,31.8],[15.5,31.6],[15.8,31.3],[16.0,31.2],[16.3,31.2],[16.8,31.1],[17.0,31.1],[17.4,31.0],[17.7,30.9],[18.0,30.8],[18.5,30.4],[18.9,30.2],[19.1,30.2],[19.3,30.3],[19.7,30.4],[20.0,30.7],[20.1,31.0],[20.1,31.1],[20.0,31.4],[19.9,31.6],[20.0,31.8],[20.1,32.0],[20.4,32.3],[20.5,32.4],[20.8,32.5],[21.1,32.6],[21.7,32.8],[22.2,32.8],[22.5,32.7],[22.9,32.6],[23.0,32.5],[23.0,32.3],[23.2,32.1],[23.3,32.1],[23.7,32.1],[24.0,31.9],[24.2,31.9],[24.3,31.9],[24.3,30.5],[25.3,29.9],[25.3,28.8],[24.7,28.3],[24.8,27.0],[23.3,27.6],[22.1,28.5],[21.6,28.6],[21.0,28.5],[20.2,27.6],[18.6,23.6],[14.6,22.5],[13.8,22.9],[14.1,24.6],[13.1,25.0],[11.8,24.1],[11.3,24.4],[11.1,24.6],[10.2,24.7],[10.0,25.5],[11.4,27.7],[11.4,28.6],[9.3,30.1],[10.1,30.4],[10.5,30.8],[10.5,31.8],[11.5,32.3],[11.5,33.1],[12.1,32.9]]]]}},{"type":"Feature","properties":{"NAME":"Greece"},"geometry":{"type":"MultiPolygon","coordinates":[[[[25.9,36.4],[25.8,36.3],[25.7,36.3],[25.7,36.4],[25.8,36.4],[25.9,36.4]]],[[[25.5,36.4],[25.5,36.3],[25.4,36.3],[25.3,36.4],[25.3,36.5],[25.4,36.5],[25.5,36.4]]],[[[25.9,36.9],[26.0,37.0],[26.1,36.9],[26.0,36.8],[25.8,36.8],[25.9,36.8],[25.9,36.9]]],[[[24.6,36.9],[24.7,36.8],[24.5,36.6],[24.3,36.8],[24.4,36.8],[24.6,36.9]]],[[[24.9,36.7],[25.0,36.6],[24.9,36.6],[24.8,36.6],[24.8,36.7],[24.9,36.7]]],[[[25.2,36.7],[25.1,36.6],[25.0,36.7],[25.2,36.7]]],[[[25.3,36.8],[25.4,36.7],[25.4,36.6],[25.3,36.7],[25.2,36.8],[25.3,36.8]]],[[[24.4,37.1],[24.4,37.2],[24.5,37.1],[24.4,37.1]]],[[[24.4,37.6],[24.3,37.5],[24.3,37.7],[24.4,37.7],[24.4,37.6]]],[[[24.4,37.3],[24.4,37.4],[24.4,37.5],[24.5,37.4],[24.4,37.3]]],[[[25.0,37.4],[24.8,37.4],[24.9,37.5],[25.0,37.4]]],[[[25.3,37.6],[25.5,37.4],[25.3,37.4],[24.9,37.7],[24.7,37.9],[24.8,38.0],[25.3,37.6]]],[[[24.8,36.9],[24.7,36.9],[24.6,37.0],[24.7,37.1],[24.8,36.9]]],[[[25.3,37.0],[25.1,36.9],[24.9,37.0],[25.2,37.2],[25.3,37.2],[25.3,37.0]]],[[[25.6,37.1],[25.6,37.0],[25.5,37.0],[25.5,36.9],[25.4,37.0],[25.3,37.1],[25.4,37.1],[25.5,37.2],[25.6,37.1]]],[[[23.2,39.0],[23.4,38.9],[23.8,38.7],[24.1,38.7],[24.2,38.6],[24.3,38.2],[24.6,38.2],[24.5,38.0],[24.3,38.0],[24.2,38.2],[24.0,38.4],[23.7,38.4],[23.6,38.5],[23.5,38.6],[23.1,38.9],[22.9,38.8],[23.0,39.0],[23.2,39.0]]],[[[21.2,39.9],[21.4,40.3],[22.0,40.3],[22.0,40.6],[22.3,40.7],[22.3,40.5],[22.5,40.5],[22.6,40.4],[22.5,40.2],[22.5,40.1],[22.6,40.0],[22.7,39.8],[22.8,39.8],[22.8,39.6],[23.1,39.4],[23.2,39.2],[23.2,39.1],[23.1,39.1],[23.1,39.2],[23.0,39.3],[22.9,39.3],[22.9,39.4],[22.7,39.3],[22.8,39.2],[22.9,39.0],[22.8,38.9],[22.5,38.9],[22.6,38.9],[22.7,38.8],[22.9,38.8],[23.0,38.7],[23.1,38.7],[23.2,38.7],[23.2,38.6],[23.4,38.5],[23.5,38.5],[23.6,38.4],[23.7,38.3],[23.8,38.3],[24.0,38.2],[23.9,38.1],[24.0,37.8],[23.9,37.7],[23.8,37.7],[23.7,37.9],[23.6,37.9],[23.5,38.0],[23.5,38.1],[23.4,38.1],[23.2,38.0],[23.0,38.0],[22.9,37.9],[23.0,37.9],[23.0,37.8],[23.0,37.6],[23.2,37.6],[23.3,37.6],[23.3,37.5],[23.4,37.5],[23.2,37.4],[23.1,37.3],[23.0,37.4],[23.0,37.5],[22.9,37.5],[22.7,37.5],[22.6,37.6],[22.6,37.5],[22.7,37.3],[22.8,37.2],[22.8,37.1],[22.9,37.0],[23.0,36.6],[22.7,36.8],[22.5,36.7],[22.4,36.5],[22.2,36.9],[22.0,37.0],[21.8,36.8],[21.6,37.0],[21.5,37.1],[21.6,37.3],[21.6,37.4],[21.5,37.5],[21.3,37.7],[21.2,37.8],[21.2,37.9],[21.4,38.2],[21.7,38.1],[21.9,38.3],[22.0,38.3],[22.7,38.0],[22.9,38.0],[23.1,38.2],[23.0,38.2],[22.9,38.2],[22.3,38.4],[21.8,38.5],[21.7,38.4],[21.4,38.4],[21.2,38.3],[20.8,38.9],[20.9,38.9],[21.0,38.9],[21.1,38.9],[21.2,39.0],[21.0,39.1],[20.9,39.1],[20.7,39.1],[20.3,39.3],[20.9,39.9],[21.2,39.9]]]]}},{"type":"Feature","properties":{"NAME":null},"geometry":{"type":"MultiPolygon","coordinates":[[[[27.8,35.9],[27.7,35.9],[27.7,36.0],[27.7,36.1],[27.7,36.2],[27.8,36.3],[27.9,36.3],[28.1,36.4],[28.2,36.4],[28.2,36.5],[28.2,36.4],[28.2,36.3],[28.1,36.2],[28.1,36.1],[28.0,36.1],[28.0,36.0],[27.9,36.0],[27.9,35.9],[27.8,35.9]]],[[[27.0,36.9],[26.9,36.9],[26.9,37.1],[27.0,37.1],[27.0,37.0],[27.0,36.9]]],[[[27.0,36.7],[26.9,36.7],[26.9,36.8],[27.1,36.8],[27.2,36.9],[27.3,36.9],[27.4,36.9],[27.3,36.8],[27.2,36.8],[27.0,36.8],[27.0,36.7]]],[[[26.9,37.1],[26.8,37.1],[26.8,37.2],[26.9,37.2],[26.9,37.1]]]]}},{"type":"Feature","properties":{"NAME":"Malta"},"geometry":{"type":"MultiPolygon","coordinates":[[[[14.6,35.8],[14.5,35.8],[14.4,35.8],[14.4,35.9],[14.3,35.9],[14.3,36.0],[14.4,36.0],[14.5,35.9],[14.6,35.9],[14.6,35.8]]],[[[14.3,36.0],[14.2,36.0],[14.2,36.1],[14.3,36.1],[14.3,36.0]]]]}},{"type":"Feature","properties":{"NAME":null},"geometry":{"type":"MultiPolygon","coordinates":[[[[6.5,46.5],[6.6,46.5],[6.7,46.5],[6.8,46.5],[6.9,46.4],[6.7,46.4],[6.6,46.4],[6.5,46.4],[6.4,46.4],[6.4,46.3],[6.3,46.4],[6.2,46.3],[6.2,46.2],[6.1,46.2],[6.2,46.3],[6.2,46.4],[6.3,46.4],[6.3,46.5],[6.4,46.5],[6.5,46.5]]],[[[9.1,47.7],[9.0,47.7],[8.9,47.6],[8.9,47.7],[9.0,47.7],[8.9,47.7],[9.0,47.7],[9.1,47.7],[9.0,47.7],[9.1,47.7],[9.2,47.7],[9.1,47.8],[9.0,47.8],[9.1,47.8],[9.2,47.7],[9.3,47.7],[9.4,47.7],[9.5,47.6],[9.5,47.7],[9.5,47.6],[9.6,47.6],[9.7,47.6],[9.7,47.5],[9.7,47.6],[9.8,47.5],[9.7,47.5],[9.6,47.5],[9.5,47.5],[9.4,47.5],[9.4,47.6],[9.3,47.6],[9.2,47.6],[9.2,47.7],[9.1,47.7]]]]}},{"type":"Feature","properties":{"NAME":"British Raj"},"geometry":{"type":"MultiPolygon","coordinates":[[[[91.8,21.9],[91.6,22.5],[91.4,22.7],[91.1,22.6],[90,22.6],[90,22.3],[90,22.1],[90,22.0],[90,21.9],[89.9,22.1],[89.8,21.8],[89.7,21.7],[89.6,21.7],[89.5,21.9],[89.2,21.7],[89.1,21.8],[89.0,21.6],[89.0,21.5],[88.9,21.5],[88.7,21.5],[88.7,21.9],[88.6,21.9],[88.5,21.7],[88.4,21.6],[88.3,21.6],[88.2,21.6],[88.1,21.9],[87.9,21.7],[87.6,21.6],[87.2,21.4],[86.9,21.3],[86.8,21.2],[86.8,21.1],[86.8,20.9],[86.9,20.7],[86.8,20.5],[86.6,20.3],[86.6,20.2],[86.4,20.0],[86.1,19.8],[85.9,19.7],[85.7,19.7],[85.4,19.6],[85.1,19.4],[84.9,19.2],[84.7,18.9],[84.3,18.5],[84.0,18.2],[83.7,18.1],[83.4,17.7],[83.1,17.5],[82.7,17.3],[82.5,17.2],[82.4,17.1],[82.3,16.9],[82.2,16.6],[82.1,16.5],[81.8,16.3],[81.6,16.3],[81.4,16.3],[81.3,16.2],[81.1,15.8],[81.0,15.7],[80.7,15.8],[80.5,15.8],[80.3,15.6],[80.2,15.4],[80.1,15.2],[80.1,14.9],[80.2,14.3],[80.2,13.9],[80.1,13.7],[80.2,13.5],[80.3,13.3],[80.3,13.1],[80.2,12.8],[79.9,12.1],[79.8,11.7],[79.7,11.4],[79.7,11.2],[79.8,10.4],[79.8,10.3],[79.5,10.3],[79.3,10.3],[79.2,10.2],[79.1,9.8],[78.9,9.5],[78.9,9.4],[79.2,9.3],[78.8,9.1],[78.7,9.1],[78.3,9.0],[78.2,8.8],[78.1,8.5],[78.1,8.4],[77.9,8.3],[77.7,8.1],[77.6,8.1],[77.5,8.0],[77.4,8.0],[77.3,8.1],[76.7,8.7],[76.7,8.9],[76.5,9.1],[76.4,9.7],[76.1,10.6],[75.7,11.4],[75.2,12.1],[75.0,12.9],[74.7,13.7],[74.4,14.4],[74.0,15.1],[73.8,15.4],[73.6,16.0],[73.4,16.6],[73.1,18.0],[72.9,19.2],[72.8,19.9],[72.8,20.1],[72.9,20.3],[73.1,20.7],[73.1,20.8],[72.9,21.0],[72.8,21.2],[72.7,21.4],[72.7,21.8],[72.7,22.1],[72.3,22.1],[72.2,22.0],[72.1,21.8],[72.1,21.7],[72.3,21.6],[72.3,21.5],[72.3,21.4],[72.1,21.2],[71.9,21.0],[71.5,20.8],[71.3,20.8],[71.0,20.7],[70.9,20.7],[70.5,20.8],[70.2,20.9],[69.8,21.4],[69.1,22.0],[68.9,22.3],[69.0,22.3],[69.5,22.2],[69.8,22.3],[70.0,22.4],[70.2,22.5],[70.4,22.8],[70.4,22.9],[70.3,22.8],[70.0,22.8],[69.7,22.8],[69.4,22.8],[69.1,22.9],[68.9,23.0],[68.8,23.0],[68.4,23.3],[68.1,23.7],[68.0,23.8],[67.7,23.8],[67.5,23.9],[67.3,24.1],[67.2,24.6],[67.2,24.7],[67.0,24.7],[66.7,24.8],[66.6,24.9],[66.7,25.1],[66.6,25.3],[66.4,25.5],[66.3,25.5],[65.8,25.3],[65.2,25.3],[64.9,25.2],[64.4,25.2],[64.2,25.2],[64.1,25.3],[64.1,25.4],[63.7,25.3],[63.4,25.2],[63.0,25.2],[62.4,25.2],[62.1,25.1],[61.8,25.1],[61.6,25.0],[61.7,25.5],[61.7,25.6],[61.8,26.0],[61.9,26.2],[62.3,26.4],[62.6,26.5],[63.1,26.5],[63.2,26.6],[63.2,26.7],[63.3,27.1],[63.2,27.2],[62.9,27.3],[62.8,27.4],[62.7,28.0],[62.7,28.2],[62.5,28.3],[62.0,28.5],[61.7,28.7],[61.5,28.9],[61.2,29.3],[60.8,29.8],[61.2,29.7],[61.5,29.6],[62.0,29.5],[62.4,29.4],[62.6,29.4],[62.9,29.4],[63.5,29.5],[63.6,29.5],[64.1,29.4],[64.6,29.4],[65.1,29.5],[65.6,29.6],[66.1,29.7],[66.2,29.8],[66.2,29.9],[66.3,30.3],[66.4,30.7],[66.5,30.8],[66.7,31.0],[66.9,31.2],[67.0,31.2],[67.3,31.2],[67.6,31.2],[67.7,31.2],[67.8,31.5],[68.0,31.7],[68.2,31.8],[68.5,31.8],[68.9,31.6],[69.1,31.6],[69.2,31.8],[69.3,32.4],[69.4,32.8],[69.5,32.9],[69.6,33.1],[69.8,33.1],[70.1,33.1],[70.2,33.2],[70.3,33.3],[70.2,33.5],[70.2,33.6],[70.0,33.8],[69.9,33.9],[70.0,34.0],[70.5,33.9],[70.8,33.9],[71.0,34.0],[71.2,34.1],[71.1,34.3],[71.0,34.5],[71.1,34.6],[71.3,34.8],[71.5,34.9],[71.7,35.1],[71.6,35.3],[71.6,35.6],[71.5,35.6],[71.5,35.8],[71.3,35.9],[71.3,36.1],[71.5,36.2],[71.6,36.3],[71.8,36.3],[72.0,36.5],[72.1,36.6],[72.4,36.7],[72.9,36.8],[73.5,36.8],[73.8,36.7],[73.9,36.8],[74.1,36.8],[74.3,36.9],[74.5,36.9],[74.5,37.0],[74.7,36.9],[74.8,37.0],[75.0,37.0],[75.2,36.9],[75.2,36.7],[75.3,36.8],[75.6,36.8],[75.8,36.6],[75.9,36.5],[75.9,36.3],[75.8,36.1],[75.9,36.0],[76.0,35.9],[76.1,35.8],[76.3,35.9],[76.4,35.9],[76.5,35.8],[76.6,35.8],[76.8,35.6],[77.4,35.5],[77.6,35.5],[77.6,35.4],[77.8,35.5],[77.8,35.2],[78.0,34.8],[78.1,34.5],[78.5,34.5],[78.7,34.3],[78.8,34.2],[78.7,34.1],[78.6,34.0],[78.6,33.8],[78.6,33.5],[78.8,33.4],[79.1,33.4],[79.1,33.3],[79.1,33.2],[79.4,33.2],[79.4,33.0],[79.6,32.7],[79.3,32.5],[79.1,32.4],[79.0,32.4],[78.8,32.5],[78.8,32.7],[78.5,32.6],[78.5,32.3],[78.8,32.0],[78.7,31.8],[78.9,31.6],[78.8,31.5],[78.8,31.3],[78.9,31.3],[79.1,31.5],[79.3,31.3],[79.6,31.0],[79.8,31.0],[80.3,30.8],[80.2,30.6],[80.6,30.5],[81.0,30.2],[80.5,29.8],[80.4,29.8],[80.4,29.6],[80.3,29.5],[80.3,29.3],[80.2,29.1],[80.1,29.0],[80.1,28.8],[80.4,28.7],[80.6,28.7],[80.9,28.5],[81.2,28.4],[81.4,28.2],[81.9,27.9],[82.0,28.0],[82.5,27.7],[82.7,27.7],[82.8,27.5],[83.2,27.5],[83.3,27.4],[83.4,27.4],[83.4,27.5],[83.7,27.5],[83.9,27.4],[84.1,27.5],[84.4,27.4],[84.6,27.4],[84.7,27.3],[84.7,27.1],[85.0,27.0],[85.1,26.9],[85.4,26.8],[85.6,26.9],[85.8,26.9],[85.8,26.7],[85.9,26.6],[86.1,26.7],[86.4,26.6],[86.8,26.5],[87.0,26.6],[87.2,26.4],[87.3,26.4],[87.5,26.4],[87.6,26.4],[87.9,26.5],[88.1,26.4],[88.2,26.8],[88.0,27.1],[88.1,27.5],[88.2,27.9],[88.4,27.9],[88.6,28.0],[88.7,27.9],[88.7,27.5],[88.8,27.2],[88.8,27.1],[88.9,26.9],[89.2,26.8],[89.4,26.8],[89.8,26.7],[90,26.7],[90,26.8],[91.2,26.8],[91.6,26.8],[91.9,26.8],[92.0,27.1],[92.0,27.2],[91.9,27.3],[91.7,27.3],[91.6,27.5],[91.6,27.6],[91.7,27.7],[92.0,27.7],[92.4,27.8],[92.5,27.9],[93.1,28.4],[93.3,28.6],[93.7,28.7],[94.2,29.0],[94.4,29.2],[94.6,29.2],[94.7,29.1],[95.1,29.0],[95.3,29.0],[95.9,29.4],[96.1,29.2],[96.5,28.9],[96.5,28.7],[96.3,28.5],[96.3,28.4],[96.4,28.3],[96.7,28.3],[97.1,28.2],[97.3,28.2],[97.5,28.4],[97.6,28.4],[97.8,28.3],[98.0,28.1],[98.1,27.7],[98.2,27.5],[98.3,27.5],[98.6,27.5],[98.7,26.7],[98.7,26.3],[98.6,26.0],[98.4,25.6],[98.1,25.4],[97.9,25.3],[97.8,25.2],[97.5,24.8],[97.6,24.6],[97.6,24.3],[97.5,24.0],[97.5,23.9],[97.6,23.9],[97.7,23.9],[98.2,21.6],[97.8,21.4],[97.4,20.8],[97.3,18.5],[97.4,18.5],[97.4,18.4],[97.7,18.1],[97.7,18.0],[97.8,17.6],[97.9,17.5],[98.4,17.1],[98.5,16.9],[98.8,16.5],[98.8,16.3],[98.7,16.2],[98.5,16.1],[98.5,16.0],[98.6,15.5],[98.5,15.4],[98.1,15.2],[98.2,15.0],[98.5,14.4],[98.7,14.2],[99.0,13.9],[99.1,13.7],[99.1,13.4],[99.1,13.1],[99.1,13.0],[99.3,12.4],[99.6,11.9],[99.5,11.8],[99.1,11.1],[98.6,10.3],[98.6,10.1],[98.4,10.2],[98.4,10.6],[98.6,10.9],[98.7,11.1],[98.7,11.4],[98.9,11.6],[98.6,11.7],[98.6,11.8],[98.7,12.1],[98.6,12.7],[98.5,13.1],[98.2,13.6],[98.0,14.2],[97.8,14.6],[97.7,15.0],[97.7,15.8],[97.6,16.1],[97.6,16.3],[97.6,16.4],[97.4,16.5],[97.2,16.9],[97.0,17.2],[96.9,17.3],[96.8,17.3],[96.7,16.9],[96.7,16.7],[96.5,16.5],[96.2,16.4],[95.7,16.2],[95.6,15.9],[95.4,15.7],[95.3,15.7],[95.2,15.8],[95.2,16.0],[95.1,16.0],[95.0,15.8],[94.8,15.8],[94.8,15.9],[94.8,16.2],[94.5,16.1],[94.4,16.1],[94.3,15.9],[94.1,16.0],[94.1,16.2],[94.4,16.9],[94.5,17.3],[94.5,17.7],[94.4,18.1],[94.2,18.6],[94.1,19.1],[94.0,19.2],[93.8,19.0],[93.7,19.0],[93.5,19.2],[93.7,19.3],[93.8,19.3],[93.7,19.5],[93.7,19.6],[93.4,19.9],[93.3,20.0],[93.2,20.0],[93.1,20.0],[92.9,20.1],[92.9,20.3],[92.9,20.4],[92.8,20.4],[92.7,20.4],[92.4,20.6],[92.2,20.9],[92.1,21.0],[92.1,21.1],[91.9,21.4],[91.8,21.9]]]]}},{"type":"Feature","properties":{"NAME":"Sweden\u2013Norway"},"geometry":{"type":"MultiPolygon","coordinates":[[[[18.1,56.9],[18.2,56.9],[18.2,57.0],[18.3,57.0],[18.3,57.1],[18.2,57.1],[18.1,57.2],[18.2,57.3],[18.1,57.4],[18.1,57.5],[18.1,57.6],[18.2,57.6],[18.3,57.6],[18.3,57.7],[18.4,57.7],[18.4,57.8],[18.5,57.8],[18.7,57.9],[18.9,57.9],[19.0,57.9],[19.0,57.8],[18.9,57.7],[18.8,57.7],[18.8,57.5],[18.8,57.4],[18.7,57.2],[18.6,57.2],[18.5,57.2],[18.4,57.2],[18.4,57.1],[18.3,57.1],[18.3,57.0],[18.3,56.9],[18.2,56.9],[18.1,56.9]]],[[[20.3,79.8],[19.6,79.8],[19.2,79.7],[18.3,79.9],[18.7,80.1],[19.1,80.2],[19.4,80.4],[19.9,80.6],[20.5,80.3],[21.0,80.3],[21.5,80.3],[21.9,80.3],[22.2,80.1],[22.6,80.3],[22.8,80.5],[23.2,80.6],[23.1,80.2],[23.1,80.1],[23.5,80.1],[23.9,80.3],[24.4,80.4],[24.8,80.4],[25.0,80.2],[25.4,80.1],[26.3,80.2],[26.9,80.1],[27.2,79.9],[27.0,79.9],[26.1,79.6],[25.3,79.4],[24.9,79.4],[24.4,79.3],[23.8,79.1],[21.0,79.2],[21.0,79.4],[21.7,79.5],[22.0,79.8],[21.3,79.8],[20.3,79.8]]],[[[13.4,79.4],[14.2,79.4],[14.3,79.5],[14.3,79.7],[14.6,79.8],[14.8,79.8],[15.2,79.6],[15.8,79.2],[16.1,79.1],[16.4,79.2],[16.3,79.4],[16.1,79.5],[15.9,79.7],[15.9,79.8],[16.3,80.0],[16.8,80.0],[17.0,79.9],[17.6,79.9],[17.8,79.8],[17.8,79.6],[17.7,79.5],[17.8,79.4],[18.0,79.4],[18.4,79.5],[18.5,79.6],[18.8,79.4],[19.2,79.2],[19.5,79.2],[19.9,79.1],[20.7,78.9],[20.9,78.8],[20.3,78.7],[19.4,78.6],[19.1,78.5],[18.8,77.9],[18.4,77.5],[17.8,77.5],[17.5,77.2],[17.3,77.0],[17.3,76.8],[16.9,76.7],[16.7,76.7],[15.9,76.9],[15.1,77.1],[14.5,77.4],[14.8,77.5],[15.5,77.6],[16.3,77.6],[16.7,77.8],[16.4,77.9],[15.6,77.8],[14.9,77.8],[14.1,77.8],[13.9,78.0],[14.3,78.0],[15.0,78.1],[15.9,78.3],[16.6,78.5],[15.5,78.6],[15.1,78.8],[14.8,78.7],[14.4,78.4],[13.9,78.3],[13.6,78.3],[13.1,78.3],[12.9,78.4],[12.4,78.6],[12.1,78.7],[11.8,78.9],[12.5,79.1],[12.2,79.3],[11.5,79.2],[11.3,79.2],[10.9,79.5],[11.3,79.7],[11.5,79.7],[12.0,79.8],[12.5,79.8],[12.7,79.8],[13.3,79.8],[13.3,79.5],[13.4,79.4]]],[[[10.8,59.1],[10.7,59.2],[10.5,59.4],[10.6,59.4],[10.6,59.6],[10.4,59.5],[10.4,59.4],[10.4,59.3],[10.4,59.2],[10.2,59.1],[10.2,59.0],[9.9,58.9],[9.7,59.0],[9.3,58.8],[9.4,58.8],[9.1,58.7],[8.9,58.5],[8.2,58.2],[8.2,58.1],[8.0,58.1],[7.9,58.1],[7.0,58.0],[6.9,58.1],[6.7,58.1],[6.6,58.0],[6.5,58.1],[6.7,58.2],[6.2,58.3],[5.9,58.4],[5.6,58.5],[5.4,58.7],[5.5,58.9],[5.5,59.0],[5.6,59.0],[5.7,58.8],[5.8,58.9],[6.1,58.8],[6.0,58.9],[6.0,59.0],[6.3,59.0],[6.1,59.0],[5.9,58.9],[5.8,59.0],[5.8,59.1],[6.0,59.2],[6.2,59.3],[6.0,59.3],[5.9,59.3],[6.1,59.4],[6.1,59.5],[5.8,59.3],[5.8,59.4],[5.7,59.5],[5.7,59.4],[5.7,59.3],[5.5,59.3],[5.3,59.3],[5.4,59.4],[5.3,59.3],[5.2,59.3],[5.1,59.5],[5.4,59.7],[5.4,59.5],[5.4,59.7],[5.6,59.6],[5.7,59.6],[5.7,59.7],[6.0,59.7],[6.2,59.8],[5.9,59.8],[5.7,59.8],[5.5,59.8],[5.6,59.9],[5.8,59.9],[5.9,60.2],[5.5,60.2],[5.3,60.1],[5.1,60.3],[5.3,60.3],[5.6,60.5],[5.5,60.6],[5.3,60.6],[5.1,60.6],[5.0,60.7],[5.1,60.9],[5.4,61.0],[5.1,61.1],[5.0,61.3],[5.1,61.4],[5.1,61.7],[5.4,61.8],[5.6,61.8],[5.8,61.8],[5.7,61.9],[5.5,61.9],[5.4,62.0],[5.5,62.1],[5.6,62.2],[5.8,62.2],[6.1,62.3],[6.3,62.3],[6.5,62.3],[6.6,62.6],[7.0,62.5],[7.3,62.5],[7.5,62.6],[7.1,62.7],[7.0,62.8],[7.1,62.9],[7.6,62.9],[8.0,62.9],[8.2,62.8],[8.3,63.1],[8.5,63.2],[8.6,63.3],[9.0,63.4],[9.2,63.3],[9.4,63.5],[9.8,63.7],[9.9,63.9],[10.1,64.1],[10.7,64.4],[10.9,64.5],[11.0,64.5],[11.2,64.4],[11.4,64.4],[11.5,64.5],[11.4,64.6],[11.5,64.7],[11.7,64.8],[11.9,64.9],[12.1,65.1],[12.2,65.1],[12.5,65.1],[12.5,65.4],[12.3,65.4],[12.5,65.6],[12.7,65.9],[13.1,65.9],[13.1,66.0],[13.2,66.1],[13.6,66.2],[13.4,66.3],[13.3,66.4],[13.2,66.5],[13.2,66.6],[13.4,66.7],[13.6,66.7],[14.0,66.7],[13.7,66.9],[13.9,67.0],[14.1,67.0],[14.4,67.1],[14.6,67.1],[14.8,67.2],[14.6,67.2],[14.6,67.3],[14.7,67.4],[15.0,67.5],[15.2,67.5],[15.4,67.5],[15.6,67.6],[15.7,67.6],[15.8,67.7],[15.6,67.8],[15.9,67.9],[15.9,68.0],[16.1,68.0],[16.2,67.9],[16.4,67.9],[16.6,68.0],[16.5,68.3],[16.7,68.3],[17.0,68.3],[17.1,68.4],[16.9,68.6],[17.0,68.7],[17.4,68.8],[17.4,68.9],[17.6,69.0],[17.9,69.0],[18.1,69.0],[18.1,69.1],[18.3,69.4],[18.6,69.2],[19.0,69.3],[19.2,69.3],[19.3,69.2],[19.6,69.2],[19.8,69.4],[20.2,69.7],[20.3,69.8],[20.4,69.7],[20.3,69.6],[20.2,69.3],[20.6,69.5],[20.7,69.8],[21.1,69.8],[21.4,70.0],[21.6,70.0],[21.9,69.8],[22.2,70.1],[22.3,70.2],[22.7,70.2],[23.2,69.9],[23.3,70.0],[23.5,70.3],[23.8,70.5],[24.0,70.5],[24.2,70.5],[24.4,70.6],[24.6,70.7],[24.8,70.8],[25.4,70.9],[25.8,70.9],[25.2,70.6],[25.1,70.4],[25.1,70.1],[25.3,70.1],[25.6,70.4],[26.3,70.8],[26.6,70.9],[26.6,70.8],[26.6,70.4],[26.9,70.5],[27.1,70.6],[27.5,71.0],[27.9,71.0],[28.2,71.0],[28.3,70.9],[28.1,70.8],[28.0,70.7],[28.0,70.6],[27.9,70.4],[28.3,70.4],[28.4,70.6],[28.8,70.9],[29.0,70.9],[29.7,70.6],[30.0,70.5],[30.5,70.5],[30.8,70.4],[30.8,70.3],[30.3,70.1],[29.7,70.1],[28.7,70.1],[28.8,70.1],[29.1,70.0],[29.6,69.8],[29.7,69.7],[30.1,69.7],[30.4,69.8],[30.7,69.8],[31.1,69.6],[30.9,69.5],[30.6,69.4],[30.3,69.4],[29.9,69.4],[29.5,69.1],[29.0,68.8],[28.7,68.7],[28.7,68.8],[28.7,69.0],[29.1,69.4],[29.1,69.5],[28.7,69.6],[28.4,69.7],[27.9,69.9],[27.7,69.9],[27.4,69.9],[26.5,69.8],[26.1,69.6],[25.9,69.5],[25.7,69.3],[25.7,69.0],[25.6,68.8],[25.1,68.6],[24.8,68.4],[24.7,68.5],[24.1,68.7],[23.3,68.6],[22.7,68.6],[22.5,68.7],[22.1,69.0],[21.6,69.2],[21.4,69.3],[21.2,69.2],[20.8,68.9],[20.9,68.9],[21.1,68.7],[21.7,68.4],[22.2,68.3],[22.9,68.2],[23.1,68.1],[23.5,67.8],[23.5,67.6],[23.5,67.4],[23.7,67.1],[23.9,66.8],[23.9,66.6],[23.7,66.3],[23.7,66.0],[23.9,65.9],[23.9,65.8],[23.8,65.8],[23.4,65.7],[23.2,65.7],[22.8,65.9],[22.6,65.9],[22.5,65.9],[22.2,65.7],[22.0,65.4],[21.8,65.4],[21.5,65.4],[21.3,65.2],[21.4,65.1],[21.5,65.0],[21.3,64.9],[20.9,64.7],[21.1,64.6],[21.2,64.5],[21.4,64.4],[21.0,64.2],[20.9,64.0],[20.7,63.8],[20.0,63.5],[19.7,63.4],[19.5,63.5],[19.3,63.4],[19.1,63.2],[18.8,63.1],[18.5,63.0],[18.4,62.9],[18.3,62.8],[18.0,62.8],[17.9,62.8],[17.9,62.5],[17.7,62.4],[17.3,62.4],[17.4,62.2],[17.5,62.1],[17.4,61.7],[17.2,61.6],[17.1,61.5],[17.2,61.2],[17.1,61.0],[17.3,60.8],[17.2,60.7],[17.6,60.6],[17.7,60.6],[17.9,60.6],[18.2,60.3],[18.4,60.2],[18.8,60.1],[18.9,59.9],[19.0,59.9],[19.0,59.7],[18.9,59.7],[18.6,59.6],[18.3,59.4],[18.0,59.4],[17.8,59.4],[17.7,59.4],[17.4,59.5],[17.1,59.5],[16.8,59.6],[16.7,59.5],[16.5,59.6],[16.4,59.4],[16.8,59.5],[17.0,59.4],[17.3,59.3],[17.4,59.2],[17.6,59.2],[17.6,59.3],[17.9,59.2],[18.0,59.3],[18.1,59.3],[18.3,59.4],[18.4,59.3],[18.4,59.4],[18.5,59.4],[18.6,59.3],[18.3,59.3],[18.4,59.2],[18.0,59.0],[17.9,58.9],[17.8,58.9],[17.7,58.9],[17.7,59.0],[17.7,59.1],[17.6,59.1],[17.6,58.9],[17.4,58.7],[17.2,58.7],[17.1,58.7],[17.1,58.6],[16.4,58.6],[16.5,58.4],[16.7,58.3],[16.8,58.0],[16.7,57.9],[16.6,57.9],[16.5,57.9],[16.5,57.7],[16.6,57.7],[16.6,57.5],[16.7,57.4],[16.5,57.3],[16.4,57.1],[16.4,56.8],[16.0,56.4],[15.8,56.0],[15.7,56.1],[15.5,56.2],[15.2,56.1],[14.7,56.1],[14.6,56.0],[14.5,56.0],[14.3,55.9],[14.1,55.7],[14.3,55.5],[14.1,55.3],[13.9,55.4],[13.8,55.4],[13.3,55.3],[12.8,55.4],[12.9,55.5],[13.0,55.7],[12.7,55.9],[12.5,56.1],[12.4,56.2],[12.7,56.3],[12.6,56.4],[12.8,56.4],[12.9,56.5],[12.8,56.6],[12.7,56.6],[12.5,56.8],[12.3,56.9],[12.0,57.3],[11.9,57.3],[11.9,57.5],[11.8,57.7],[11.6,57.8],[11.7,58.0],[11.8,58.2],[11.6,58.2],[11.4,58.2],[11.4,58.3],[11.2,58.3],[11.1,58.9],[11.0,58.9],[11.2,59.1],[11.1,59.2],[10.8,59.1]],[[14.0,59.1],[13.9,59.1],[14.0,59.2],[14.1,59.3],[14.0,59.3],[13.9,59.3],[13.8,59.3],[13.7,59.3],[13.7,59.4],[13.6,59.4],[13.5,59.4],[13.4,59.4],[13.3,59.4],[13.3,59.3],[13.2,59.3],[13.3,59.3],[13.2,59.3],[13.2,59.4],[13.1,59.3],[13.1,59.2],[13.2,59.1],[13.2,59.0],[13.2,58.9],[13.1,58.9],[13.1,59.0],[13.0,59.0],[12.9,59.0],[12.9,59.1],[12.8,59.1],[12.7,59.1],[12.7,59.0],[12.6,58.9],[12.6,58.8],[12.5,58.8],[12.5,58.9],[12.5,58.8],[12.4,58.8],[12.5,58.8],[12.5,58.7],[12.6,58.7],[12.6,58.6],[12.5,58.5],[12.3,58.4],[12.4,58.4],[12.5,58.4],[12.6,58.4],[12.7,58.4],[12.7,58.5],[12.8,58.5],[12.9,58.5],[13.0,58.6],[13.1,58.6],[13.1,58.5],[13.2,58.5],[13.3,58.6],[13.4,58.6],[13.5,58.7],[13.6,58.7],[13.7,58.7],[13.8,58.7],[13.9,58.8],[14.0,58.8],[14.0,58.9],[14.0,59.0],[14.1,59.0],[14.1,59.1],[14.0,59.1]]]]}},{"type":"Feature","properties":{"NAME":null},"geometry":{"type":"MultiPolygon","coordinates":[[[[-4.2,53.2],[-4.3,53.1],[-4.4,53.1],[-4.5,53.2],[-4.6,53.3],[-4.6,53.4],[-4.5,53.4],[-4.4,53.4],[-4.3,53.4],[-4.2,53.3],[-4.1,53.3],[-4.0,53.3],[-4.1,53.3],[-4.1,53.2],[-4.2,53.2]]]]}},{"type":"Feature","properties":{"NAME":null},"geometry":{"type":"MultiPolygon","coordinates":[[[[-5.1,55.4],[-5.2,55.4],[-5.3,55.4],[-5.3,55.5],[-5.4,55.5],[-5.4,55.6],[-5.4,55.7],[-5.3,55.7],[-5.2,55.7],[-5.1,55.6],[-5.1,55.5],[-5.1,55.4]]]]}},{"type":"Feature","properties":{"NAME":null},"geometry":{"type":"MultiPolygon","coordinates":[[[[-6.1,55.9],[-6.1,55.8],[-6.0,55.8],[-6.0,55.7],[-6.1,55.6],[-6.2,55.6],[-6.3,55.6],[-6.3,55.7],[-6.3,55.8],[-6.4,55.8],[-6.4,55.7],[-6.5,55.7],[-6.4,55.8],[-6.4,55.9],[-6.3,55.9],[-6.2,55.9],[-6.1,55.9]]]]}},{"type":"Feature","properties":{"NAME":null},"geometry":{"type":"MultiPolygon","coordinates":[[[[-5.9,55.8],[-6.0,55.8],[-6.1,55.8],[-6.1,55.9],[-6.0,56.0],[-5.9,56.1],[-5.8,56.1],[-5.7,56.1],[-5.7,56.2],[-5.7,56.1],[-5.8,56.1],[-5.8,55.9],[-5.9,55.9],[-5.9,55.8]]]]}},{"type":"Feature","properties":{"NAME":null},"geometry":{"type":"MultiPolygon","coordinates":[[[[-7.5,56.9],[-7.6,56.9],[-7.6,57.0],[-7.4,57.1],[-7.4,57.0],[-7.4,56.9],[-7.5,56.9]]]]}},{"type":"Feature","properties":{"NAME":null},"geometry":{"type":"MultiPolygon","coordinates":[[[[-7.2,57.3],[-7.3,57.3],[-7.3,57.2],[-7.2,57.1],[-7.3,57.1],[-7.4,57.1],[-7.4,57.2],[-7.4,57.4],[-7.3,57.4],[-7.2,57.3]]]]}},{"type":"Feature","properties":{"NAME":null},"geometry":{"type":"MultiPolygon","coordinates":[[[[-7.3,57.4],[-7.4,57.4],[-7.4,57.5],[-7.3,57.5],[-7.2,57.5],[-7.2,57.4],[-7.3,57.4]]]]}},{"type":"Feature","properties":{"NAME":null},"geometry":{"type":"MultiPolygon","coordinates":[[[[-7.2,57.7],[-7.1,57.6],[-7.1,57.5],[-7.2,57.5],[-7.3,57.5],[-7.3,57.6],[-7.4,57.6],[-7.5,57.6],[-7.5,57.7],[-7.4,57.7],[-7.3,57.7],[-7.2,57.7]]]]}},{"type":"Feature","properties":{"NAME":null},"geometry":{"type":"MultiPolygon","coordinates":[[[[-7.0,57.9],[-7.1,57.9],[-7.0,57.9]]]]}},{"type":"Feature","properties":{"NAME":null},"geometry":{"type":"MultiPolygon","coordinates":[[[[-6.8,58.2],[-6.9,58.2],[-6.9,58.3],[-6.9,58.2],[-6.8,58.2]]]]}},{"type":"Feature","properties":{"NAME":null},"geometry":{"type":"MultiPolygon","coordinates":[[[[-6.2,58.4],[-6.2,58.3],[-6.3,58.3],[-6.3,58.2],[-6.2,58.2],[-6.2,58.3],[-6.1,58.3],[-6.2,58.2],[-6.3,58.2],[-6.4,58.2],[-6.4,58.1],[-6.5,58.1],[-6.6,58.1],[-6.5,58.1],[-6.4,58.1],[-6.4,58.0],[-6.5,58.0],[-6.5,57.9],[-6.6,57.9],[-6.7,57.9],[-6.7,58.0],[-6.6,58.0],[-6.6,58.1],[-6.7,58.1],[-6.8,58.0],[-6.7,58.0],[-6.7,57.9],[-6.7,57.8],[-7.0,57.7],[-7.1,57.8],[-7.0,57.8],[-6.8,57.9],[-6.9,57.9],[-6.9,58.0],[-7.0,58.0],[-7.1,58.0],[-7.1,58.1],[-7.1,58.2],[-7.0,58.2],[-6.9,58.2],[-6.9,58.1],[-6.9,58.2],[-6.8,58.2],[-6.7,58.2],[-6.8,58.2],[-6.8,58.3],[-6.7,58.3],[-6.6,58.3],[-6.6,58.4],[-6.4,58.5],[-6.3,58.5],[-6.2,58.5],[-6.2,58.4]]]]}},{"type":"Feature","properties":{"NAME":null},"geometry":{"type":"MultiPolygon","coordinates":[[[[-2.9,58.7],[-3.0,58.7],[-3.0,58.8],[-2.9,58.8],[-2.9,58.7]]]]}},{"type":"Feature","properties":{"NAME":null},"geometry":{"type":"MultiPolygon","coordinates":[[[[-3.2,58.8],[-3.3,58.8],[-3.4,58.9],[-3.3,58.9],[-3.2,58.9],[-3.1,58.8],[-3.2,58.8]]]]}},{"type":"Feature","properties":{"NAME":null},"geometry":{"type":"MultiPolygon","coordinates":[[[[-2.8,59.0],[-2.8,58.9],[-2.9,58.9],[-3.0,58.9],[-3.1,58.9],[-3.2,58.9],[-3.3,58.9],[-3.3,59.0],[-3.4,59.0],[-3.4,59.1],[-3.3,59.1],[-3.2,59.1],[-3.1,59.1],[-3.0,59.1],[-2.9,59.0],[-2.8,59.0]]]]}},{"type":"Feature","properties":{"NAME":null},"geometry":{"type":"MultiPolygon","coordinates":[[[[-2.7,59.2],[-2.6,59.3],[-2.5,59.3],[-2.4,59.3],[-2.5,59.2],[-2.6,59.2],[-2.7,59.2]]]]}},{"type":"Feature","properties":{"NAME":null},"geometry":{"type":"MultiPolygon","coordinates":[[[[-2.9,59.3],[-2.8,59.3],[-2.9,59.2],[-2.9,59.3],[-3.0,59.3],[-3.1,59.3],[-3.0,59.3],[-2.9,59.3]]]]}},{"type":"Feature","properties":{"NAME":null},"geometry":{"type":"MultiPolygon","coordinates":[[[[-1.3,60.5],[-1.2,60.5],[-1.0,60.4],[-1.1,60.4],[-1.1,60.3],[-1.2,60.3],[-1.2,60.2],[-1.1,60.2],[-1.1,60.1],[-1.2,60.1],[-1.2,60.0],[-1.3,59.9],[-1.4,59.9],[-1.3,60.0],[-1.3,60.1],[-1.3,60.2],[-1.4,60.3],[-1.4,60.2],[-1.5,60.2],[-1.6,60.2],[-1.7,60.2],[-1.7,60.3],[-1.6,60.3],[-1.5,60.3],[-1.4,60.3],[-1.3,60.3],[-1.3,60.4],[-1.4,60.5],[-1.5,60.5],[-1.6,60.5],[-1.5,60.5],[-1.4,60.6],[-1.3,60.6],[-1.3,60.5]]]]}},{"type":"Feature","properties":{"NAME":null},"geometry":{"type":"MultiPolygon","coordinates":[[[[-1.0,60.5],[-1.1,60.5],[-1.2,60.5],[-1.2,60.6],[-1.1,60.7],[-1.0,60.7],[-1.0,60.5]]]]}},{"type":"Feature","properties":{"NAME":null},"geometry":{"type":"MultiPolygon","coordinates":[[[[-0.8,60.7],[-0.9,60.7],[-1.0,60.7],[-0.9,60.8],[-0.8,60.8],[-0.8,60.7]]]]}},{"type":"Feature","properties":{"NAME":null},"geometry":{"type":"MultiPolygon","coordinates":[[[[-6.7,61.4],[-6.8,61.5],[-7.0,61.6],[-6.9,61.6],[-6.7,61.6],[-6.7,61.4],[-6.6,61.4],[-6.7,61.4]]],[[[-6.6,61.8],[-6.7,61.7],[-6.7,61.8],[-6.8,61.8],[-6.9,61.8],[-6.9,61.9],[-6.8,61.9],[-6.7,61.9],[-6.6,61.8]]],[[[-7.0,62.1],[-7.1,62.1],[-7.1,62.0],[-7.2,62.0],[-7.2,62.1],[-7.3,62.0],[-7.3,62.1],[-7.4,62.1],[-7.2,62.2],[-7.2,62.1],[-7.1,62.1],[-7.0,62.1]]],[[[-6.7,61.9],[-6.8,61.9],[-6.9,62.0],[-7.0,62.0],[-7.0,62.1],[-7.1,62.1],[-7.2,62.2],[-7.2,62.3],[-7.1,62.3],[-7.0,62.2],[-6.9,62.2],[-6.8,62.1],[-6.7,62.0],[-6.7,61.9]]],[[[-6.6,62.2],[-6.7,62.2],[-6.7,62.3],[-6.6,62.3],[-6.6,62.2]]],[[[-6.7,62.1],[-6.8,62.1],[-6.9,62.2],[-7.0,62.2],[-7.1,62.3],[-7.0,62.3],[-6.9,62.3],[-6.8,62.3],[-6.7,62.3],[-6.6,62.2],[-6.6,62.1],[-6.7,62.1]]],[[[-6.4,62.2],[-6.5,62.2],[-6.6,62.2],[-6.6,62.3],[-6.5,62.3],[-6.6,62.3],[-6.5,62.4],[-6.5,62.3],[-6.4,62.3],[-6.4,62.2]]],[[[-6.6,62.3],[-6.7,62.3],[-6.7,62.4],[-6.6,62.4],[-6.6,62.3]]],[[[-6.4,62.3],[-6.5,62.3],[-6.5,62.4],[-6.4,62.3]]]]}},{"type":"Feature","properties":{"NAME":null},"geometry":{"type":"MultiPolygon","coordinates":[[[[-4.8,54.1],[-4.7,54.2],[-4.6,54.2],[-4.6,54.3],[-4.5,54.4],[-4.4,54.4],[-4.3,54.3],[-4.4,54.2],[-4.5,54.1],[-4.6,54.1],[-4.7,54.1],[-4.8,54.1]]]]}},{"type":"Feature","properties":{"NAME":null},"geometry":{"type":"MultiPolygon","coordinates":[[[[129.7,28.5],[129.7,28.4],[129.6,28.4],[129.5,28.3],[129.5,28.2],[129.4,28.1],[129.2,28.2],[129.1,28.3],[129.3,28.3],[129.3,28.4],[129.6,28.5],[129.6,28.4],[129.7,28.5]]]]}},{"type":"Feature","properties":{"NAME":null},"geometry":{"type":"MultiPolygon","coordinates":[[[[130.0,30.0],[129.9,30.0],[130.0,30.0]]]]}},{"type":"Feature","properties":{"NAME":null},"geometry":{"type":"MultiPolygon","coordinates":[[[[129.9,29.9],[129.9,29.8],[129.9,29.9]]]]}},{"type":"Feature","properties":{"NAME":null},"geometry":{"type":"MultiPolygon","coordinates":[[[[130.9,30.4],[130.9,30.5],[130.9,30.6],[131.0,30.6],[130.9,30.6],[130.9,30.7],[131.0,30.8],[131.1,30.8],[131.1,30.7],[131.1,30.6],[131.0,30.4],[130.9,30.4]]]]}},{"type":"Feature","properties":{"NAME":null},"geometry":{"type":"MultiPolygon","coordinates":[[[[130.6,30.2],[130.5,30.2],[130.4,30.2],[130.4,30.3],[130.4,30.4],[130.5,30.5],[130.5,30.4],[130.6,30.4],[130.7,30.4],[130.7,30.3],[130.6,30.3],[130.6,30.2]]]]}},{"type":"Feature","properties":{"NAME":null},"geometry":{"type":"MultiPolygon","coordinates":[[[[121.7,25.1],[121.8,25.1],[121.9,25.1],[122.0,25.0],[121.9,25.0],[121.9,24.9],[121.8,24.9],[121.8,24.8],[121.8,24.7],[121.8,24.6],[121.9,24.6],[121.9,24.5],[121.8,24.5],[121.8,24.4],[121.8,24.3],[121.7,24.3],[121.7,24.2],[121.6,24.1],[121.6,24.0],[121.6,23.9],[121.5,23.7],[121.5,23.5],[121.5,23.4],[121.5,23.3],[121.4,23.1],[121.3,22.9],[121.2,22.8],[121.1,22.7],[121.0,22.7],[121.0,22.6],[121.0,22.5],[120.9,22.3],[120.9,22.2],[120.9,22.1],[120.9,22.0],[120.8,21.9],[120.7,21.9],[120.7,22.1],[120.7,22.2],[120.6,22.3],[120.6,22.4],[120.5,22.4],[120.4,22.5],[120.3,22.5],[120.3,22.6],[120.3,22.5],[120.3,22.6],[120.2,22.6],[120.2,22.7],[120.3,22.7],[120.2,22.7],[120.2,22.8],[120.2,22.9],[120.2,23.0],[120.1,23.0],[120.1,23.1],[120.0,23.1],[120.1,23.1],[120.1,23.2],[120.1,23.3],[120.1,23.4],[120.1,23.5],[120.1,23.6],[120.2,23.8],[120.3,23.9],[120.3,24.0],[120.4,24.0],[120.4,24.1],[120.5,24.2],[120.5,24.3],[120.5,24.4],[120.6,24.4],[120.6,24.5],[120.7,24.5],[120.7,24.6],[120.8,24.6],[120.9,24.7],[120.9,24.8],[120.9,24.9],[121.0,24.9],[121.0,25.0],[121.1,25.0],[121.2,25.1],[121.3,25.1],[121.4,25.1],[121.4,25.2],[121.4,25.1],[121.4,25.2],[121.5,25.3],[121.6,25.3],[121.6,25.2],[121.7,25.2],[121.7,25.1]]]]}},{"type":"Feature","properties":{"NAME":null},"geometry":{"type":"MultiPolygon","coordinates":[[[[128.9,32.6],[128.7,32.6],[128.6,32.6],[128.6,32.7],[128.7,32.7],[128.6,32.7],[128.6,32.8],[128.7,32.8],[128.8,32.8],[128.9,32.7],[128.9,32.6]]]]}},{"type":"Feature","properties":{"NAME":null},"geometry":{"type":"MultiPolygon","coordinates":[[[[123.9,24.3],[123.7,24.3],[123.8,24.4],[123.9,24.4],[123.9,24.3]]]]}},{"type":"Feature","properties":{"NAME":null},"geometry":{"type":"MultiPolygon","coordinates":[[[[125.4,24.8],[125.4,24.7],[125.5,24.7],[125.4,24.7],[125.3,24.7],[125.3,24.9],[125.3,24.8],[125.4,24.8]]]]}},{"type":"Feature","properties":{"NAME":null},"geometry":{"type":"MultiPolygon","coordinates":[[[[124.3,24.5],[124.3,24.4],[124.2,24.4],[124.2,24.3],[124.1,24.3],[124.1,24.4],[124.2,24.4],[124.2,24.5],[124.3,24.6],[124.3,24.5]]]]}},{"type":"Feature","properties":{"NAME":null},"geometry":{"type":"MultiPolygon","coordinates":[[[[128.3,26.6],[128.2,26.6],[128.1,26.6],[127.9,26.5],[127.9,26.4],[127.8,26.4],[127.8,26.2],[127.8,26.1],[127.7,26.1],[127.6,26.2],[127.7,26.2],[127.7,26.3],[127.7,26.4],[127.8,26.4],[128.0,26.5],[128.0,26.6],[127.9,26.6],[127.9,26.7],[128.0,26.7],[128.0,26.6],[128.1,26.6],[128.1,26.7],[128.2,26.8],[128.3,26.9],[128.3,26.8],[128.3,26.7],[128.3,26.6]]]]}},{"type":"Feature","properties":{"NAME":null},"geometry":{"type":"MultiPolygon","coordinates":[[[[126.8,26.4],[126.8,26.3],[126.7,26.3],[126.7,26.4],[126.8,26.4]]]]}},{"type":"Feature","properties":{"NAME":null},"geometry":{"type":"MultiPolygon","coordinates":[[[[129.0,27.7],[128.9,27.7],[128.9,27.8],[128.9,27.9],[129.0,27.9],[129.0,27.8],[129.0,27.7]]]]}},{"type":"Feature","properties":{"NAME":null},"geometry":{"type":"MultiPolygon","coordinates":[[[[128.6,27.4],[128.6,27.3],[128.5,27.4],[128.6,27.4],[128.7,27.4],[128.6,27.4]]]]}},{"type":"Feature","properties":{"NAME":null},"geometry":{"type":"MultiPolygon","coordinates":[[[[130.0,28.3],[129.9,28.3],[130.0,28.4],[130.0,28.3]]]]}},{"type":"Feature","properties":{"NAME":null},"geometry":{"type":"MultiPolygon","coordinates":[[[[129.3,28.1],[129.2,28.1],[129.2,28.2],[129.3,28.1],[129.4,28.1],[129.3,28.1]]]]}},{"type":"Feature","properties":{"NAME":null},"geometry":{"type":"MultiPolygon","coordinates":[[[[129.7,29.6],[129.7,29.7],[129.8,29.7],[129.8,29.6],[129.7,29.6]]]]}},{"type":"Feature","properties":{"NAME":"Denmark"},"geometry":{"type":"MultiPolygon","coordinates":[[[[10.6,55.1],[10.5,55.0],[10.2,55.1],[10.1,55.1],[10.2,55.1],[10.1,55.2],[10.0,55.2],[9.9,55.3],[9.8,55.4],[9.8,55.5],[9.7,55.5],[9.6,55.5],[9.5,55.4],[9.5,55.2],[9.5,55.1],[9.4,55.0],[9.5,54.9],[9.6,54.9],[9.9,54.7],[10.0,54.6],[10.0,54.5],[9.9,54.4],[10.1,54.4],[10.1,54.3],[9.9,54.3],[9.8,54.3],[9.7,54.3],[9.7,54.2],[9.4,54.2],[9.3,54.2],[9.3,54.3],[9.2,54.3],[9.1,54.3],[9.0,54.3],[8.9,54.2],[8.6,54.2],[8.6,54.3],[8.9,54.3],[9.0,54.4],[8.7,54.6],[8.6,54.8],[8.6,54.9],[8.6,55.1],[8.6,55.4],[8.5,55.3],[8.3,55.5],[8.2,55.4],[8.0,55.5],[8.1,55.6],[8.3,55.8],[8.1,56.1],[8.1,56.2],[8.2,56.4],[8.3,56.5],[8.5,56.4],[8.7,56.4],[8.9,56.6],[9.0,56.7],[9.1,56.5],[9.3,56.5],[9.3,56.7],[9.4,56.9],[9.8,56.9],[10.2,56.8],[10.2,56.6],[10.3,56.5],[10.8,56.4],[10.9,56.4],[10.8,56.1],[10.5,56.0],[10.4,56.2],[10.3,56.1],[10.2,56.1],[10.2,56.0],[10.1,55.8],[10.0,55.7],[10.0,55.6],[9.7,55.6],[9.7,55.5],[9.8,55.5],[9.9,55.5],[10,55.5],[10.1,55.6],[10.2,55.6],[10.3,55.6],[10.4,55.6],[10.5,55.5],[10.4,55.5],[10.4,55.4],[10.5,55.4],[10.6,55.5],[10.6,55.6],[10.7,55.6],[10.7,55.5],[10.8,55.4],[10.8,55.3],[10.8,55.2],[10.8,55.1],[10.7,55.1],[10.6,55.1]]],[[[9.9,54.9],[9.8,54.9],[9.8,55.0],[9.8,54.9],[9.8,55.0],[9.7,55.0],[9.6,55.0],[9.6,55.1],[9.7,55.1],[9.8,55.1],[10.0,55.0],[10.0,54.9],[10.1,54.9],[10.0,54.9],[9.9,54.9]]],[[[10.8,55.0],[10.9,55.0],[10.9,55.1],[10.9,55.2],[11.0,55.2],[11.0,55.1],[10.9,55.1],[10.9,55.0],[10.8,54.9],[10.8,54.8],[10.7,54.7],[10.7,54.8],[10.7,54.9],[10.7,55.0],[10.8,55.0]]],[[[11.9,54.7],[11.8,54.7],[11.8,54.6],[11.7,54.6],[11.7,54.7],[11.6,54.7],[11.5,54.6],[11.4,54.6],[11.3,54.7],[11.2,54.7],[11.1,54.7],[11.0,54.8],[11.0,54.9],[11.1,54.9],[11.1,55.0],[11.2,55.0],[11.3,55.0],[11.3,54.9],[11.4,54.9],[11.5,54.8],[11.6,54.8],[11.6,54.9],[11.7,54.9],[11.8,54.8],[11.9,54.7]]],[[[12.1,54.8],[12.0,54.7],[12.0,54.6],[11.9,54.6],[11.9,54.7],[11.9,54.8],[11.8,54.8],[11.8,54.9],[11.7,54.9],[11.7,55.0],[11.8,55.0],[11.9,55.0],[11.9,54.9],[12.0,54.9],[12.1,54.9],[12.2,54.8],[12.1,54.8]]],[[[11.1,54.5],[11.2,54.5],[11.3,54.5],[11.3,54.4],[11.1,54.4],[11.0,54.4],[11.0,54.5],[11.1,54.5]]],[[[8.4,57.0],[8.5,57.1],[8.7,57.1],[9.0,57.1],[9.3,57.2],[9.4,57.2],[9.8,57.6],[10.3,57.7],[10.4,57.7],[10.5,57.8],[10.6,57.7],[10.4,57.5],[10.5,57.5],[10.5,57.2],[10.3,57.2],[10.3,57.0],[9.5,57.0],[9.3,57.0],[9.1,57.0],[9.0,57.0],[8.8,57.0],[8.8,56.8],[8.7,56.7],[8.5,56.6],[8.4,56.7],[8.2,56.8],[8.4,57.0]]],[[[11.9,55.0],[11.8,55.2],[11.6,55.2],[11.3,55.2],[11.2,55.3],[11.1,55.6],[11.3,55.7],[11.6,55.9],[11.7,55.7],[12.0,55.6],[12.1,55.7],[12.1,56.0],[12.2,56.0],[12.4,56.0],[12.5,55.7],[12.4,55.5],[12.3,55.5],[12.2,55.4],[12.4,55.2],[12.3,55.2],[12.1,55.0],[12.0,55.0],[11.9,55.0]]],[[[14.8,55.3],[14.9,55.2],[15.0,55.2],[15.1,55.2],[15.1,55.1],[15.2,55.1],[15.1,55.1],[15.1,55.0],[15.0,55.0],[14.9,55.0],[14.7,55.1],[14.7,55.2],[14.7,55.3],[14.8,55.3]]]]}},{"type":"Feature","properties":{"NAME":"Rattanakosin Kingdom"},"geometry":{"type":"MultiPolygon","coordinates":[[[[103.6,14.4],[103.5,14.4],[103.3,14.3],[103.1,14.3],[102.8,14.1],[102.7,13.9],[102.4,13.5],[102.4,13.4],[102.3,13.2],[102.3,12.9],[102.4,12.7],[102.7,12.3],[102.6,12.1],[102.5,12.1],[102.3,12.2],[101.9,12.6],[101.7,12.7],[101.6,12.7],[101.3,12.6],[101.2,12.6],[101.0,12.7],[100.9,12.7],[100.9,12.8],[101.0,13.4],[100.9,13.4],[100.6,13.5],[100.5,13.5],[100.2,13.5],[100.0,13.4],[99.9,13.3],[100.0,13.0],[100.0,12.8],[99.8,12.5],[99.9,12.3],[99.9,12.1],[99.8,11.8],[99.5,11.2],[99.2,10.5],[99.1,9.9],[99.1,9.4],[99.2,9.2],[99.3,9.2],[99.5,9.2],[99.7,9.3],[99.8,9.2],[99.9,9.1],[99.9,8.9],[99.9,8.7],[99.9,8.6],[100.0,8.5],[100.1,8.5],[100.2,8.3],[100.3,7.9],[100.3,7.8],[100.3,7.4],[100.5,7.0],[100.6,7.0],[101.0,6.9],[101.2,6.8],[101.4,6.8],[101.6,6.7],[101.7,6.5],[102.0,6.2],[102.1,6.2],[102.0,6.0],[101.8,5.8],[101.8,5.6],[101.5,5.5],[101.5,5.8],[101.3,5.8],[101.2,5.7],[101.1,5.5],[101.0,5.6],[100.9,5.7],[101.0,5.9],[101.0,6.0],[101.0,6.1],[100.9,6.2],[100.7,6.2],[100.6,6.4],[100.4,6.4],[100.2,6.3],[100.2,6.4],[100.2,6.5],[100.2,6.6],[100.0,6.5],[99.8,6.5],[99.7,6.7],[99.6,6.9],[99.6,7.1],[99.6,7.3],[99.5,7.3],[99.3,7.3],[99.1,7.6],[99.0,7.9],[98.9,8.0],[98.7,8.1],[98.5,8.3],[98.4,8.2],[98.3,8.2],[98.2,8.3],[98.2,8.6],[98.3,8.9],[98.5,9.7],[98.6,10.1],[98.6,10.3],[99.1,11.1],[99.5,11.8],[99.6,11.9],[99.3,12.4],[99.1,13.0],[99.1,13.1],[99.1,13.4],[99.1,13.7],[99.0,13.9],[98.7,14.2],[98.5,14.4],[98.2,15.0],[98.1,15.2],[98.5,15.4],[98.6,15.5],[98.5,16.0],[98.5,16.1],[98.7,16.2],[98.8,16.3],[98.8,16.5],[98.5,16.9],[98.4,17.1],[97.9,17.5],[97.8,17.6],[97.7,18.0],[97.7,18.1],[97.4,18.4],[97.4,18.5],[97.3,18.5],[97.4,20.8],[97.8,21.4],[98.2,21.6],[97.7,23.9],[97.8,23.9],[98.1,24.1],[98.5,24.1],[98.7,24.1],[98.8,24.1],[98.9,23.3],[99.0,23.2],[99.2,23.2],[99.5,23.1],[99.5,23.0],[99.2,22.3],[99.2,22.1],[99.3,22.1],[99.5,22.1],[99.8,22.1],[99.9,22.0],[100.0,21.6],[100.2,21.5],[100.3,21.5],[100.6,21.5],[100.9,21.7],[100.9,21.5],[101.0,21.4],[100.8,21.3],[100.5,21.0],[100.4,20.7],[100.1,20.5],[100.0,20.5],[100.2,20.4],[100.4,20.3],[100.4,20.2],[100.4,20.0],[100.4,19.7],[100.4,19.5],[100.5,19.4],[100.7,19.4],[100.9,19.5],[101.1,19.6],[101.1,19.5],[101.2,18.9],[101.2,18.7],[101.0,18.0],[100.9,17.8],[100.9,17.6],[101.0,17.5],[101.2,17.4],[101.3,17.6],[101.6,17.8],[101.9,18.1],[102.0,18.1],[102.4,18.0],[102.7,17.8],[102.8,17.9],[103.0,18.0],[103.1,18.2],[103.2,18.4],[103.4,18.4],[103.8,18.3],[103.9,18.3],[104.0,18.2],[104.1,17.9],[104.4,17.6],[104.6,17.3],[104.6,16.6],[104.7,16.5],[104.8,16.3],[105.2,15.7],[105.4,15.4],[105.5,15.2],[105.5,14.7],[105.4,14.5],[105.1,14.2],[104.9,14.3],[104.7,14.4],[104.4,14.4],[104.2,14.4],[103.6,14.4]]]]}},{"type":"Feature","properties":{"NAME":"Korea"},"geometry":{"type":"MultiPolygon","coordinates":[[[[126.6,33.2],[126.5,33.2],[126.4,33.2],[126.3,33.2],[126.2,33.2],[126.2,33.3],[126.2,33.4],[126.3,33.4],[126.3,33.5],[126.4,33.5],[126.6,33.5],[126.7,33.5],[126.8,33.6],[126.8,33.5],[126.9,33.5],[126.9,33.4],[126.8,33.3],[126.7,33.3],[126.6,33.2]]],[[[126.7,34.3],[126.6,34.3],[126.7,34.4],[126.8,34.3],[126.7,34.3]]],[[[127.2,34.4],[127.1,34.4],[127.1,34.5],[127.2,34.5],[127.2,34.4]]],[[[127.8,34.5],[127.7,34.5],[127.8,34.5]]],[[[126.2,34.4],[126.1,34.4],[126.2,34.6],[126.3,34.6],[126.3,34.5],[126.4,34.5],[126.4,34.4],[126.3,34.4],[126.2,34.4]]],[[[127.8,34.6],[127.7,34.6],[127.8,34.7],[127.8,34.6]]],[[[126.0,34.6],[125.9,34.7],[126.0,34.7],[126.0,34.6]]],[[[126.0,34.8],[125.9,34.8],[125.9,34.7],[125.9,34.8],[126.0,34.8]]],[[[128.1,34.8],[128.0,34.8],[128.0,34.9],[128.1,34.9],[128.1,34.8]]],[[[126.0,34.9],[126.1,34.9],[126.0,34.9]]],[[[128.0,34.8],[128.1,34.8],[128.1,34.7],[128.0,34.7],[127.9,34.7],[127.8,34.8],[127.8,34.9],[127.9,34.9],[127.9,34.8],[128.0,34.8]]],[[[128.7,34.8],[128.7,34.7],[128.6,34.7],[128.6,34.8],[128.5,34.8],[128.5,34.9],[128.6,35.0],[128.7,35.0],[128.7,34.9],[128.8,34.9],[128.7,34.8]]],[[[126.1,35.0],[126.1,35.1],[126.2,35.1],[126.1,35.1],[126.1,35.0]]],[[[126.4,36.4],[126.3,36.4],[126.3,36.6],[126.4,36.6],[126.4,36.4]]],[[[130.9,37.4],[130.9,37.5],[130.8,37.5],[130.9,37.5],[130.9,37.4]]],[[[126.4,37.6],[126.3,37.7],[126.2,37.8],[126.1,37.6],[125.9,37.5],[125.7,37.8],[125.6,37.8],[125.3,37.5],[125.2,37.7],[125.1,37.8],[124.8,37.9],[124.7,38.1],[124.7,38.3],[124.9,38.5],[125.3,38.6],[125.3,38.7],[125.0,38.8],[125.2,39.2],[125.3,39.4],[125.2,39.5],[124.9,39.6],[124.7,39.6],[124.5,39.5],[124.4,39.6],[124.2,39.7],[124.1,39.8],[124.3,40.1],[124.5,40.3],[124.7,40.4],[125.4,40.7],[125.9,40.9],[126.2,41.2],[126.5,41.7],[126.6,41.7],[126.8,41.7],[127.0,41.5],[127.2,41.4],[127.4,41.4],[127.9,41.4],[128.1,41.4],[128.1,41.5],[127.8,41.8],[127.9,42.0],[128.0,42.1],[128.2,42.1],[128.3,42.1],[128.5,42.1],[128.8,42.1],[129.0,42.2],[129.5,42.4],[129.6,42.7],[129.7,42.9],[129.9,43.0],[130.0,43.0],[130.2,42.7],[130.4,42.5],[130.4,42.3],[129.8,41.9],[129.6,41.7],[129.6,41.5],[129.6,41.3],[129.6,41.1],[129.5,40.7],[129.2,40.6],[129.0,40.5],[128.8,40.4],[128.4,40.1],[128.2,40.0],[127.9,40.0],[127.7,39.9],[127.6,39.8],[127.4,39.6],[127.3,39.2],[127.4,39.1],[128.0,38.7],[128.1,38.5],[128.3,38.4],[128.3,38.5],[128.3,38.6],[128.4,38.6],[128.5,38.3],[128.6,38.1],[128.9,37.9],[128.9,37.8],[129.0,37.7],[129.1,37.7],[129.1,37.6],[129.1,37.5],[129.2,37.5],[129.3,37.4],[129.3,37.3],[129.4,37.2],[129.4,37.1],[129.4,37.0],[129.4,36.9],[129.5,36.8],[129.5,36.7],[129.4,36.7],[129.4,36.6],[129.4,36.5],[129.5,36.5],[129.4,36.4],[129.4,36.3],[129.4,36.0],[129.5,36.0],[129.5,36.1],[129.6,36.1],[129.6,36.0],[129.5,35.7],[129.5,35.6],[129.5,35.5],[129.4,35.5],[129.3,35.3],[129.2,35.2],[129.2,35.1],[129.1,35.1],[129.0,35.1],[128.9,35.1],[128.8,35.1],[128.7,35.1],[128.6,35.1],[128.6,35.2],[128.4,35.0],[128.5,35.1],[128.5,35.0],[128.5,34.9],[128.5,34.8],[128.4,34.8],[128.3,34.9],[128.4,34.9],[128.3,34.9],[128.2,34.9],[128.1,34.9],[128.0,34.9],[128.0,35.0],[127.9,35.0],[127.9,34.9],[127.8,34.9],[127.8,35.0],[127.7,34.9],[127.6,34.9],[127.6,34.8],[127.7,34.8],[127.8,34.8],[127.7,34.7],[127.6,34.6],[127.6,34.7],[127.6,34.8],[127.5,34.9],[127.4,34.8],[127.4,34.7],[127.5,34.6],[127.4,34.5],[127.3,34.4],[127.2,34.5],[127.1,34.5],[127.1,34.6],[127.2,34.6],[127.3,34.7],[127.4,34.7],[127.3,34.7],[127.2,34.7],[127.1,34.7],[127.0,34.6],[127.0,34.5],[126.9,34.5],[126.9,34.4],[126.8,34.4],[126.8,34.5],[126.8,34.6],[126.7,34.4],[126.6,34.3],[126.5,34.3],[126.5,34.5],[126.4,34.5],[126.3,34.6],[126.3,34.7],[126.3,34.8],[126.3,34.7],[126.4,34.7],[126.4,34.6],[126.5,34.6],[126.4,34.6],[126.5,34.6],[126.6,34.6],[126.5,34.7],[126.5,34.8],[126.6,34.8],[126.7,34.8],[126.6,34.9],[126.5,34.9],[126.5,34.8],[126.4,34.8],[126.4,34.9],[126.4,35.0],[126.4,34.9],[126.3,34.9],[126.3,35.0],[126.2,35.1],[126.3,35.1],[126.3,35.2],[126.3,35.1],[126.4,35.1],[126.3,35.1],[126.4,35.1],[126.4,35.0],[126.5,35.1],[126.4,35.1],[126.4,35.2],[126.4,35.3],[126.4,35.4],[126.5,35.5],[126.6,35.5],[126.7,35.5],[126.7,35.6],[126.6,35.6],[126.5,35.6],[126.6,35.7],[126.7,35.8],[126.8,35.8],[126.8,35.9],[126.7,35.9],[126.6,35.9],[126.6,36.0],[126.7,36.0],[126.8,36.0],[126.9,36.0],[126.9,36.1],[126.7,36.0],[126.5,36.1],[126.5,36.2],[126.5,36.4],[126.5,36.5],[126.5,36.6],[126.5,36.7],[126.4,36.7],[126.3,36.7],[126.3,36.6],[126.3,36.7],[126.2,36.7],[126.1,36.7],[126.1,36.8],[126.2,36.8],[126.2,36.9],[126.3,37.0],[126.3,36.9],[126.3,36.8],[126.4,36.9],[126.3,37.0],[126.4,37.0],[126.5,36.9],[126.5,36.8],[126.5,36.9],[126.5,37.0],[126.5,37.1],[126.6,37.0],[126.7,37.0],[126.8,37.0],[126.8,36.9],[126.8,36.8],[126.9,36.8],[127.0,36.9],[126.9,36.9],[126.9,37.0],[126.8,37.0],[126.8,37.1],[126.9,37.1],[126.9,37.2],[126.8,37.2],[126.7,37.1],[126.7,37.2],[126.7,37.3],[126.8,37.2],[126.9,37.3],[126.8,37.3],[126.7,37.3],[126.7,37.4],[126.6,37.5],[126.7,37.5],[126.7,37.6],[126.6,37.6],[126.5,37.6],[126.5,37.7],[126.5,37.6],[126.4,37.6]]],[[[124.7,37.9],[124.6,37.9],[124.6,38.0],[124.7,38.0],[124.7,37.9]]]]}},{"type":"Feature","properties":{"NAME":"Germany"},"geometry":{"type":"MultiPolygon","coordinates":[[[[14.1,53.8],[14.0,53.9],[13.8,53.8],[13.8,53.9],[13.8,54.0],[14.1,53.9],[14.2,53.9],[14.2,53.8],[14.1,53.8]]],[[[14.2,53.8],[14.2,53.9],[14.3,53.9],[14.4,53.9],[14.5,53.9],[14.5,53.8],[14.3,53.8],[14.2,53.8]]],[[[18.5,50.0],[18.2,50.0],[18.0,50.1],[17.9,50.0],[17.8,50.0],[17.7,50.1],[17.7,50.2],[17.6,50.2],[17.7,50.3],[17.4,50.3],[17.2,50.4],[17.0,50.5],[16.9,50.5],[16.9,50.4],[17.0,50.3],[16.8,50.2],[16.7,50.1],[16.6,50.2],[16.5,50.4],[16.2,50.5],[16.3,50.6],[16.4,50.6],[16.4,50.7],[16.2,50.7],[16.0,50.7],[15.9,50.7],[15.8,50.8],[15.6,50.8],[15.5,50.8],[15.3,50.9],[15.3,51.0],[15.2,51.1],[15.0,51.1],[15.0,51.0],[15.0,50.9],[14.8,50.9],[14.6,50.9],[14.6,51.0],[14.5,51.1],[14.3,51.0],[14.4,50.9],[14.3,50.9],[14.1,50.9],[13.9,50.8],[13.5,50.8],[13.5,50.7],[13.4,50.7],[13.2,50.7],[13.2,50.6],[13.0,50.6],[13.0,50.5],[12.8,50.5],[12.6,50.4],[12.5,50.4],[12.3,50.3],[12.2,50.2],[12.3,50.2],[12.4,50.0],[12.6,50.0],[12.5,49.9],[12.4,49.7],[12.5,49.7],[12.5,49.6],[12.6,49.5],[12.9,49.4],[13.2,49.2],[13.4,49.1],[13.5,49.0],[13.6,49.0],[13.7,49.0],[13.7,48.9],[13.9,48.7],[13.6,48.5],[13.4,48.6],[13.4,48.4],[13.3,48.4],[12.9,48.2],[12.7,48.1],[12.9,47.9],[12.8,47.7],[13.0,47.7],[13.0,47.5],[12.9,47.5],[12.7,47.6],[12.8,47.6],[12.7,47.7],[12.4,47.7],[12.2,47.7],[12.1,47.6],[11.6,47.6],[11.5,47.5],[11.4,47.5],[11.3,47.5],[11.2,47.4],[10.9,47.4],[10.9,47.5],[10.8,47.5],[10.6,47.6],[10.5,47.6],[10.4,47.6],[10.4,47.5],[10.2,47.3],[10.1,47.3],[10.1,47.4],[10.0,47.4],[10.0,47.5],[9.9,47.5],[9.9,47.6],[9.8,47.6],[9.7,47.6],[9.6,47.6],[9.5,47.6],[9.5,47.7],[9.5,47.6],[9.4,47.7],[9.3,47.7],[9.2,47.7],[9.1,47.8],[9.0,47.8],[9.1,47.8],[9.2,47.7],[9.1,47.7],[9.0,47.7],[9.1,47.7],[9.0,47.7],[8.9,47.7],[9.0,47.7],[8.8,47.7],[8.7,47.7],[8.7,47.8],[8.6,47.8],[8.3,47.7],[8.4,47.6],[8.3,47.6],[8.1,47.6],[7.9,47.6],[7.8,47.6],[7.6,47.6],[7.5,47.6],[7.4,47.7],[7.5,48.0],[7.5,48.1],[7.5,48.2],[7.7,48.4],[7.7,48.5],[7.7,48.6],[8.2,49.0],[7.9,49.1],[7.7,49.1],[7.5,49.1],[7.4,49.2],[7.3,49.2],[7.0,49.1],[7.0,49.2],[6.8,49.2],[6.6,49.3],[6.4,49.4],[6.4,49.6],[6.5,49.7],[6.5,49.8],[6.3,49.8],[6.1,50.0],[6.1,50.1],[6.3,50.3],[6.3,50.5],[6.2,50.7],[6.0,50.7],[6.1,50.9],[6.0,51.0],[5.9,51.0],[6.0,51.0],[6.1,51.1],[6.2,51.1],[6.1,51.2],[6.2,51.3],[6.2,51.4],[6.2,51.5],[6.1,51.6],[5.9,51.7],[6.0,51.8],[6.1,51.8],[6.2,51.9],[6.4,51.8],[6.7,51.9],[6.8,52.0],[6.9,52.1],[7.1,52.2],[7.1,52.3],[7.1,52.4],[7.0,52.4],[6.9,52.4],[6.7,52.5],[6.7,52.6],[6.8,52.6],[7.0,52.6],[7.1,52.8],[7.2,53.0],[7.2,53.2],[7.0,53.3],[7.0,53.5],[7.2,53.6],[7.3,53.6],[7.8,53.6],[7.9,53.6],[8.0,53.6],[8.1,53.4],[8.0,53.4],[8.2,53.3],[8.2,53.4],[8.3,53.4],[8.2,53.5],[8.3,53.5],[8.5,53.4],[8.4,53.6],[8.5,53.8],[8.6,53.8],[8.8,53.7],[9.1,53.8],[8.9,53.9],[8.8,54.0],[8.9,54.0],[8.8,54.1],[8.9,54.2],[9.0,54.3],[9.1,54.3],[9.2,54.3],[9.3,54.3],[9.3,54.2],[9.4,54.2],[9.7,54.2],[9.7,54.3],[9.8,54.3],[9.9,54.3],[10.1,54.3],[10.2,54.4],[10.3,54.4],[10.4,54.3],[10.6,54.3],[11.0,54.3],[11.1,54.2],[11.0,54.2],[11.0,54.1],[10.7,54.0],[10.8,53.9],[10.9,53.9],[11.0,53.9],[11.2,53.9],[11.4,53.9],[11.6,54.0],[12.0,54.1],[12.3,54.2],[12.5,54.3],[12.7,54.3],[12.8,54.3],[12.9,54.3],[13.0,54.3],[13.1,54.2],[13.3,54.1],[13.4,54.0],[13.7,54.1],[13.7,54.0],[13.8,53.9],[13.8,53.8],[13.9,53.7],[14.0,53.7],[14.2,53.7],[14.2,53.6],[14.3,53.6],[14.4,53.6],[14.5,53.5],[14.5,53.6],[14.6,53.7],[14.6,53.8],[14.5,53.8],[14.5,53.9],[14.9,54.0],[15.1,54.0],[15.3,54.1],[15.9,54.1],[16.1,54.2],[16.5,54.4],[17.0,54.5],[17.7,54.7],[18.3,54.7],[18.8,54.5],[18.4,54.7],[18.3,54.6],[18.5,54.5],[18.5,54.3],[18.7,54.3],[19.0,54.2],[19.3,54.3],[19.7,54.5],[19.8,54.5],[19.3,54.3],[19.2,54.2],[19.3,54.2],[19.5,54.2],[19.7,54.3],[20.0,54.4],[20.2,54.5],[20.3,54.6],[20.2,54.6],[20.0,54.5],[19.9,54.6],[19.9,54.5],[19.8,54.5],[19.9,54.8],[20.1,54.8],[20.8,54.8],[21.0,54.8],[21.1,54.8],[21.2,55.0],[21.1,55.1],[21.2,55.1],[21.2,55.2],[21.1,55.3],[21.2,55.3],[21.0,55.6],[21.0,55.7],[21.0,56.0],[20.9,56.1],[21.3,55.9],[21.7,55.4],[22.6,55.0],[22.6,54.9],[22.8,54.9],[22.8,54.8],[22.7,54.7],[22.7,54.6],[22.7,54.5],[22.7,54.4],[22.7,53.9],[22.8,53.8],[21.1,53.3],[20.7,53.3],[20.5,53.1],[20.1,53.2],[20.0,53.0],[19.6,53.1],[19.5,53.2],[19.4,53.1],[19.3,53.2],[19.0,53.1],[19.0,53.0],[18.8,53.1],[18.8,52.9],[18.6,52.8],[18.7,52.7],[18.5,52.7],[18.5,52.6],[18.6,52.5],[18.5,52.4],[18.1,52.4],[17.9,52.2],[18.0,51.9],[18.1,51.8],[18.1,51.0],[18.6,50.6],[18.8,50.2],[18.7,50.0],[18.5,50.0]]]]}},{"type":"Feature","properties":{"NAME":"Russian Empire"},"geometry":{"type":"MultiPolygon","coordinates":[[[[142.7,47.4],[143.0,47.0],[143.2,46.9],[143.4,46.6],[143.3,46.0],[143.0,46.6],[142.6,46.7],[142.5,46.7],[142.3,46.6],[142.2,46.3],[141.9,45.9],[141.7,46.1],[141.6,46.6],[141.9,47.1],[141.7,47.5],[141.8,47.7],[142.0,48.0],[142.0,48.3],[141.9,48.5],[141.8,48.7],[141.7,48.8],[141.9,48.9],[142.0,49.4],[142.1,49.7],[142.1,50.3],[142.2,50.9],[142.1,51.2],[142.0,51.4],[141.6,51.8],[141.6,52.2],[141.6,52.3],[141.8,52.6],[141.8,53.0],[141.7,53.2],[141.8,53.3],[141.9,53.3],[142.2,53.3],[142.7,53.5],[142.9,53.3],[143.1,53.1],[143.1,52.9],[143.1,52.5],[143.0,52.3],[142.9,52.0],[142.9,51.6],[143.1,51.3],[143.3,50.9],[143.6,50.2],[144.0,49.5],[144.5,48.8],[144.0,49.1],[143.6,49.2],[143.2,49.3],[143.0,49.2],[142.9,49.1],[142.6,48.7],[142.5,48.2],[142.5,47.9],[142.6,47.5],[142.7,47.4]]],[[[56.2,71.3],[56.4,71.1],[56.7,71.0],[57.3,70.8],[57.2,70.7],[56.1,70.7],[55.7,70.7],[55.3,70.6],[55.0,70.5],[54.7,70.7],[54.5,70.8],[54.0,70.7],[53.7,70.8],[53.7,70.9],[54.3,71.1],[54.4,71.2],[54.3,71.2],[53.9,71.3],[53.2,71.5],[52.6,71.6],[52.4,71.5],[52.1,71.5],[51.8,71.5],[51.5,71.7],[51.5,71.8],[51.6,72.0],[51.8,72.1],[51.9,72.1],[52.1,72.0],[52.4,72.0],[52.6,72.1],[53.1,72.5],[53.2,72.6],[53.1,72.6],[52.6,72.7],[53.1,72.9],[53.3,73.0],[53.5,73.1],[54.1,73.1],[54.7,73.3],[55.2,73.3],[55.8,73.3],[56.1,73.3],[56.5,73.2],[56.5,73.1],[56.3,72.9],[56.1,72.8],[55.8,72.8],[55.6,72.7],[55.5,72.5],[55.5,72.1],[55.7,71.6],[56.2,71.3]]],[[[56.7,74.7],[56.5,74.8],[56.3,74.9],[57.0,75.3],[57.2,75.3],[57.3,75.3],[57.7,75.3],[58.2,75.5],[58.6,75.7],[59.0,75.8],[59.5,75.9],[60.0,75.9],[60.6,75.9],[60.9,76.0],[61.3,76.2],[61.4,76.2],[61.8,76.3],[62.6,76.2],[62.8,76.2],[63.7,76.3],[64.1,76.3],[65.1,76.5],[65.9,76.5],[66.3,76.8],[66.4,76.8],[67.6,76.9],[68.5,76.9],[68.7,76.9],[68.9,76.8],[68.9,76.6],[68.6,76.4],[68.3,76.3],[67.7,76.2],[66.5,76.0],[64.6,75.8],[63.6,75.6],[62.7,75.5],[61.8,75.4],[60.9,75.2],[60.5,75.2],[60.3,75.0],[60.6,74.9],[60.4,74.8],[60.0,74.7],[59.8,74.7],[58.9,74.7],[58.7,74.6],[58.6,74.5],[58.9,74.4],[58.7,74.3],[58.2,74.1],[58.0,74.1],[57.7,74.2],[57.4,74.1],[57.8,73.9],[57.8,73.8],[57.3,73.5],[57.0,73.4],[56.7,73.4],[56.3,73.5],[55.8,73.6],[55.4,73.6],[55.0,73.5],[54.7,73.5],[54.5,73.5],[54.0,73.7],[54.3,73.9],[54.9,74.1],[55.2,74.1],[55.9,74.1],[55.9,74.3],[55.6,74.4],[55.8,74.5],[56.0,74.6],[56.3,74.6],[56.7,74.7]]],[[[-174.4,66.9],[-174.3,67.1],[-173.9,67.2],[-173.4,67.0],[-173.2,67.0],[-172.8,67.0],[-172.4,67.0],[-172.0,67.0],[-171.5,66.8],[-171.2,66.6],[-170.5,66.3],[-170.3,66.3],[-170.1,66.2],[-169.9,66.1],[-169.8,66.0],[-170.0,66.0],[-170.4,66.1],[-170.6,66.0],[-171.0,65.7],[-171.7,65.9],[-171.6,65.8],[-171.4,65.7],[-171.2,65.6],[-171.7,65.6],[-172.2,65.6],[-172.7,65.8],[-173.0,65.8],[-173.0,65.7],[-172.9,65.6],[-172.8,65.6],[-172.6,65.5],[-172.5,65.4],[-172.4,65.2],[-172.4,65.0],[-172.8,65.0],[-173.2,65.0],[-173.3,64.9],[-173.0,64.5],[-173.1,64.4],[-173.5,64.4],[-173.7,64.4],[-174.3,64.5],[-174.4,64.6],[-175.2,64.8],[-175.3,64.7],[-175.8,64.9],[-176.0,65.0],[-176.1,65.2],[-176.0,65.3],[-176.1,65.5],[-176.5,65.6],[-176.8,65.6],[-177.1,65.6],[-177.5,65.5],[-178.1,65.5],[-178.7,65.5],[-178.6,65.7],[-178.7,65.8],[-179.0,66.1],[-179.4,66.0],[-179.6,65.8],[-180,65.3],[-180,69.0],[-178.9,68.6],[-178.1,68.4],[-177.7,68.3],[-176.0,67.8],[-175.5,67.7],[-175.4,67.6],[-175.4,67.5],[-175.2,67.3],[-175.0,67.0],[-175.1,66.8],[-174.6,66.4],[-174.2,66.3],[-174.2,66.4],[-174.1,66.4],[-174.1,66.5],[-174.4,66.7],[-174.4,66.9]]],[[[60.5,69.8],[60.4,69.7],[60.3,69.7],[60.2,69.7],[60.1,69.7],[60.0,69.7],[59.9,69.7],[59.8,69.7],[59.7,69.7],[59.6,69.7],[59.5,69.7],[59.5,69.8],[59.6,69.8],[59.4,69.9],[59.3,69.9],[59.1,69.9],[59.0,69.9],[58.9,69.9],[59.0,69.9],[59.1,69.9],[59.0,69.9],[58.7,70.0],[58.6,70.0],[58.6,70.1],[58.6,70.2],[58.5,70.2],[58.4,70.3],[58.5,70.3],[58.6,70.3],[58.6,70.2],[58.7,70.2],[58.8,70.2],[58.8,70.3],[58.7,70.3],[58.6,70.3],[58.8,70.4],[58.9,70.4],[59.0,70.5],[59.0,70.4],[59.1,70.4],[59.2,70.4],[59.3,70.4],[59.4,70.3],[59.5,70.3],[59.6,70.2],[59.8,70.2],[59.8,70.1],[59.9,70.1],[60.1,70.1],[60.3,70.0],[60.4,70.0],[60.4,69.9],[60.5,69.9],[60.5,69.8]]],[[[50.2,69.1],[50.2,69.2],[50.1,69.1],[50.0,69.1],[49.9,69.0],[49.8,69.0],[49.8,68.9],[49.7,68.9],[49.5,68.8],[49.4,68.8],[49.1,68.8],[48.9,68.7],[48.8,68.7],[48.6,68.7],[48.2,68.9],[48.2,69.1],[48.3,69.1],[48.3,69.2],[48.3,69.3],[48.4,69.3],[48.4,69.4],[48.6,69.4],[48.7,69.5],[48.8,69.5],[48.9,69.5],[49.0,69.5],[49.1,69.5],[49.2,69.5],[49.3,69.5],[49.4,69.5],[49.5,69.4],[49.6,69.4],[49.7,69.4],[49.9,69.3],[50.1,69.3],[50.2,69.3],[50.2,69.2],[50.3,69.2],[50.3,69.1],[50.2,69.0],[50.1,69.0],[50.1,69.1],[50.2,69.1]]],[[[143.1,73.6],[143.2,73.6],[143.4,73.5],[143.5,73.5],[143.5,73.4],[143.4,73.4],[143.5,73.4],[143.5,73.3],[143.5,73.2],[143.2,73.2],[143.1,73.2],[143.0,73.2],[142.9,73.2],[142.6,73.3],[142.5,73.2],[142.4,73.2],[142.3,73.3],[142.2,73.3],[142.1,73.3],[142.0,73.3],[141.8,73.3],[141.6,73.3],[141.5,73.3],[141.2,73.4],[141.0,73.4],[140.8,73.4],[140.7,73.5],[140.6,73.4],[140.4,73.4],[140.3,73.4],[140.2,73.4],[140.1,73.4],[140.0,73.4],[140.0,73.3],[139.9,73.3],[139.8,73.3],[139.7,73.4],[139.8,73.4],[140.1,73.5],[140.2,73.5],[140.3,73.5],[140.4,73.5],[140.5,73.5],[140.6,73.5],[140.6,73.6],[140.7,73.6],[140.7,73.7],[140.8,73.7],[140.9,73.8],[141.1,73.9],[141.2,73.9],[141.3,73.9],[141.4,73.9],[141.5,73.9],[141.6,73.9],[141.7,73.9],[142.0,73.9],[142.1,73.9],[142.2,73.9],[142.3,73.9],[142.4,73.9],[142.5,73.8],[142.6,73.8],[142.7,73.8],[143.0,73.7],[143.1,73.7],[143.1,73.6]]],[[[147.2,75.4],[147.3,75.4],[147.4,75.4],[147.5,75.4],[147.6,75.4],[147.7,75.4],[147.8,75.4],[147.9,75.4],[148.1,75.4],[148.2,75.4],[148.3,75.4],[148.4,75.4],[148.6,75.4],[148.5,75.3],[148.4,75.3],[148.5,75.3],[148.6,75.2],[148.8,75.2],[148.9,75.2],[149.0,75.2],[149.1,75.3],[149.3,75.3],[149.5,75.3],[149.6,75.3],[149.9,75.2],[150.0,75.2],[150.1,75.2],[150.2,75.2],[150.5,75.1],[150.6,75.1],[150.7,75.1],[150.7,75.2],[150.8,75.2],[150.9,75.2],[151.0,75.1],[150.9,75.1],[150.8,75.1],[150.6,75.0],[150.7,75.0],[150.7,74.9],[150.6,74.9],[150.5,74.9],[150.4,74.9],[150.1,74.8],[150.0,74.8],[149.8,74.8],[149.7,74.8],[149.6,74.8],[149.5,74.8],[149.2,74.8],[149.0,74.8],[148.7,74.8],[148.6,74.8],[148.3,74.8],[148.2,74.8],[148.1,74.8],[148.0,74.8],[147.8,74.9],[147.7,74.9],[147.7,75.0],[147.6,75.0],[147.5,75.0],[147.4,75.0],[147.3,75.0],[147.1,75.0],[147.0,75.0],[146.9,75.1],[146.7,75.1],[146.5,75.1],[146.4,75.2],[146.3,75.2],[146.2,75.2],[146.1,75.2],[146.1,75.3],[146.2,75.3],[146.2,75.4],[146.4,75.6],[146.5,75.6],[146.6,75.6],[146.7,75.5],[146.8,75.5],[146.7,75.5],[146.6,75.4],[146.8,75.4],[147.0,75.3],[147.1,75.3],[147.2,75.3],[147.3,75.3],[147.3,75.4],[147.2,75.4]]],[[[140.1,74.0],[140.1,74.1],[140.1,74.2],[140.2,74.2],[140.3,74.3],[140.4,74.3],[140.5,74.3],[140.6,74.3],[140.7,74.3],[140.8,74.3],[140.9,74.3],[141.0,74.3],[141.1,74.2],[141.1,74.1],[141.1,74.0],[141.0,74.0],[140.9,74.0],[140.8,74.0],[140.6,73.9],[140.4,73.9],[140.3,73.9],[140.3,74.0],[140.1,74.0]]],[[[139.8,76.0],[139.9,76.0],[139.9,75.9],[139.8,75.9],[139.9,75.8],[140.0,75.8],[140.2,75.8],[140.3,75.8],[140.4,75.8],[140.5,75.8],[140.5,75.7],[140.4,75.7],[140.4,75.6],[140.5,75.6],[140.6,75.6],[140.9,75.6],[141.0,75.6],[141.1,75.6],[141.0,75.7],[140.9,75.7],[140.9,75.8],[140.9,75.9],[140.9,76.0],[141.0,76.0],[141.0,76.1],[141.2,76.1],[141.4,76.0],[141.5,76.0],[141.6,76.0],[141.5,76.1],[141.4,76.1],[141.4,76.2],[141.3,76.2],[141.4,76.2],[141.6,76.1],[141.8,76.1],[142.0,76.0],[142.1,76.0],[142.4,75.9],[142.5,75.9],[142.6,75.9],[142.7,75.8],[142.8,75.8],[142.9,75.8],[143.0,75.8],[143.1,75.8],[143.2,75.8],[143.4,75.8],[143.6,75.9],[143.7,75.9],[143.9,75.8],[144.0,75.8],[144.2,75.8],[144.5,75.7],[144.6,75.7],[144.7,75.7],[144.8,75.7],[144.8,75.6],[144.9,75.6],[145.0,75.6],[145.1,75.6],[145.2,75.6],[145.3,75.6],[145.4,75.5],[145.3,75.5],[145.2,75.5],[145.1,75.5],[145.0,75.5],[144.9,75.5],[144.8,75.4],[144.7,75.4],[144.7,75.3],[144.8,75.3],[144.9,75.3],[144.8,75.3],[144.7,75.2],[144.6,75.1],[144.5,75.1],[144.4,75.1],[144.3,75.0],[144.2,75.0],[144.2,75.1],[144.1,75.0],[144.0,75.0],[143.9,75.0],[143.8,75.1],[143.6,75.1],[143.5,75.1],[143.4,75.1],[143.3,75.1],[143.2,75.1],[143.0,75.1],[142.9,75.1],[142.9,75.2],[142.8,75.2],[142.7,75.2],[142.7,75.3],[142.6,75.3],[142.5,75.3],[142.5,75.4],[142.5,75.5],[142.6,75.5],[142.7,75.5],[142.8,75.6],[142.9,75.6],[143.0,75.6],[143.0,75.7],[142.9,75.7],[142.7,75.7],[142.6,75.7],[142.5,75.7],[142.4,75.7],[142.2,75.7],[142.1,75.6],[142.1,75.5],[142.2,75.4],[142.2,75.3],[142.3,75.3],[142.4,75.3],[142.6,75.2],[142.6,75.1],[142.7,75.1],[142.8,75.1],[142.9,75.1],[143.0,75.1],[143.1,75.1],[143.2,75.0],[143.3,75.0],[143.4,75.0],[143.5,75.0],[143.6,75.0],[143.7,75.0],[143.7,74.9],[143.6,74.9],[143.5,74.9],[143.4,74.9],[143.3,74.9],[143.2,74.9],[143.1,74.9],[143.0,74.9],[142.8,74.9],[142.7,74.9],[142.6,74.8],[142.7,74.8],[142.6,74.8],[142.5,74.8],[142.4,74.8],[142.1,74.9],[142.0,74.9],[142.0,75.0],[142.1,75.0],[142.2,74.9],[142.3,74.9],[142.4,74.9],[142.2,75.0],[142.0,75.0],[141.8,75.0],[141.7,75.0],[141.6,74.9],[141.5,74.9],[141.4,74.9],[141.2,74.9],[141.1,74.9],[141.0,74.9],[140.9,74.9],[140.8,74.9],[140.7,74.9],[140.6,74.9],[140.5,74.9],[140.3,74.8],[140.1,74.8],[140.0,74.9],[139.9,74.9],[139.8,75.0],[139.7,75.0],[139.6,75.0],[139.5,74.9],[139.6,74.9],[139.6,74.8],[139.5,74.8],[139.4,74.7],[139.3,74.7],[139.2,74.7],[139.1,74.6],[139.0,74.7],[138.9,74.7],[138.8,74.7],[138.7,74.7],[138.5,74.8],[138.3,74.8],[138.2,74.8],[138.1,74.8],[138.0,74.8],[137.9,74.8],[137.9,74.9],[137.8,74.9],[137.8,75.0],[137.7,75.0],[137.6,75.0],[137.5,75.0],[137.3,75.1],[137.1,75.1],[137.0,75.2],[136.9,75.3],[136.9,75.4],[137.0,75.4],[137.1,75.4],[137.1,75.3],[137.2,75.3],[137.3,75.3],[137.4,75.3],[137.4,75.4],[137.3,75.4],[137.2,75.4],[137.1,75.4],[137.1,75.5],[137.2,75.5],[137.3,75.6],[137.2,75.6],[137.1,75.6],[137.0,75.6],[137.1,75.6],[137.0,75.6],[137.1,75.6],[137.1,75.7],[137.2,75.7],[137.1,75.7],[137.2,75.8],[137.3,75.8],[137.5,75.8],[137.6,75.8],[137.7,75.7],[137.7,75.8],[137.6,75.8],[137.4,75.9],[137.4,76.0],[137.5,76.0],[137.6,76.0],[137.7,76.0],[137.8,76.0],[137.9,76.0],[138.0,76.0],[138.1,76.0],[138.1,76.1],[138.0,76.1],[138.1,76.1],[138.2,76.1],[138.3,76.1],[138.4,76.1],[138.5,76.1],[138.5,76.2],[138.6,76.2],[138.7,76.2],[138.8,76.2],[138.9,76.2],[139.0,76.2],[139.0,76.1],[139.1,76.1],[139.2,76.1],[139.3,76.1],[139.4,76.0],[139.5,76.0],[139.6,76.0],[139.7,76.0],[139.8,76.0]]],[[[-178.2,71.5],[-178.1,71.5],[-178.0,71.4],[-177.8,71.3],[-177.7,71.3],[-177.6,71.3],[-177.5,71.3],[-177.5,71.2],[-177.4,71.2],[-177.5,71.2],[-177.6,71.1],[-177.7,71.1],[-177.9,71.0],[-178.0,71.0],[-178.1,71.0],[-178.2,71.0],[-178.3,71.0],[-178.4,71.0],[-178.5,71.0],[-178.6,71.0],[-178.7,71.0],[-178.8,71.0],[-178.9,71.0],[-179.0,71.0],[-179.0,70.9],[-179.3,70.9],[-179.5,70.9],[-179.6,70.9],[-179.7,71.0],[-179.9,71.0],[-180.0,71.0],[-180,71.5],[-179.9,71.5],[-179.9,71.6],[-179.6,71.6],[-179.5,71.6],[-179.3,71.6],[-179.2,71.6],[-179.1,71.6],[-179.0,71.6],[-178.7,71.6],[-178.6,71.6],[-178.4,71.5],[-178.3,71.5],[-178.2,71.5]]],[[[71.3,73.3],[71.4,73.3],[71.5,73.3],[71.6,73.3],[71.7,73.2],[71.6,73.2],[71.5,73.2],[71.4,73.2],[71.3,73.2],[71.3,73.1],[71.2,73.1],[71.1,73.1],[71.0,73.1],[70.9,73.1],[70.7,73.1],[70.6,73.1],[70.5,73.1],[70.5,73.0],[70.4,73.0],[70.3,73.0],[70.2,73.0],[70.2,73.1],[70.1,73.1],[70.0,73.1],[70.0,73.0],[70.1,73.0],[69.9,73.0],[69.9,73.1],[70.0,73.1],[70.0,73.2],[70.1,73.2],[70.1,73.3],[70.0,73.3],[70.0,73.4],[70.2,73.5],[70.4,73.5],[70.5,73.5],[70.7,73.5],[70.9,73.5],[71.0,73.5],[71.2,73.5],[71.3,73.4],[71.1,73.4],[71.0,73.3],[71.2,73.3],[71.3,73.3]]],[[[179.8,70.9],[179.7,70.9],[179.5,70.9],[179.4,70.9],[179.3,70.9],[179.1,70.9],[179.0,70.8],[178.9,70.8],[178.8,70.8],[178.7,70.9],[178.6,71.0],[178.6,71.1],[178.7,71.1],[178.9,71.2],[179.0,71.2],[179.0,71.3],[179.1,71.3],[179.2,71.3],[179.4,71.4],[179.5,71.4],[179.6,71.4],[179.6,71.5],[179.7,71.5],[179.8,71.5],[179.9,71.5],[179.8,71.5],[179.9,71.5],[180.0,71.5],[180,71.0],[179.9,71.0],[179.8,71.0],[179.8,70.9]]],[[[24.1,50.6],[23.1,50.4],[22.5,50.4],[22.4,50.7],[21.9,50.8],[21.2,50.4],[20.8,50.4],[20.3,50.1],[19.9,50.2],[19.3,50.3],[18.8,50.2],[18.6,50.6],[18.1,51.0],[18.1,51.8],[18.0,51.9],[17.9,52.2],[18.1,52.4],[18.5,52.4],[18.6,52.5],[18.5,52.6],[18.5,52.7],[18.7,52.7],[18.6,52.8],[18.8,52.9],[18.8,53.1],[19.0,53.0],[19.0,53.1],[19.3,53.2],[19.4,53.1],[19.5,53.2],[19.6,53.1],[20.0,53.0],[20.1,53.2],[20.5,53.1],[20.7,53.3],[21.1,53.3],[22.8,53.8],[22.7,53.9],[22.7,54.4],[22.7,54.5],[22.7,54.6],[22.7,54.7],[22.8,54.8],[22.8,54.9],[22.6,54.9],[22.6,55.0],[21.7,55.4],[21.3,55.9],[20.9,56.1],[20.9,56.5],[21.0,56.6],[21.0,56.7],[21.3,56.9],[21.3,57.2],[21.5,57.2],[21.6,57.4],[21.7,57.5],[21.8,57.5],[22.3,57.6],[22.4,57.6],[22.6,57.6],[22.6,57.5],[22.9,57.3],[23.1,57.3],[23.2,57.0],[23.4,56.9],[23.8,56.9],[24.2,57.0],[24.3,57.0],[24.3,57.2],[24.3,57.3],[24.2,57.7],[24.3,57.8],[24.3,57.9],[24.4,57.9],[24.4,58.1],[24.5,58.2],[24.3,58.3],[24.1,58.1],[23.9,58.2],[23.7,58.2],[23.7,58.7],[23.5,58.6],[23.4,58.8],[23.4,58.9],[23.3,59.0],[23.5,59.0],[23.4,59.1],[23.6,59.1],[24.0,59.2],[24.3,59.3],[24.3,59.4],[24.5,59.3],[24.6,59.4],[24.7,59.4],[24.8,59.4],[25.2,59.4],[25.4,59.5],[25.5,59.4],[25.7,59.5],[26.3,59.4],[26.9,59.4],[27.0,59.3],[27.3,59.3],[27.7,59.3],[27.9,59.3],[28.0,59.5],[27.9,59.5],[27.9,59.6],[28.1,59.7],[28.2,59.6],[28.3,59.6],[28.4,59.6],[28.3,59.7],[28.4,59.7],[28.7,59.6],[28.8,59.7],[28.9,59.8],[29.1,59.9],[29.4,59.9],[29.8,59.7],[30.0,59.7],[30.1,59.8],[30.0,60.0],[29.7,60.1],[29.5,60.1],[29.0,60.1],[28.7,60.1],[28.6,60.2],[28.4,60.3],[28.6,60.5],[28.5,60.6],[28.4,60.6],[28.0,60.5],[27.5,60.4],[27.4,60.3],[27.2,60.4],[26.9,60.4],[26.9,60.3],[26.6,60.3],[26.5,60.4],[26.6,60.6],[26.4,60.3],[26.3,60.3],[26.0,60.2],[25.9,60.2],[25.8,60.1],[25.6,60.3],[25.4,60.1],[25.1,60.1],[25.0,60.0],[25.0,60.1],[24.7,60.0],[24.5,60.0],[24.4,59.9],[24.3,59.9],[24.0,59.9],[23.7,59.8],[23.4,59.8],[23.2,59.8],[23.0,59.9],[22.9,60.1],[23.0,60.2],[22.6,60.2],[22.4,60.1],[22.4,60.3],[22.2,60.3],[21.9,60.4],[21.7,60.4],[21.6,60.5],[21.4,60.7],[21.4,61.0],[21.5,61.2],[21.5,61.4],[21.6,61.5],[21.4,61.7],[21.2,61.9],[21.3,62.2],[21.3,62.3],[21.2,62.4],[21.0,62.5],[21.1,62.6],[21.2,62.8],[21.5,62.9],[21.5,63.0],[21.5,63.1],[21.7,63.2],[22.0,63.1],[22.1,63.1],[22.3,63.2],[22.4,63.4],[22.5,63.6],[22.6,63.7],[22.7,63.6],[22.8,63.6],[23.6,64.1],[24.1,64.4],[24.5,64.6],[24.9,64.8],[25.3,64.8],[25.4,64.9],[25.3,65.0],[25.1,65.1],[25.2,65.2],[25.3,65.4],[25.1,65.5],[24.6,65.6],[24.2,65.8],[23.9,65.8],[23.9,65.9],[23.7,66.0],[23.7,66.3],[23.9,66.6],[23.9,66.8],[23.7,67.1],[23.5,67.4],[23.5,67.6],[23.5,67.8],[23.1,68.1],[22.9,68.2],[22.2,68.3],[21.7,68.4],[21.1,68.7],[20.9,68.9],[20.8,68.9],[21.2,69.2],[21.4,69.3],[21.6,69.2],[22.1,69.0],[22.5,68.7],[22.7,68.6],[23.3,68.6],[24.1,68.7],[24.7,68.5],[24.8,68.4],[25.1,68.6],[25.6,68.8],[25.7,69.0],[25.7,69.3],[25.9,69.5],[26.1,69.6],[26.5,69.8],[27.4,69.9],[27.7,69.9],[27.9,69.9],[28.4,69.7],[28.7,69.6],[29.1,69.5],[29.1,69.4],[28.7,69.0],[28.7,68.8],[28.7,68.7],[29.0,68.8],[29.5,69.1],[29.9,69.4],[30.3,69.4],[30.6,69.4],[30.9,69.5],[31.1,69.6],[31.3,69.7],[31.8,69.8],[32.1,69.9],[32.1,69.8],[32.2,69.6],[32.4,69.5],[32.6,69.4],[33.0,69.4],[33.3,69.3],[33.3,69.1],[33.6,69.2],[33.8,69.2],[34.3,69.2],[34.7,69.2],[34.9,69.1],[35.4,69.2],[36.0,69.0],[37.2,68.8],[37.7,68.6],[38.4,68.2],[38.7,68.1],[39.3,68.0],[39.9,67.9],[40.8,67.7],[41.0,67.5],[41.0,67.3],[41.0,67.2],[41.2,67.1],[41.3,66.9],[41.1,66.8],[40.8,66.6],[40.3,66.3],[40.0,66.2],[39.2,66.0],[38.8,66.0],[38.0,66.0],[37.4,66.1],[36.5,66.2],[35.8,66.3],[35.2,66.4],[34.2,66.6],[33.7,66.7],[33.4,66.7],[33.2,66.9],[33.0,67.0],[32.6,67.0],[32.2,67.0],[32.4,66.9],[32.8,66.6],[33.0,66.6],[33.5,66.3],[33.8,66.2],[34.3,66.1],[34.5,66.0],[34.7,65.8],[34.7,65.6],[34.6,65.5],[34.3,65.4],[34.3,65.3],[34.4,65.1],[34.8,64.7],[34.8,64.5],[34.9,64.4],[35.1,64.3],[35.6,64.3],[36.0,64.2],[36.2,63.9],[36.4,63.9],[37.0,63.8],[37.2,63.8],[37.4,63.7],[37.6,63.8],[37.9,63.9],[38.1,64.0],[38.1,64.1],[37.9,64.3],[37.7,64.3],[37.5,64.3],[37.3,64.3],[37.0,64.4],[36.6,64.8],[36.9,65.1],[37.1,65.1],[37.6,64.9],[38.3,64.7],[39.2,64.5],[39.6,64.5],[40.0,64.5],[40.3,64.5],[40.4,64.6],[40.5,64.8],[40.4,64.9],[40.0,65.2],[39.8,65.4],[40.0,65.6],[40.7,65.8],[41.4,66.0],[41.6,66.1],[42.1,66.4],[42.2,66.4],[42.4,66.4],[43.2,66.3],[43.9,66.0],[44.0,66.0],[44.1,66.0],[44.1,66.3],[44.4,66.6],[44.4,66.9],[44.2,67.1],[43.8,67.2],[43.7,67.3],[44.2,67.7],[44.3,67.8],[44.2,68.1],[43.8,68.3],[43.9,68.5],[44.0,68.5],[44.7,68.4],[45.6,68.4],[45.9,68.4],[46.2,68.1],[46.4,67.9],[46.6,67.7],[46.2,67.7],[45.5,67.6],[45.1,67.5],[44.9,67.3],[45.0,67.2],[45.4,67.1],[45.7,66.8],[46.1,66.8],[46.4,66.7],[47.0,66.8],[47.6,66.8],[47.7,66.9],[47.8,67.1],[48.0,67.4],[48.1,67.6],[48.6,67.7],[49.2,67.8],[49.6,67.9],[50.5,68.2],[51.1,68.3],[51.8,68.4],[52.2,68.5],[52.3,68.3],[52.5,68.3],[52.7,68.4],[52.9,68.5],[53.0,68.7],[53.2,68.8],[53.5,68.8],[53.9,68.8],[53.8,68.6],[53.8,68.3],[53.4,68.3],[53.3,68.2],[53.3,68.1],[53.6,68.0],[53.9,68.1],[54.4,68.2],[54.6,68.2],[54.6,68.1],[54.8,68.0],[54.9,68.1],[55.0,68.2],[55.1,68.4],[55.3,68.5],[55.7,68.5],[56.2,68.6],[56.5,68.6],[57.0,68.4],[57.4,68.5],[57.5,68.5],[58.0,68.7],[58.4,68.8],[58.8,68.9],[59.2,68.8],[59.3,68.7],[59.1,68.5],[59.1,68.4],[59.2,68.3],[59.5,68.3],[59.8,68.3],[59.9,68.4],[59.9,68.6],[60.1,68.6],[60.5,68.6],[60.8,68.7],[60.9,68.8],[61.0,69.0],[60.4,69.5],[60.6,69.5],[60.8,69.7],[61.0,69.7],[61.3,69.7],[62.3,69.7],[62.9,69.6],[63.4,69.5],[63.9,69.5],[64.9,69.2],[65.4,69.2],[66.1,69.0],[66.6,68.9],[67.2,68.6],[67.8,68.4],[68.2,68.2],[68.4,68.2],[68.5,68.2],[69.0,68.7],[69.1,68.8],[68.7,68.8],[68.5,68.8],[68.3,68.9],[68.1,69.1],[68.1,69.4],[67.8,69.6],[66.9,69.6],[66.8,69.7],[66.8,69.8],[67.0,70.0],[67.3,70.1],[67.4,70.1],[67.4,70.2],[67.4,70.6],[67.3,70.7],[66.8,70.7],[66.7,70.9],[66.8,71.1],[67.0,71.2],[67.2,71.2],[67.8,71.4],[68.3,71.6],[68.6,71.8],[68.8,72.1],[69.1,72.6],[69.3,72.8],[69.5,72.8],[70.2,72.7],[70.9,72.8],[71.7,72.8],[72.0,72.8],[72.5,72.8],[72.7,72.8],[72.9,72.6],[72.8,72.5],[72.7,72.1],[72.5,72.0],[71.9,71.6],[71.8,71.4],[72.1,71.3],[72.6,71.0],[72.7,70.8],[72.8,70.5],[72.7,70.4],[72.4,70.2],[72.6,69.7],[72.5,69.1],[72.6,68.8],[72.8,68.6],[73.3,68.5],[73.4,68.4],[73.2,68.2],[73.0,67.8],[72.8,67.6],[72.5,67.4],[71.9,67.2],[71.6,67.1],[71.4,66.9],[71.5,66.7],[71.3,66.7],[70.8,66.6],[70.1,66.7],[69.8,66.8],[69.4,66.7],[69.1,66.7],[69.2,66.5],[69.4,66.4],[69.8,66.3],[70.5,66.2],[71.0,66.2],[71.3,66.2],[71.8,66.2],[72.2,66.2],[72.4,66.3],[72.6,66.5],[73.2,66.6],[73.7,66.9],[73.8,67.0],[74.0,67.3],[74.4,67.4],[74.7,67.7],[74.8,67.8],[74.7,68.1],[74.4,68.3],[74.5,68.6],[74.6,68.6],[74.9,68.7],[75.5,68.8],[76.3,68.8],[76.7,68.7],[77.0,68.5],[77.1,68.1],[77.0,67.7],[77.1,67.5],[77.5,67.4],[78.1,67.4],[78.5,67.5],[78.5,67.6],[78.3,67.7],[77.9,67.8],[77.7,67.8],[77.5,67.8],[77.5,68.0],[78.0,68.1],[78.0,68.3],[77.9,68.3],[77.8,68.5],[77.6,68.8],[77.4,68.9],[77.0,69.0],[76.5,69.1],[76.2,69.1],[75.6,69.2],[75.2,69.1],[74.9,69.1],[74.3,69.2],[73.9,69.2],[73.9,69.3],[73.7,69.8],[73.8,70.1],[74.1,70.4],[74.2,70.6],[74.2,70.7],[73.7,71.1],[73.3,71.4],[73.2,71.5],[73.6,71.7],[74.1,71.8],[74.6,71.9],[74.9,72.0],[75.0,72.1],[75.1,72.4],[75.0,72.7],[75.1,72.7],[75.4,72.7],[75.6,72.6],[75.7,72.4],[75.6,72.2],[75.3,71.9],[75.2,71.6],[75.3,71.4],[75.5,71.3],[75.7,71.2],[76.3,71.1],[77.0,71.1],[77.7,71.0],[78.1,70.8],[78.2,70.8],[78.6,70.8],[78.4,71.3],[78.1,71.4],[77.3,71.4],[76.9,71.4],[76.6,71.5],[76.3,71.7],[76.5,71.9],[77.1,71.9],[77.3,71.8],[77.8,71.8],[78.1,71.8],[78.1,72.2],[78.3,72.2],[78.6,72.3],[79.2,72.3],[79.7,72.2],[80.3,72.0],[80.8,71.8],[81.4,71.6],[81.7,71.6],[82.5,71.6],[82.8,71.6],[82.9,71.5],[82.5,71.3],[82.2,71.2],[82.1,70.9],[82.0,70.4],[82.2,70.4],[82.5,70.7],[82.7,70.8],[82.8,70.8],[83.1,70.6],[83.0,70.2],[83.4,70.3],[83.7,70.5],[83.7,70.6],[83.6,70.7],[83.5,70.8],[83.2,71.2],[83.3,71.3],[83.6,71.6],[83.2,71.8],[82.9,71.9],[82.4,72.1],[82.3,72.2],[82.0,72.2],[81.6,72.4],[81.0,72.4],[80.8,72.6],[80.9,72.8],[80.8,73.0],[80.5,73.3],[80.5,73.4],[80.6,73.5],[80.8,73.6],[81.9,73.6],[83.0,73.6],[84.0,73.7],[84.6,73.7],[84.8,73.6],[85.0,73.6],[85.4,73.7],[85.9,73.8],[86.5,73.9],[86.8,73.8],[86.3,73.6],[86.1,73.5],[86.9,73.6],[87.1,73.6],[87.6,73.8],[87.7,73.9],[87.5,74.1],[87.4,74.2],[87.0,74.3],[86.8,74.4],[86.8,74.5],[87.0,74.8],[87.5,75.0],[87.9,75.1],[89.3,75.5],[89.7,75.5],[89.8,75.5],[90,75.6],[91.6,75.7],[92.7,75.8],[93.6,75.9],[94.3,76.1],[94.7,76.2],[95.5,76.2],[96.0,76.2],[96.1,76.1],[96.0,75.9],[96.7,75.9],[97.1,75.9],[97.7,76.0],[98.3,76.1],[98.7,76.1],[99.2,76.0],[99.5,76.0],[99.8,76.1],[99.8,76.2],[99.8,76.3],[100.0,76.4],[100.4,76.5],[100.8,76.5],[101.4,76.6],[101.1,76.9],[101.2,77.0],[101.7,77.2],[102.4,77.4],[103.4,77.6],[103.9,77.6],[104.4,77.6],[105.1,77.6],[105.4,77.4],[105.5,77.3],[104.8,77.1],[104.5,77.0],[104.7,76.9],[105.5,77.0],[106.2,76.9],[107.2,76.9],[107.1,76.8],[106.5,76.6],[106.4,76.4],[107.3,76.4],[107.7,76.4],[107.8,76.4],[108.2,76.6],[108.9,76.6],[109.7,76.7],[109.9,76.6],[110.5,76.6],[111.4,76.6],[112.1,76.5],[112.6,76.3],[112.8,76.1],[113.1,76.1],[113.5,76.1],[113.7,75.9],[113.1,75.5],[113.2,75.4],[113.6,75.3],[112.6,74.9],[112.1,74.8],[111.6,74.7],[110.1,74.3],[108.7,73.8],[108.3,73.7],[107.3,73.5],[106.2,73.3],[105.3,72.8],[105.6,72.7],[106.1,72.9],[106.5,73.1],[107.2,73.1],[107.8,73.1],[108.7,73.3],[109.6,73.4],[110.0,73.4],[110.4,73.6],[110.4,73.7],[110.2,73.8],[110.3,73.9],[110.6,74.0],[110.9,73.9],[111.2,73.8],[111.5,73.7],[111.8,73.7],[112.1,73.6],[112.5,73.7],[113.0,73.8],[113.2,73.7],[113.3,73.6],[113.3,73.4],[113.5,73.2],[114.2,73.6],[114.9,73.6],[115.6,73.6],[116.7,73.6],[117.5,73.5],[117.9,73.5],[118.5,73.5],[118.3,73.2],[118.5,73.0],[119.4,73.0],[119.8,72.9],[120.1,72.9],[120.6,72.8],[121.7,72.9],[122.2,72.9],[122.9,72.8],[123.5,73.2],[123.4,73.3],[123.4,73.4],[123.4,73.5],[124.2,73.7],[124.5,73.7],[124.8,73.7],[125.3,73.5],[125.7,73.4],[126.5,73.4],[127.1,73.4],[127.7,73.4],[128.3,73.2],[128.5,73.1],[128.5,73.0],[128.3,72.9],[128.2,72.9],[127.3,72.7],[126.2,72.4],[126.1,72.3],[126.2,72.2],[126.7,72.2],[127.1,72.2],[127.4,72.1],[127.7,72.0],[128.2,71.8],[128.4,71.8],[128.8,71.5],[129.4,71.2],[130.2,70.8],[130.8,70.7],[131.1,70.7],[131.4,70.9],[131.8,71.2],[132.3,71.7],[132.6,71.8],[132.7,71.8],[132.8,71.6],[133.1,71.5],[133.7,71.3],[134.2,71.3],[134.6,71.3],[135.5,71.5],[135.9,71.5],[136.2,71.5],[136.8,71.4],[137.6,71.1],[137.8,71.1],[137.9,71.1],[138.1,71.2],[138.2,71.4],[138.1,71.4],[138.1,71.5],[138.4,71.6],[138.7,71.6],[138.9,71.5],[139.2,71.4],[139.7,71.4],[139.8,71.6],[139.7,71.8],[139.8,72.0],[139.8,72.2],[139.3,72.2],[139.0,72.2],[139.2,72.3],[139.3,72.4],[139.8,72.4],[140.2,72.4],[140.6,72.5],[141.3,72.8],[141.4,72.8],[142.2,72.7],[142.9,72.6],[143.8,72.5],[144.3,72.5],[144.6,72.5],[145.6,72.4],[144.8,72.1],[145.2,72.1],[145.7,72.2],[145.8,72.1],[145.7,71.9],[145.3,71.8],[144.9,71.7],[144.8,71.6],[145.1,71.6],[145.3,71.6],[145.7,71.7],[146.2,71.8],[146.9,72.2],[148.2,72.2],[148.7,72.2],[149.1,72.1],[149.5,72.0],[149.6,71.9],[149.7,71.9],[148.7,71.6],[149.0,71.6],[149.7,71.4],[150.7,71.3],[151.1,71.3],[151.5,71.1],[151.6,70.9],[151.9,70.7],[152.1,70.7],[152.8,70.7],[153.4,70.7],[153.9,70.8],[155.0,70.9],[156.0,71.0],[157.4,70.9],[158.1,70.9],[158.4,70.8],[158.9,70.6],[159.2,70.5],[159.5,70.4],[159.6,70.2],[159.6,70.0],[159.4,69.8],[159.7,69.7],[160.0,69.6],[160.4,69.6],[160.7,69.6],[160.7,69.3],[160.9,69.1],[161.2,69.2],[161.4,69.4],[162.0,69.5],[162.1,69.6],[162.3,69.5],[163.0,69.5],[163.7,69.7],[164.1,69.7],[164.3,69.5],[164.6,69.4],[165.3,69.4],[166.3,69.4],[166.7,69.4],[167.3,69.7],[167.5,69.6],[167.9,69.3],[168.1,69.2],[168.6,69.1],[169.0,69.0],[169.1,68.8],[169.4,68.7],[170.1,68.8],[170.8,68.9],[170.9,69.0],[170.8,69.2],[170.4,69.6],[170.1,69.6],[170.2,69.8],[170.5,70.0],[171.3,70.0],[171.8,69.9],[172.4,69.9],[172.9,69.8],[173.0,69.7],[173.6,69.8],[174.6,69.8],[175.6,69.8],[176.2,69.7],[176.5,69.6],[177.1,69.5],[177.7,69.5],[178.0,69.4],[178.6,69.3],[179.0,69.2],[179.3,69.1],[180,69.0],[180,65.1],[180,65.0],[179.3,64.8],[179.0,64.8],[178.7,64.6],[178.5,64.6],[178.0,64.5],[177.8,64.6],[177.4,64.6],[177.4,64.8],[177.3,64.9],[177.0,64.8],[177.1,64.9],[176.7,64.8],[176.3,64.8],[176.2,64.9],[176.0,64.9],[176.2,64.7],[175.9,64.5],[176.0,64.5],[176.5,64.4],[176.8,64.6],[176.9,64.6],[177.1,64.5],[177.1,64.3],[177.2,64.2],[177.5,64.1],[178.0,64.2],[177.8,64.0],[178.1,64.2],[178.2,64.0],[178.3,63.9],[178.4,63.7],[178.1,63.4],[178.3,63.5],[178.5,63.4],[178.7,63.2],[178.9,63.1],[179.0,63.0],[178.9,62.8],[179.3,62.8],[179.2,62.6],[179.2,62.5],[179.0,62.4],[178.7,62.3],[178.5,62.3],[178.3,62.4],[177.7,62.5],[177.3,62.5],[177.1,62.5],[177.2,62.7],[177.0,62.7],[176.8,62.7],[176.6,62.4],[176.5,62.4],[175.2,62.0],[174.7,61.9],[174.5,61.9],[174.3,61.8],[174.3,61.7],[173.9,61.6],[173.5,61.6],[173.3,61.6],[173.1,61.4],[172.9,61.3],[172.5,61.3],[172.1,61.0],[172.0,60.9],[171.2,60.7],[171.1,60.5],[170.5,60.3],[170.3,60.3],[170.3,60.1],[170.3,60.0],[170.1,59.9],[169.9,59.9],[169.6,60.0],[169.5,60.1],[169.5,60.3],[169.2,60.4],[168.7,60.5],[168.2,60.4],[167.7,60.4],[167.1,60.3],[166.9,60.2],[166.3,59.8],[166.0,59.7],[165.9,59.8],[166.2,60.4],[166.0,60.3],[165.8,60.4],[165.4,60.1],[165.1,60.0],[164.9,60.0],[164.9,59.7],[164.6,59.7],[164.4,59.7],[164.3,60.0],[164.1,60.1],[163.6,59.8],[163.8,59.9],[163.5,59.9],[163.4,59.8],[163.1,59.6],[163.0,59.5],[163.1,59.4],[163.3,59.3],[162.8,59.1],[162.8,59.0],[162.9,58.9],[162.6,58.7],[162.2,58.5],[161.9,58.3],[161.8,58.1],[161.8,57.9],[162.0,57.7],[162.2,57.7],[162.8,57.7],[163.1,57.6],[162.9,57.4],[162.6,57.2],[162.5,57.0],[162.6,56.8],[162.7,56.6],[163.1,56.6],[163.2,56.4],[163.2,56.1],[163.0,55.9],[162.8,55.9],[162.6,56.0],[162.5,56.1],[162.7,56.3],[162.5,56.3],[162.3,56.2],[161.9,55.9],[161.6,55.6],[161.5,55.3],[161.6,55.0],[161.9,54.8],[162.0,54.7],[161.9,54.6],[161.6,54.4],[161.1,54.4],[160.8,54.4],[160.7,54.4],[160.4,54.4],[160.0,54.2],[159.9,54.1],[159.7,53.9],[159.6,53.7],[159.7,53.6],[159.9,53.4],[159.9,53.3],[159.9,53.2],[159.6,53.1],[159.3,53.1],[158.8,53.0],[158.5,52.8],[158.4,52.7],[158.5,52.6],[158.4,52.2],[158.3,52.0],[157.9,51.7],[157.2,51.2],[156.8,51.0],[156.7,51.0],[156.6,51.2],[156.5,51.6],[156.4,51.9],[156.3,52.3],[156.2,52.6],[156.0,52.8],[155.9,53.2],[155.7,53.8],[155.7,54.1],[155.6,54.3],[155.6,54.5],[155.6,54.6],[155.5,54.9],[155.5,55.3],[155.5,55.6],[155.6,56.3],[155.7,56.4],[156.2,56.8],[156.6,56.9],[156.8,57.3],[156.9,57.4],[156.8,57.5],[156.8,57.6],[157.5,57.7],[158.0,57.9],[158.3,58.0],[159.1,58.4],[159.4,58.6],[159.6,58.8],[159.6,59.0],[160.5,59.4],[160.8,59.6],[161.5,59.9],[161.7,60.1],[161.8,60.3],[162.4,60.5],[163.3,60.7],[163.4,60.9],[163.8,61.1],[163.8,61.2],[163.6,61.3],[163.9,61.7],[163.9,62.0],[164.0,62.1],[164.3,62.2],[165.1,62.3],[165.3,62.3],[165.1,62.4],[164.1,62.5],[163.8,62.5],[163.3,62.4],[163.0,62.3],[163.0,62.2],[162.7,61.8],[162.8,61.7],[162.7,61.6],[162.5,61.6],[162.2,61.5],[161.5,61.2],[160.6,60.7],[160.1,60.6],[160.0,60.6],[160.1,60.7],[160.2,60.9],[159.8,61.0],[159.7,61.1],[159.9,61.3],[160.1,61.5],[160.1,61.7],[160.1,61.8],[160.0,61.8],[159.5,61.6],[159.2,61.5],[159.1,61.7],[158.8,61.8],[158.1,61.7],[157.5,61.7],[157.1,61.6],[156.8,61.6],[156.4,61.4],[156.4,61.2],[156.4,61.1],[155.9,60.9],[155.7,60.8],[155.7,60.6],[155.2,60.4],[154.7,60.2],[154.3,60.0],[154.1,59.8],[153.9,59.6],[153.9,59.4],[154.2,59.3],[154.8,59.3],[154.9,59.2],[154.9,59.1],[154.4,59.0],[153.9,58.9],[153.5,58.9],[153.1,59.0],[153.0,59.0],[152.8,58.9],[152.5,58.8],[152.2,58.9],[151.7,58.8],[151.4,58.7],[151.1,58.7],[151.0,58.8],[151.1,58.9],[151.4,59.0],[151.8,59.0],[151.9,59.1],[151.5,59.3],[151.1,59.4],[150.7,59.4],[150.3,59.4],[150.1,59.4],[149.7,59.6],[149.4,59.6],[149.0,59.6],[148.7,59.5],[148.7,59.3],[148.6,59.2],[148.4,59.1],[148.1,59.2],[147.9,59.3],[147.4,59.2],[147.0,59.2],[146.7,59.2],[146.3,59.3],[146.1,59.3],[146.0,59.2],[146.0,59.0],[145.7,59.0],[145.5,59.0],[145.5,59.2],[145.4,59.3],[144.8,59.3],[144.4,59.3],[143.8,59.3],[143.3,59.3],[142.9,59.3],[142.8,59.3],[142.4,59.1],[141.9,58.9],[141.6,58.7],[141.3,58.5],[141.0,58.4],[140.6,58.2],[140.5,58.2],[140.0,57.6],[139.3,57.3],[138.9,57.1],[138.3,56.8],[137.6,56.2],[137.2,56.0],[136.5,55.6],[136.1,55.4],[135.3,55.0],[135.0,54.9],[134.9,54.7],[134.9,54.6],[135.1,54.4],[135.3,54.4],[135.7,54.4],[136.2,54.5],[136.5,54.5],[136.3,53.9],[136.4,53.7],[136.5,53.7],[136.8,53.7],[137.0,53.9],[137.4,53.8],[137.3,53.7],[137.1,53.6],[137.1,53.5],[137.2,53.5],[138.0,53.5],[138.2,53.6],[138.4,53.8],[138.4,54.1],[138.8,54.1],[139.1,54.1],[139.4,54.1],[139.8,54.0],[140.1,53.8],[140.3,53.5],[140.7,53.3],[140.9,53.2],[141.1,53.1],[141.1,53.0],[140.8,52.8],[141.0,52.7],[141.1,52.6],[140.9,52.3],[141.2,52.2],[141.3,52.1],[141.1,51.9],[141.0,51.7],[140.7,51.4],[140.4,50.8],[140.3,50.5],[140.3,50.4],[140.5,50.1],[140.4,49.7],[140.3,49.4],[140.1,48.7],[140.1,48.5],[139.2,47.8],[139.0,47.6],[138.9,47.3],[138.7,47.1],[138.4,46.9],[138.2,46.7],[138.0,46.3],[137.7,46.0],[137.3,45.6],[136.5,45.0],[136.3,44.8],[136.2,44.5],[136.0,44.4],[135.7,44.2],[135.4,44.0],[135.2,43.7],[135.0,43.5],[134.6,43.2],[134.1,43.0],[133.3,42.8],[133.0,42.7],[132.8,42.9],[132.6,42.9],[132.5,42.9],[132.3,43.0],[132.2,43.2],[131.9,43.1],[131.7,43.0],[131.9,43.3],[131.6,43.2],[131.4,43.0],[131.1,42.7],[130.5,42.3],[130.4,42.3],[130.4,42.5],[130.2,42.7],[130.3,42.7],[130.8,42.9],[131.1,43.1],[131.1,43.2],[131.1,43.4],[131.1,43.6],[131.1,43.9],[131.1,44.2],[131.0,44.6],[131.0,44.8],[131.7,45.3],[131.9,45.2],[132.2,45.1],[132.5,45.0],[132.8,45.0],[133.0,45.1],[133.2,45.5],[133.4,45.6],[133.7,46.1],[133.9,46.6],[134.0,47.0],[134.2,47.3],[134.5,47.5],[134.7,47.7],[134.7,47.9],[134.7,48.1],[134.6,48.2],[134.5,48.3],[134.1,48.2],[133.6,48.2],[133.0,48.0],[132.5,47.9],[132.3,47.8],[131.5,47.8],[131.2,47.7],[130.9,47.7],[130.8,47.9],[130.6,48.5],[130.5,48.9],[130.4,49.0],[129.2,49.3],[128.5,49.5],[127.9,49.6],[127.7,49.7],[127.5,49.9],[127.1,50.7],[126.7,51.4],[126.2,52.5],[125.9,52.9],[125.5,53.2],[125.3,53.2],[124.6,53.1],[124.3,53.2],[123.9,53.4],[123.4,53.5],[122.9,53.5],[122.4,53.4],[122.0,53.4],[121.2,53.3],[120.9,53.3],[120.7,53.2],[120.2,52.8],[120.0,52.7],[119.9,52.6],[120.3,52.6],[120.6,52.6],[120.8,52.5],[120.8,52.4],[120.7,52.0],[120.1,51.7],[119.9,51.5],[119.6,51.1],[119.4,50.9],[119.2,50.7],[119.1,50.6],[119.2,50.5],[119.3,50.4],[119.3,50.2],[119.3,50.1],[118.9,50.0],[117.8,49.6],[117.6,49.6],[117.5,49.6],[117.0,49.8],[116.8,49.9],[116.6,50.0],[116.3,50.0],[115.7,49.9],[115.3,49.9],[115.2,50.0],[114.9,50.2],[114.5,50.3],[114.2,50.3],[114.1,50.3],[113.6,50.1],[113.2,49.8],[113.0,49.7],[112.8,49.5],[112.5,49.5],[112.0,49.4],[111.6,49.4],[111.4,49.3],[110.9,49.3],[110.2,49.2],[109.9,49.3],[109.4,49.3],[109.0,49.4],[108.4,49.5],[108.1,49.7],[107.5,49.8],[107.3,50.0],[106.7,50.3],[106.3,50.4],[105.7,50.4],[105.2,50.4],[104.8,50.4],[103.7,50.2],[103.4,50.2],[102.6,50.5],[102.4,50.6],[102.3,50.8],[102.2,51.0],[102.2,51.3],[102.1,51.4],[101.8,51.4],[101.3,51.6],[101.0,51.7],[100.2,51.8],[99.8,51.9],[99.3,51.9],[98.9,52.0],[97.6,52.1],[97.3,52.8],[95.9,53.8],[95.2,53.8],[93.6,52.3],[94.2,51.3],[93.3,50.6],[93.0,50.6],[92.6,50.7],[92.2,50.8],[91.8,50.7],[91.1,50.5],[90,50.3],[90,50.1],[89.8,49.8],[89.5,49.6],[89.2,49.6],[88.6,49.5],[88.3,49.4],[87.9,49.3],[87.9,49.2],[87.8,49.2],[87.5,49.2],[87.4,49.2],[87.2,49.2],[86.9,49.1],[86.8,49.0],[86.8,48.9],[86.8,48.7],[86.6,48.6],[86.5,48.5],[86.0,48.5],[85.8,48.4],[85.6,48.1],[85.7,47.8],[85.7,47.4],[85.7,47.3],[85.5,47.1],[85.3,47.0],[85.0,47.0],[84.3,47.1],[84.1,47.1],[83.7,47.2],[83.3,47.3],[83.1,47.1],[82.8,46.6],[82.6,46.2],[82.5,45.9],[82.4,45.7],[82.7,45.5],[82.8,45.4],[82.7,45.3],[82.6,45.2],[82.4,45.2],[81.9,45.3],[81.7,45.4],[81.5,45.3],[81.0,45.2],[80.2,45.1],[80.1,45.0],[80.0,44.9],[79.9,44.8],[80.0,44.7],[80.2,44.7],[80.4,44.7],[80.4,44.1],[80.6,43.8],[80.7,43.6],[80.8,43.4],[80.7,43.2],[80.4,43.0],[80.2,42.8],[80.2,42.6],[80.3,42.2],[80.3,42.1],[80.1,42.0],[79.7,41.9],[79.1,41.7],[78.9,41.7],[78.7,41.5],[78.4,41.2],[78.1,41.1],[77.9,41.0],[77.7,41.0],[77.1,41.1],[77.0,41.1],[76.8,40.9],[76.6,40.5],[76.5,40.4],[76.1,40.4],[75.9,40.3],[75.7,40.3],[75.6,40.6],[75.4,40.6],[74.6,40.3],[74.0,40.0],[73.9,39.9],[73.2,40.5],[72.8,40.6],[72.2,39.9],[71.5,39.7],[71.5,39.1],[72.1,39.1],[72.7,37.2],[72.4,37.0],[72.2,36.9],[71.8,36.7],[71.7,36.7],[71.5,36.7],[71.5,36.8],[71.4,36.9],[71.3,37.2],[71.4,37.4],[71.4,37.7],[71.4,37.8],[71.4,37.9],[71.1,37.9],[71.2,38.1],[71.0,38.3],[70.9,38.4],[70.7,38.4],[70.6,38.3],[70.5,38.1],[70.3,37.9],[70.3,37.7],[70.3,37.6],[70.2,37.5],[70.0,37.5],[69.7,37.5],[69.6,37.5],[69.5,37.4],[69.5,37.3],[69.4,37.1],[69.3,37.1],[69.1,37.1],[68.9,37.2],[68.7,37.2],[68.4,37.1],[68.2,36.9],[68.0,36.8],[67.9,36.9],[67.8,36.9],[67.6,37.2],[67.5,37.2],[67.0,37.2],[66.7,37.2],[66.6,37.2],[66.0,37.4],[65.7,37.5],[64.8,38.2],[63.3,38.9],[61.6,39.3],[59.8,39.2],[58.6,38.7],[57.2,38.2],[56.8,38.2],[56.5,38.3],[56.4,38.2],[56.1,38.0],[56.0,38.0],[55.6,38.1],[55.4,38.0],[55.2,38.0],[55.0,37.8],[54.7,37.5],[54.5,37.4],[54.2,37.3],[54.0,37.3],[54.0,37.5],[53.9,37.8],[53.9,38.0],[53.9,38.2],[53.9,38.3],[53.9,38.6],[54.0,38.7],[54.0,38.8],[54.1,38.9],[54.0,39.0],[53.9,39.1],[53.8,39.1],[53.7,39.3],[53.6,39.3],[53.5,39.3],[53.3,39.4],[53.2,39.3],[53.2,39.4],[53.2,39.5],[53.3,39.6],[53.4,39.5],[53.5,39.5],[53.7,39.5],[53.8,39.5],[53.7,39.6],[53.6,39.7],[53.5,39.8],[53.6,39.9],[53.7,40.0],[53.5,40.0],[53.4,40.0],[53.2,40.0],[53.0,40.0],[53.0,39.9],[52.9,40.0],[52.8,40.2],[52.8,40.3],[52.8,40.5],[52.9,40.6],[53.0,40.7],[53.0,40.8],[53.0,40.9],[53.1,41.1],[53.2,40.9],[53.2,40.8],[53.3,40.8],[53.4,40.8],[53.6,40.7],[53.7,40.8],[53.6,40.9],[53.7,40.9],[53.8,40.9],[53.8,40.7],[53.8,40.6],[54.0,40.6],[54.1,40.7],[54.2,40.7],[54.3,40.7],[54.4,40.7],[54.5,40.7],[54.4,40.8],[54.4,40.9],[54.5,40.9],[54.6,40.8],[54.7,40.9],[54.8,40.9],[54.8,41.0],[54.8,41.1],[54.6,41.2],[54.4,41.4],[54.2,41.5],[54.1,41.6],[54.1,41.8],[54.0,41.9],[54.0,42.0],[54.0,42.1],[53.7,42.1],[53.5,42.1],[53.3,42.1],[53.1,42.0],[53.0,41.9],[52.9,41.8],[53.0,41.7],[53.0,41.6],[52.9,41.4],[53.0,41.3],[53.0,41.1],[52.9,41.4],[52.7,41.5],[52.7,41.6],[52.7,41.7],[52.6,41.8],[52.6,41.9],[52.6,42.0],[52.5,42.1],[52.6,42.2],[52.7,42.3],[52.7,42.4],[52.8,42.6],[52.8,42.8],[52.6,42.8],[52.4,42.8],[52.3,42.9],[52.2,42.8],[52.1,42.8],[52.0,42.9],[51.9,43.1],[51.7,43.2],[51.6,43.2],[51.4,43.2],[51.4,43.3],[51.5,43.4],[51.4,43.6],[51.3,43.6],[51.2,43.7],[51.0,44.1],[51.0,44.2],[50.7,44.3],[50.4,44.3],[50.3,44.4],[50.3,44.6],[50.4,44.6],[50.5,44.6],[50.7,44.6],[50.9,44.6],[51.1,44.6],[51.3,44.5],[51.4,44.5],[51.6,44.6],[51.5,44.6],[51.4,44.7],[51.2,44.8],[51.1,44.9],[51.2,45.0],[51.3,45.1],[51.4,45.2],[51.5,45.3],[51.5,45.4],[51.6,45.4],[51.8,45.4],[52.0,45.4],[52.1,45.4],[52.6,45.4],[53.1,45.3],[53.3,45.3],[53.2,45.4],[53.1,45.5],[52.8,45.5],[52.8,45.6],[52.9,45.7],[53.1,45.8],[53.1,46.0],[53.2,46.2],[53.3,46.3],[53.2,46.4],[53.1,46.5],[53.2,46.6],[53.3,46.7],[53.2,46.7],[53.2,46.9],[53.0,46.9],[52.9,46.9],[52.6,47.0],[52.5,46.9],[52.4,46.9],[52.1,46.8],[51.9,46.9],[51.8,47.0],[51.7,47.0],[51.4,47.1],[51.1,47.1],[50.8,46.9],[50.6,46.9],[50.3,46.7],[49.9,46.6],[49.7,46.5],[49.5,46.5],[49.4,46.4],[49.3,46.4],[49.2,46.3],[49.1,46.1],[48.9,46.1],[48.8,46.1],[48.8,46.0],[48.8,45.9],[48.6,46.0],[48.5,45.9],[48.3,45.8],[48.0,45.7],[47.9,45.7],[47.8,45.7],[47.7,45.8],[47.6,45.7],[47.7,45.5],[47.6,45.5],[47.5,45.3],[47.4,45.2],[47.3,45.0],[47.2,44.9],[47.0,44.8],[46.9,44.7],[46.8,44.5],[46.8,44.4],[47.0,44.4],[47.1,44.3],[47.2,44.2],[47.3,44.2],[47.4,44.0],[47.6,43.8],[47.5,43.7],[47.5,43.6],[47.2,43.4],[47.2,42.8],[48.2,41.5],[48.1,41.3],[48.0,41.2],[47.8,41.2],[47.6,41.3],[47.4,41.3],[47.4,41.4],[47.2,41.6],[47.1,41.6],[46.9,41.8],[46.8,41.8],[46.7,41.8],[46.7,41.9],[46.6,41.9],[46.5,42.0],[46.4,42.0],[46.3,42.0],[46.2,42.0],[46.0,42.0],[45.9,42.1],[45.8,42.3],[45.8,42.4],[45.9,42.5],[45.8,42.5],[45.6,42.5],[45.5,42.5],[45.4,42.6],[45.3,42.7],[45.2,42.7],[45.1,42.7],[45.0,42.8],[44.9,42.7],[44.8,42.7],[44.7,42.8],[44.5,42.8],[44.4,42.7],[44.3,42.6],[44.2,42.6],[44.1,42.6],[44.0,42.6],[42.9,41.5],[42.7,41.6],[42.4,41.4],[42.3,41.4],[42.0,41.4],[41.5,41.4],[41.5,41.5],[41.7,41.7],[41.7,41.8],[41.7,42.1],[41.5,42.6],[41.4,42.8],[41.1,43.0],[41.0,43.1],[40.6,43.1],[40.3,43.3],[40.1,43.4],[39.5,43.8],[38.9,44.2],[38.6,44.4],[38.3,44.4],[38.1,44.5],[37.9,44.7],[37.8,44.7],[37.6,44.7],[37.5,44.7],[37.3,44.9],[37.0,45.2],[37.2,45.3],[37.5,45.3],[37.7,45.3],[37.7,45.6],[37.9,45.8],[38.0,46.0],[38.2,46.0],[38.5,46.1],[38.3,46.3],[38.0,46.4],[37.8,46.6],[37.9,46.7],[38.0,46.7],[38.4,46.7],[38.7,46.9],[39.3,47.1],[39.2,47.2],[39.2,47.3],[38.8,47.2],[38.2,47.2],[37.9,47.1],[37.4,47.1],[37.2,46.9],[36.9,46.8],[36.4,46.8],[35.9,46.7],[35.6,46.5],[35.4,46.5],[35.2,46.6],[35.0,46.4],[34.9,46.3],[34.7,46.3],[34.5,46.3],[34.1,46.3],[33.8,46.2],[34.1,46.1],[35.0,45.6],[35.0,45.5],[35.1,45.3],[35.3,45.3],[35.5,45.4],[35.8,45.4],[36.3,45.4],[36.5,45.4],[36.4,45.3],[36.4,45.2],[36.3,45.1],[36.0,45.0],[35.9,45.0],[35.6,45.1],[35.4,45.1],[35.1,44.9],[34.6,44.8],[34.4,44.8],[34.1,44.5],[34.0,44.5],[33.7,44.5],[33.4,44.6],[33.6,44.9],[33.5,45.1],[33.4,45.3],[33.0,45.4],[32.9,45.4],[32.6,45.4],[32.5,45.4],[32.9,45.7],[33.2,45.8],[33.5,45.9],[33.6,45.9],[33.5,46.1],[33.3,46.2],[33.0,46.1],[32.5,46.1],[32.2,46.2],[32.1,46.2],[31.9,46.4],[32.2,46.6],[32.0,46.9],[31.8,46.7],[31.5,46.7],[31.1,46.6],[30.8,46.6],[30.5,46.3],[30.4,46.2],[30.1,46.3],[30.0,46.4],[29.8,46.5],[29.4,46.8],[29.1,47.3],[28.9,47.8],[28.4,48.1],[28.3,48.2],[28.3,48.1],[28.3,48.2],[28.4,48.2],[28.3,48.2],[28.2,48.2],[28.1,48.2],[28.1,48.3],[28.0,48.3],[27.9,48.3],[27.8,48.4],[27.7,48.4],[27.6,48.8],[27.5,48.8],[27.5,48.7],[27.1,48.8],[27.1,48.6],[27.0,48.7],[26.5,48.6],[26.2,49.1],[26.3,49.8],[25.7,49.8],[25.5,49.8],[25.4,50.0],[25.2,50.2],[25.2,50.3],[24.4,50.6],[24.1,50.6]],[[30.3,61.0],[30.4,60.9],[30.5,60.9],[30.5,60.8],[30.5,60.7],[30.5,60.6],[30.7,60.6],[30.8,60.5],[30.8,60.4],[30.8,60.5],[30.8,60.4],[31.0,60.3],[31.0,60.2],[31.1,60.1],[31.1,60.0],[31.0,60.0],[31.1,59.9],[31.2,59.9],[31.3,59.9],[31.4,59.9],[31.5,59.9],[31.6,60.0],[31.5,60.0],[31.5,60.1],[31.6,60.1],[31.6,60.2],[31.7,60.2],[31.8,60.2],[32.1,60.2],[32.2,60.2],[32.3,60.2],[32.4,60.1],[32.5,60.2],[32.6,60.2],[32.6,60.3],[32.6,60.4],[32.7,60.4],[32.6,60.5],[32.7,60.5],[32.8,60.5],[32.9,60.6],[32.9,60.7],[32.8,60.7],[32.8,60.8],[32.8,60.9],[32.6,61.0],[32.6,61.1],[32.5,61.1],[32.4,61.2],[31.9,61.3],[31.8,61.4],[31.7,61.4],[31.6,61.5],[31.6,61.4],[31.5,61.5],[31.5,61.6],[31.4,61.6],[31.3,61.6],[31.2,61.6],[31.1,61.6],[31.1,61.7],[31.0,61.7],[30.9,61.7],[30.9,61.8],[30.8,61.7],[30.6,61.6],[30.6,61.5],[30.5,61.5],[30.3,61.5],[30.2,61.5],[30.3,61.5],[30.2,61.4],[30.2,61.3],[30.1,61.3],[30.1,61.2],[30.0,61.3],[29.9,61.3],[29.9,61.2],[29.8,61.2],[29.9,61.2],[30.1,61.1],[30.3,61.0]],[[78.8,46.8],[78.8,46.7],[78.6,46.7],[78.5,46.7],[78.5,46.6],[78.4,46.7],[78.4,46.6],[78.3,46.5],[78.2,46.6],[78.1,46.6],[77.9,46.6],[77.7,46.7],[77.6,46.7],[77.6,46.6],[77.4,46.6],[77.3,46.6],[77.2,46.6],[77.1,46.6],[76.9,46.6],[76.8,46.6],[76.7,46.7],[76.6,46.7],[76.5,46.6],[76.4,46.7],[76.3,46.7],[76.3,46.8],[76.2,46.8],[76.0,46.8],[75.8,46.8],[75.4,46.7],[75.3,46.7],[75.2,46.8],[75.1,46.8],[75.0,46.8],[74.9,46.8],[74.8,46.8],[74.6,46.8],[74.6,46.7],[74.5,46.6],[74.4,46.6],[74.4,46.5],[74.3,46.5],[74.1,46.4],[74.0,46.4],[73.9,46.3],[74.0,46.2],[73.9,46.2],[73.8,46.2],[73.7,46.2],[73.6,46.1],[73.7,46.1],[73.7,46.0],[73.6,45.9],[73.6,45.8],[73.5,45.8],[73.4,45.8],[73.5,45.8],[73.5,45.7],[73.4,45.7],[73.4,45.6],[73.5,45.6],[73.6,45.5],[73.7,45.4],[73.8,45.3],[73.9,45.2],[74.0,45.2],[74.0,45.1],[74.0,45.0],[74.1,45.0],[74.1,45.1],[74.2,45.3],[74.1,45.3],[74.1,45.4],[74.1,45.5],[74.2,45.6],[74.3,45.7],[74.2,45.7],[74.2,45.8],[74.3,45.8],[74.3,45.9],[74.3,46.0],[74.4,46.0],[74.5,46.0],[74.6,46.0],[74.8,46.1],[74.8,46.2],[74.9,46.3],[74.9,46.4],[75.0,46.4],[75.1,46.5],[75.1,46.4],[75.2,46.4],[75.3,46.5],[75.4,46.5],[75.4,46.6],[75.5,46.7],[75.6,46.7],[75.6,46.6],[75.5,46.6],[75.6,46.5],[75.7,46.5],[75.9,46.5],[76.0,46.5],[76.2,46.5],[76.2,46.6],[76.5,46.5],[76.7,46.5],[76.9,46.5],[77.0,46.5],[77.1,46.5],[77.2,46.5],[77.3,46.5],[77.4,46.5],[77.6,46.4],[77.7,46.4],[77.8,46.4],[77.9,46.4],[78.0,46.3],[78.1,46.3],[78.2,46.3],[78.3,46.3],[78.4,46.3],[78.5,46.3],[78.4,46.4],[78.5,46.4],[78.6,46.4],[78.7,46.4],[78.8,46.4],[78.9,46.4],[79.0,46.4],[79.1,46.5],[79.1,46.6],[79.2,46.6],[79.2,46.7],[79.2,46.8],[79.1,46.8],[79.0,46.8],[79.0,46.7],[78.9,46.8],[78.8,46.8]],[[110.0,55.7],[109.8,55.8],[109.7,55.8],[109.6,55.8],[109.5,55.7],[109.3,55.6],[109.2,55.6],[109.2,55.5],[109.2,55.4],[109.2,55.3],[109.2,55.2],[109.1,55.1],[109.1,55.0],[109.0,55.0],[108.9,55.0],[108.9,54.9],[108.8,54.8],[108.8,54.7],[108.7,54.6],[108.6,54.5],[108.5,54.4],[108.5,54.3],[108.4,54.2],[108.3,54.1],[108.3,54.0],[108.2,54.0],[108.1,53.8],[107.8,53.7],[107.6,53.6],[107.6,53.5],[107.5,53.5],[107.5,53.4],[107.2,53.3],[107.1,53.2],[106.9,53.1],[106.8,53.0],[106.9,53.0],[106.8,52.9],[106.7,52.8],[106.6,52.7],[106.5,52.7],[106.3,52.6],[106.1,52.5],[105.9,52.4],[105.7,52.2],[105.6,52.1],[105.4,52.0],[105.3,52.0],[105.2,51.9],[105.1,51.9],[104.9,51.9],[104.8,51.9],[104.7,51.8],[104.5,51.8],[104.3,51.8],[104.1,51.8],[103.8,51.7],[103.7,51.7],[103.8,51.6],[104.2,51.5],[104.4,51.5],[104.7,51.5],[104.8,51.5],[104.9,51.5],[105.1,51.6],[105.4,51.6],[105.8,51.7],[106.0,51.8],[106.1,51.9],[106.2,52.0],[106.3,52.1],[106.3,52.2],[106.3,52.3],[106.4,52.4],[106.5,52.4],[106.6,52.4],[106.7,52.3],[106.8,52.3],[106.8,52.4],[106.9,52.4],[106.9,52.5],[107.1,52.5],[107.4,52.6],[107.6,52.7],[107.7,52.7],[107.8,52.7],[107.9,52.8],[108.0,52.8],[108.2,52.9],[108.3,53.0],[108.3,53.1],[108.4,53.2],[108.7,53.3],[108.8,53.3],[108.9,53.3],[109.0,53.4],[109.0,53.5],[108.9,53.6],[108.8,53.6],[108.7,53.6],[108.6,53.5],[108.5,53.5],[108.6,53.6],[108.8,53.8],[108.9,53.8],[108.9,53.9],[109.0,53.9],[109.1,53.8],[109.0,53.8],[109.0,53.7],[109.0,53.6],[109.2,53.6],[109.2,53.7],[109.2,53.8],[109.2,53.9],[109.4,54.0],[109.5,54.1],[109.6,54.2],[109.5,54.3],[109.5,54.4],[109.5,54.6],[109.6,54.7],[109.6,54.8],[109.7,54.8],[109.7,54.9],[109.8,55.0],[109.8,55.1],[109.7,55.1],[109.8,55.2],[109.8,55.3],[109.8,55.4],[109.9,55.4],[109.9,55.5],[109.9,55.6],[110.0,55.7]],[[36.4,61.4],[36.3,61.5],[36.2,61.5],[36.2,61.6],[36.1,61.6],[36.1,61.7],[36.0,61.7],[36.0,61.8],[35.9,61.8],[35.9,61.9],[35.8,61.9],[35.8,62.0],[35.7,62.0],[35.7,62.1],[35.8,62.2],[35.8,62.3],[35.8,62.4],[35.8,62.5],[35.7,62.5],[35.6,62.6],[35.5,62.6],[35.4,62.6],[35.3,62.7],[35.2,62.7],[35.1,62.7],[35.0,62.8],[34.9,62.8],[34.8,62.8],[34.7,62.8],[34.6,62.9],[34.5,62.9],[34.5,62.8],[34.6,62.8],[34.6,62.7],[34.7,62.7],[34.7,62.6],[34.8,62.6],[34.9,62.6],[35.0,62.6],[35.1,62.6],[35.2,62.5],[35.3,62.5],[35.4,62.5],[35.5,62.4],[35.6,62.3],[35.6,62.2],[35.5,62.2],[35.4,62.2],[35.3,62.1],[35.3,62.2],[35.2,62.2],[35.1,62.2],[35.0,62.2],[35.1,62.2],[35.1,62.1],[35.2,62.1],[35.1,62.1],[35.0,62.1],[34.9,62.2],[34.9,62.3],[34.8,62.3],[34.8,62.4],[34.7,62.4],[34.6,62.5],[34.5,62.5],[34.6,62.5],[34.7,62.4],[34.7,62.3],[34.6,62.3],[34.7,62.2],[34.6,62.2],[34.6,62.1],[34.7,62.1],[34.6,62.1],[34.5,62.1],[34.4,62.2],[34.3,62.2],[34.3,62.3],[34.2,62.4],[34.1,62.4],[34.1,62.5],[34.0,62.5],[33.9,62.5],[34.0,62.4],[34.1,62.4],[34.2,62.3],[34.3,62.3],[34.3,62.2],[34.3,62.1],[34.4,62.1],[34.5,62.0],[34.6,62.0],[34.6,61.9],[34.6,61.8],[34.5,61.8],[34.4,61.8],[34.3,61.9],[34.3,61.8],[34.4,61.8],[34.5,61.7],[34.6,61.7],[34.8,61.6],[35.0,61.5],[35.2,61.5],[35.3,61.4],[35.4,61.4],[35.5,61.4],[35.5,61.3],[35.6,61.2],[35.6,61.1],[35.6,61.0],[35.5,61.0],[35.4,61.1],[35.3,61.1],[35.2,61.1],[35.1,61.1],[35.1,61.2],[35.2,61.2],[35.1,61.2],[35.0,61.2],[34.9,61.2],[34.8,61.2],[34.8,61.1],[34.8,61.0],[34.9,61.0],[34.9,61.1],[35.0,61.1],[35.1,61.0],[35.2,61.0],[35.3,61.0],[35.4,61.0],[35.5,61.0],[35.6,60.9],[35.7,60.9],[35.8,60.9],[35.9,60.9],[35.9,61.0],[36.0,61.0],[36.1,61.1],[36.2,61.1],[36.3,61.1],[36.4,61.2],[36.4,61.3],[36.4,61.4]]],[[[107.4,53.1],[107.3,53.1],[107.0,53.0],[107.0,53.1],[107.1,53.1],[107.4,53.2],[107.6,53.3],[107.7,53.4],[107.8,53.4],[107.8,53.3],[107.6,53.2],[107.4,53.1]]],[[[35.3,61.9],[35.2,61.8],[35.2,61.9],[35.2,62.0],[35.3,62.1],[35.3,62.0],[35.3,61.9]]]]}},{"type":"Feature","properties":{"NAME":"American Samoa"},"geometry":{"type":"MultiPolygon","coordinates":[[[[-170.6,-14.3],[-170.5,-14.3],[-170.6,-14.3]]]]}},{"type":"Feature","properties":{"NAME":"American Samoa"},"geometry":{"type":"MultiPolygon","coordinates":[[[[-170.7,-14.4],[-170.8,-14.4],[-170.8,-14.3],[-170.7,-14.3],[-170.6,-14.3],[-170.7,-14.4]]]]}},{"type":"Feature","properties":{"NAME":"American Samoa"},"geometry":{"type":"MultiPolygon","coordinates":[[[[-169.5,-14.3],[-169.5,-14.2],[-169.4,-14.2],[-169.4,-14.3],[-169.5,-14.3]]]]}},{"type":"Feature","properties":{"NAME":"Fiji"},"geometry":{"type":"MultiPolygon","coordinates":[[[[-178.7,-20.7],[-178.7,-20.6],[-178.7,-20.7]]]]}},{"type":"Feature","properties":{"NAME":"Fiji"},"geometry":{"type":"MultiPolygon","coordinates":[[[[-178.2,-19.8],[-178.2,-19.9],[-178.2,-19.8]]]]}},{"type":"Feature","properties":{"NAME":"Fiji"},"geometry":{"type":"MultiPolygon","coordinates":[[[[-178.4,-19.1],[-178.4,-19.2],[-178.4,-19.1]]]]}},{"type":"Feature","properties":{"NAME":"Fiji"},"geometry":{"type":"MultiPolygon","coordinates":[[[[179.8,-19.1],[179.8,-19.2],[179.7,-19.2],[179.8,-19.1]]]]}},{"type":"Feature","properties":{"NAME":"Fiji"},"geometry":{"type":"MultiPolygon","coordinates":[[[[-178.5,-19.2],[-178.6,-19.2],[-178.6,-19.1],[-178.5,-19.2]]]]}},{"type":"Feature","properties":{"NAME":"Fiji"},"geometry":{"type":"MultiPolygon","coordinates":[[[[178.2,-19.1],[178.1,-19.1],[178.1,-19.2],[178.0,-19.1],[178.0,-19.2],[178.0,-19.1],[178.1,-19.1],[178.2,-19],[178.3,-18.9],[178.4,-18.9],[178.5,-19.0],[178.4,-19.0],[178.4,-19.1],[178.3,-19.1],[178.3,-19.0],[178.2,-19.0],[178.2,-19.1]]]]}},{"type":"Feature","properties":{"NAME":"Fiji"},"geometry":{"type":"MultiPolygon","coordinates":[[[[-178.9,-19.0],[-179.0,-19.0],[-179.0,-18.9],[-178.9,-18.9],[-178.9,-19.0]]]]}},{"type":"Feature","properties":{"NAME":"Fiji"},"geometry":{"type":"MultiPolygon","coordinates":[[[[-179.9,-19.0],[-179.9,-18.9],[-179.8,-18.9],[-179.8,-19.0],[-179.8,-18.9],[-179.8,-19.0],[-179.9,-19.0]]]]}},{"type":"Feature","properties":{"NAME":"Fiji"},"geometry":{"type":"MultiPolygon","coordinates":[[[[-178.5,-18.7],[-178.5,-18.6],[-178.5,-18.7]]]]}},{"type":"Feature","properties":{"NAME":"Fiji"},"geometry":{"type":"MultiPolygon","coordinates":[[[[180.0,-18.5],[180.0,-18.6],[179.9,-18.6],[179.8,-18.6],[179.9,-18.6],[179.9,-18.5],[180.0,-18.5]]]]}},{"type":"Feature","properties":{"NAME":"Fiji"},"geometry":{"type":"MultiPolygon","coordinates":[[[[177.7,-18.6],[177.6,-18.6],[177.6,-18.5],[177.7,-18.5],[177.7,-18.6]]]]}},{"type":"Feature","properties":{"NAME":"Fiji"},"geometry":{"type":"MultiPolygon","coordinates":[[[[178.2,-18.4],[178.1,-18.4],[178.2,-18.4]]]]}},{"type":"Feature","properties":{"NAME":"Fiji"},"geometry":{"type":"MultiPolygon","coordinates":[[[[-178.7,-18.2],[-178.8,-18.2],[-178.8,-18.3],[-178.8,-18.2],[-178.7,-18.2]]]]}},{"type":"Feature","properties":{"NAME":"Fiji"},"geometry":{"type":"MultiPolygon","coordinates":[[[[179.4,-18.1],[179.3,-18.1],[179.2,-18.0],[179.3,-17.9],[179.4,-18.0],[179.4,-18.1]]]]}},{"type":"Feature","properties":{"NAME":"Fiji"},"geometry":{"type":"MultiPolygon","coordinates":[[[[-179.0,-17.9],[-179.0,-18.0],[-179.1,-18.0],[-179.1,-17.9],[-179.0,-17.9]]]]}},{"type":"Feature","properties":{"NAME":"Fiji"},"geometry":{"type":"MultiPolygon","coordinates":[[[[-178.3,-17.9],[-178.2,-17.9],[-178.2,-18.0],[-178.3,-18.0],[-178.4,-17.9],[-178.3,-17.9]]]]}},{"type":"Feature","properties":{"NAME":"Fiji"},"geometry":{"type":"MultiPolygon","coordinates":[[[[179.4,-17.9],[179.4,-17.8],[179.4,-17.9]]]]}},{"type":"Feature","properties":{"NAME":"Fiji"},"geometry":{"type":"MultiPolygon","coordinates":[[[[-179.3,-17.8],[-179.3,-17.7],[-179.3,-17.8]]]]}},{"type":"Feature","properties":{"NAME":"Fiji"},"geometry":{"type":"MultiPolygon","coordinates":[[[[178.8,-17.6],[178.9,-17.7],[178.8,-17.7],[178.8,-17.8],[178.7,-17.7],[178.8,-17.7],[178.8,-17.6]]]]}},{"type":"Feature","properties":{"NAME":"Fiji"},"geometry":{"type":"MultiPolygon","coordinates":[[[[-179.1,-17.5],[-179.2,-17.5],[-179.2,-17.4],[-179.1,-17.4],[-179.1,-17.5]]]]}},{"type":"Feature","properties":{"NAME":"Fiji"},"geometry":{"type":"MultiPolygon","coordinates":[[[[178.7,-18.0],[178.7,-18.1],[178.6,-18.1],[178.5,-18.1],[178.4,-18.1],[178.3,-18.1],[178.2,-18.2],[178.2,-18.3],[178.0,-18.3],[177.9,-18.3],[177.6,-18.2],[177.5,-18.2],[177.3,-18.1],[177.3,-18.0],[177.2,-18.0],[177.3,-17.9],[177.3,-17.8],[177.4,-17.8],[177.4,-17.7],[177.4,-17.6],[177.5,-17.5],[177.6,-17.4],[177.8,-17.4],[177.9,-17.4],[178.0,-17.4],[178.1,-17.4],[178.2,-17.3],[178.3,-17.3],[178.3,-17.4],[178.4,-17.5],[178.6,-17.6],[178.6,-17.7],[178.6,-17.8],[178.6,-17.9],[178.7,-18.0]]]]}},{"type":"Feature","properties":{"NAME":"Fiji"},"geometry":{"type":"MultiPolygon","coordinates":[[[[177.1,-17.3],[177.1,-17.2],[177.2,-17.3],[177.1,-17.3]]]]}},{"type":"Feature","properties":{"NAME":"Fiji"},"geometry":{"type":"MultiPolygon","coordinates":[[[[-179.2,-17.2],[-179.1,-17.2],[-179.1,-17.3],[-179.2,-17.3],[-179.2,-17.2]]]]}},{"type":"Feature","properties":{"NAME":"Fiji"},"geometry":{"type":"MultiPolygon","coordinates":[[[[179.4,-17.2],[179.4,-17.3],[179.4,-17.4],[179.4,-17.3],[179.4,-17.2]]]]}},{"type":"Feature","properties":{"NAME":"Fiji"},"geometry":{"type":"MultiPolygon","coordinates":[[[[-179.0,-17.2],[-178.9,-17.2],[-178.9,-17.3],[-179.0,-17.3],[-179.0,-17.2]]]]}},{"type":"Feature","properties":{"NAME":"Fiji"},"geometry":{"type":"MultiPolygon","coordinates":[[[[177.2,-17.1],[177.3,-17.1],[177.2,-17.2],[177.2,-17.1]]]]}},{"type":"Feature","properties":{"NAME":"Fiji"},"geometry":{"type":"MultiPolygon","coordinates":[[[[179.9,-17.0],[179.9,-16.9],[180.0,-16.9],[180,-16.8],[180,-17.0],[179.9,-17.0]]]]}},{"type":"Feature","properties":{"NAME":"Fiji"},"geometry":{"type":"MultiPolygon","coordinates":[[[[-179.9,-16.7],[-179.8,-16.8],[-179.9,-16.9],[-180.0,-16.9],[-180.0,-17.0],[-180,-16.8],[-179.9,-16.7]]]]}},{"type":"Feature","properties":{"NAME":"Fiji"},"geometry":{"type":"MultiPolygon","coordinates":[[[[177.6,-16.7],[177.5,-16.8],[177.4,-16.8],[177.5,-16.8],[177.6,-16.7]]]]}},{"type":"Feature","properties":{"NAME":"Fiji"},"geometry":{"type":"MultiPolygon","coordinates":[[[[179.9,-16.7],[179.9,-16.6],[180.0,-16.6],[179.9,-16.6],[179.9,-16.7]]]]}},{"type":"Feature","properties":{"NAME":"Fiji"},"geometry":{"type":"MultiPolygon","coordinates":[[[[-180,-16.5],[-179.9,-16.4],[-179.9,-16.5],[-180.0,-16.5]]]]}},{"type":"Feature","properties":{"NAME":"Fiji"},"geometry":{"type":"MultiPolygon","coordinates":[[[[179.9,-16.2],[179.9,-16.3],[179.8,-16.4],[179.7,-16.5],[179.6,-16.5],[179.5,-16.7],[179.5,-16.8],[179.6,-16.8],[179.6,-16.7],[179.7,-16.6],[179.8,-16.6],[179.8,-16.5],[179.9,-16.5],[180.0,-16.5],[179.9,-16.5],[179.9,-16.6],[179.9,-16.7],[180.0,-16.7],[179.9,-16.7],[179.9,-16.8],[179.8,-16.7],[179.7,-16.7],[179.6,-16.8],[179.4,-16.8],[179.3,-16.8],[179.4,-16.8],[179.4,-16.7],[179.3,-16.7],[179.2,-16.7],[179.1,-16.8],[179.0,-16.8],[179.0,-16.9],[179.1,-16.9],[179.0,-16.9],[178.9,-16.9],[178.8,-16.9],[178.8,-17.0],[178.7,-17.0],[178.7,-16.9],[178.6,-16.8],[178.5,-16.8],[178.5,-16.7],[178.6,-16.6],[178.7,-16.7],[178.7,-16.6],[178.8,-16.6],[178.9,-16.6],[178.9,-16.5],[179.0,-16.5],[179.2,-16.4],[179.3,-16.4],[179.4,-16.4],[179.4,-16.3],[179.5,-16.3],[179.7,-16.2],[179.8,-16.2],[179.9,-16.2],[180.0,-16.2],[179.9,-16.2]]]]}},{"type":"Feature","properties":{"NAME":"Niue"},"geometry":{"type":"MultiPolygon","coordinates":[[[[-169.9,-19.1],[-170.0,-19.1],[-169.9,-19.0],[-169.8,-19.0],[-169.8,-19.1],[-169.9,-19.1]]]]}},{"type":"Feature","properties":{"NAME":"Tonga"},"geometry":{"type":"MultiPolygon","coordinates":[[[[-175.0,-21.4],[-174.9,-21.3],[-174.9,-21.4],[-174.9,-21.5],[-174.9,-21.4],[-175.0,-21.4]]]]}},{"type":"Feature","properties":{"NAME":"Tonga"},"geometry":{"type":"MultiPolygon","coordinates":[[[[-175.1,-21.1],[-175.0,-21.1],[-175.0,-21.2],[-175.1,-21.2],[-175.1,-21.3],[-175.2,-21.3],[-175.3,-21.2],[-175.4,-21.1],[-175.3,-21.1],[-175.2,-21.2],[-175.1,-21.2],[-175.1,-21.1]]]]}},{"type":"Feature","properties":{"NAME":"Tonga"},"geometry":{"type":"MultiPolygon","coordinates":[[[[-174.8,-20.2],[-174.8,-20.3],[-174.8,-20.2]]]]}},{"type":"Feature","properties":{"NAME":"Tonga"},"geometry":{"type":"MultiPolygon","coordinates":[[[[-174.4,-19.8],[-174.3,-19.8],[-174.4,-19.8]]]]}},{"type":"Feature","properties":{"NAME":"Tonga"},"geometry":{"type":"MultiPolygon","coordinates":[[[[-175.1,-19.8],[-175.1,-19.7],[-175.0,-19.8],[-175.1,-19.8]]]]}},{"type":"Feature","properties":{"NAME":"Tonga"},"geometry":{"type":"MultiPolygon","coordinates":[[[[-174.3,-19.7],[-174.2,-19.7],[-174.3,-19.7],[-174.3,-19.8],[-174.3,-19.7]]]]}},{"type":"Feature","properties":{"NAME":"Tonga"},"geometry":{"type":"MultiPolygon","coordinates":[[[[-174.3,-19.6],[-174.2,-19.6],[-174.2,-19.7],[-174.3,-19.7],[-174.3,-19.6]]]]}},{"type":"Feature","properties":{"NAME":"Tonga"},"geometry":{"type":"MultiPolygon","coordinates":[[[[-174.7,-18.8],[-174.6,-18.8],[-174.7,-18.8]]]]}},{"type":"Feature","properties":{"NAME":"Tonga"},"geometry":{"type":"MultiPolygon","coordinates":[[[[-174.0,-18.7],[-174.1,-18.7],[-174.1,-18.6],[-174.0,-18.6],[-173.9,-18.6],[-174.0,-18.7]]]]}},{"type":"Feature","properties":{"NAME":"Tonga"},"geometry":{"type":"MultiPolygon","coordinates":[[[[-175.6,-15.6],[-175.7,-15.6],[-175.6,-15.6]]]]}},{"type":"Feature","properties":{"NAME":"Wallis and Futuna Islands"},"geometry":{"type":"MultiPolygon","coordinates":[[[[-178.0,-14.3],[-178.1,-14.3],[-178.2,-14.3],[-178.2,-14.2],[-178.1,-14.2],[-178.1,-14.3],[-178.0,-14.3]]]]}},{"type":"Feature","properties":{"NAME":"Wallis and Futuna Islands"},"geometry":{"type":"MultiPolygon","coordinates":[[[[-176.2,-13.4],[-176.2,-13.3],[-176.2,-13.2],[-176.1,-13.2],[-176.1,-13.3],[-176.2,-13.4]]]]}},{"type":"Feature","properties":{"NAME":"Samoa"},"geometry":{"type":"MultiPolygon","coordinates":[[[[-171.4,-14.0],[-171.4,-14.1],[-171.5,-14.1],[-171.5,-14.0],[-171.5,-14.1],[-171.6,-14.1],[-171.8,-14.0],[-171.9,-14.0],[-172.0,-13.9],[-172.1,-13.9],[-172.0,-13.8],[-171.9,-13.8],[-171.8,-13.8],[-171.7,-13.8],[-171.6,-13.9],[-171.4,-14.0]]]]}},{"type":"Feature","properties":{"NAME":"Samoa"},"geometry":{"type":"MultiPolygon","coordinates":[[[[-172.3,-13.5],[-172.2,-13.6],[-172.2,-13.7],[-172.2,-13.8],[-172.3,-13.8],[-172.4,-13.8],[-172.5,-13.8],[-172.6,-13.8],[-172.6,-13.7],[-172.7,-13.6],[-172.8,-13.6],[-172.8,-13.5],[-172.7,-13.5],[-172.6,-13.5],[-172.5,-13.5],[-172.4,-13.5],[-172.3,-13.5]]]]}},{"type":"Feature","properties":{"NAME":"Rapa Nui"},"geometry":{"type":"MultiPolygon","coordinates":[[[[-109.2,-27.1],[-109.3,-27.2],[-109.3,-27.1],[-109.3,-27.2],[-109.4,-27.2],[-109.4,-27.1],[-109.2,-27.1]]]]}},{"type":"Feature","properties":{"NAME":"Hong Kong"},"geometry":{"type":"MultiPolygon","coordinates":[[[[113.9,22.3],[114.0,22.3],[114.0,22.2],[113.9,22.2],[113.8,22.2],[113.9,22.3]]],[[[114.0,22.5],[114.1,22.5],[114.2,22.6],[114.3,22.6],[114.4,22.5],[114.4,22.4],[114.3,22.3],[114.3,22.2],[114.2,22.2],[114.1,22.2],[114.1,22.3],[114.2,22.3],[114.1,22.3],[114.1,22.4],[114.0,22.4],[113.9,22.4],[114.0,22.5]]]]}},{"type":"Feature","properties":{"NAME":"French Indochina"},"geometry":{"type":"MultiPolygon","coordinates":[[[[102.2,22.6],[102.4,22.7],[102.6,22.7],[102.8,22.5],[103.0,22.5],[103.2,22.7],[103.4,22.7],[104.1,22.7],[104.5,22.8],[104.6,22.9],[104.9,23.1],[105.2,23.3],[105.3,23.3],[105.6,23.0],[105.9,22.9],[106.2,22.9],[106.6,22.9],[106.7,22.8],[106.7,22.7],[106.5,22.3],[106.6,22.1],[106.7,21.9],[107.1,21.6],[107.4,21.6],[107.8,21.5],[107.9,21.5],[107.8,21.4],[107.4,21.2],[107.5,21.0],[107.4,20.9],[106.8,20.9],[106.7,20.8],[106.8,20.6],[106.6,20.5],[106.4,20.1],[106.3,20.0],[106.0,19.9],[105.8,19.7],[105.7,19.3],[105.5,18.8],[105.7,18.7],[105.9,18.5],[106.4,18.0],[106.4,17.9],[106.4,17.7],[106.4,17.6],[106.6,17.3],[107.1,17.0],[107.7,16.4],[107.8,16.3],[108.1,16.3],[108.2,16.1],[108.4,15.6],[108.5,15.4],[108.8,15.1],[108.9,14.8],[109.1,14.2],[109.3,12.9],[109.2,12.7],[109.1,12.5],[109.1,12.1],[109.0,11.9],[109.1,11.6],[108.9,11.3],[108.8,11.3],[108.7,11.1],[108.6,11.1],[108.4,11.0],[108.2,11.0],[107.9,10.8],[107.7,10.5],[107.4,10.4],[107.3,10.3],[107.0,10.4],[106.9,10.6],[106.8,10.6],[106.7,10.4],[106.7,10.2],[106.7,10.1],[106.7,9.7],[106.5,9.6],[106.3,9.5],[106.2,9.6],[106.1,9.3],[105.9,9.2],[105.7,9.1],[105.5,9.0],[105.3,8.8],[105.2,8.7],[105.0,8.5],[104.9,8.5],[104.7,8.5],[104.8,8.9],[104.8,9.5],[104.9,9.7],[105.0,9.8],[105.0,10.0],[104.8,10.2],[104.4,10.3],[104.3,10.4],[104.2,10.5],[104.0,10.5],[103.8,10.5],[103.7,10.5],[103.6,10.5],[103.5,10.5],[103.6,10.7],[103.7,10.8],[103.7,10.9],[103.5,11.1],[103.4,11.0],[103.2,10.9],[103.0,10.9],[103.0,11.4],[102.7,12.0],[102.7,12.1],[102.7,12.3],[102.4,12.7],[102.3,12.9],[102.3,13.2],[102.4,13.4],[102.4,13.5],[102.8,14.1],[103.1,14.3],[103.3,14.3],[103.8,14.4],[104.1,14.3],[104.4,14.4],[104.7,14.4],[104.9,14.3],[105.1,14.2],[105.4,14.5],[105.5,14.7],[105.5,15.2],[105.4,15.4],[105.2,15.7],[104.8,16.3],[104.7,16.5],[104.6,16.6],[104.6,17.3],[104.4,17.6],[104.1,17.9],[104.0,18.2],[103.9,18.3],[103.8,18.3],[103.4,18.4],[103.2,18.4],[103.1,18.2],[103.0,18.0],[102.8,17.9],[102.7,17.8],[102.4,18.0],[102.0,18.1],[101.9,18.1],[101.3,17.6],[101.2,17.4],[101.0,17.5],[100.9,17.6],[100.9,17.8],[101.0,18.0],[101.2,18.7],[101.2,18.9],[101.1,19.5],[101.1,19.6],[100.9,19.5],[100.7,19.4],[100.5,19.4],[100.4,19.5],[100.4,19.7],[100.4,20.0],[100.4,20.2],[100.4,20.3],[100.2,20.4],[100.0,20.5],[100.1,20.5],[100.4,20.7],[100.5,21.0],[100.8,21.3],[101.0,21.4],[101.1,21.4],[101.2,21.3],[101.6,21.2],[101.7,21.3],[101.8,21.5],[101.7,21.7],[101.6,21.9],[101.5,22.1],[101.6,22.3],[101.7,22.4],[102.0,22.5],[102.2,22.6]]]]}},{"type":"Feature","properties":{"NAME":"Jabal Shammar"},"geometry":{"type":"Polygon","coordinates":[[[38,30],[40,32],[44,31.5],[48,29],[48,25],[45,22],[41,22.5],[38,25],[37.5,28],[38,30]]]}}]}